pressure_bar,PC_lat-49.3,PC_lat-46.2,PC_lat-43.0,PC_lat-39.9,PC_lat-36.8,PC_lat-33.9,PC_lat-31.1,PC_lat-28.3,PC_lat-25.6,PC_lat-23.0,PC_lat-20.4,PC_lat-17.9,PC_lat-15.4,PC_lat-12.9,PC_lat-10.5,PC_lat-8.1,PC_lat-5.7,PC_lat-3.3,PC_lat-0.9,PC_lat+1.5,PC_lat+3.9,PC_lat+6.3,PC_lat+8.7,PC_lat+11.1,PC_lat+13.6,PC_lat+16.0,PC_lat+18.5,PC_lat+21.1,PC_lat+23.6,PC_lat+26.3,PC_lat+29.0,PC_lat+31.7,PC_lat+34.6,PC_lat+37.6,PC_lat+40.6,PC_lat+43.8,PC_lat+47.0
0.101395,3.2455e-07,7.8417e-08,2.9631e-07,2.7567e-07,2.1796e-07,1.9844e-07,3.0507e-07,2.4037e-07,1.5356e-07,6.6655e-08,9.7962e-08,5.3024e-08,5.7147e-08,8.3828e-08,1.6482e-07,2.3808e-07,4.0006e-07,2.0859e-07,8.4617e-08,1.8292e-07,1.9861e-07,9.5330e-08,3.2796e-08,8.5876e-08,8.4426e-08,2.1253e-07,2.7977e-07,1.5886e-07,1.1625e-07,2.5660e-07,2.0372e-07,2.7136e-07,1.5990e-07,3.1448e-07,2.4192e-07,3.0902e-07,2.3561e-07
0.102809,3.2455e-07,8.0160e-08,2.9631e-07,2.7567e-07,2.1796e-07,1.9844e-07,3.0507e-07,2.4074e-07,1.5433e-07,6.7631e-08,9.8156e-08,5.3237e-08,5.7163e-08,8.3828e-08,1.6482e-07,2.3808e-07,4.0006e-07,2.0913e-07,8.5480e-08,1.8568e-07,1.9750e-07,9.6830e-08,3.3337e-08,8.6838e-08,8.5094e-08,2.1253e-07,2.7977e-07,1.5888e-07,1.1644e-07,2.5660e-07,2.0372e-07,2.7136e-07,1.6186e-07,3.1448e-07,2.4192e-07,3.0902e-07,2.3561e-07
0.104243,3.2455e-07,8.1939e-08,2.9631e-07,2.7567e-07,2.1796e-07,1.9844e-07,3.0507e-07,2.4112e-07,1.5510e-07,6.8619e-08,9.8349e-08,5.3449e-08,5.7180e-08,8.3828e-08,1.6482e-07,2.3808e-07,4.0006e-07,2.0968e-07,8.6350e-08,1.8847e-07,1.9639e-07,9.8352e-08,3.3885e-08,8.7810e-08,8.5766e-08,2.1253e-07,2.7977e-07,1.5889e-07,1.1662e-07,2.5660e-07,2.0372e-07,2.7136e-07,1.6383e-07,3.1448e-07,2.4192e-07,3.0902e-07,2.3561e-07
0.105697,3.2455e-07,8.3755e-08,2.9631e-07,2.7567e-07,2.1796e-07,1.9844e-07,3.0507e-07,2.4149e-07,1.5588e-07,6.9621e-08,9.8543e-08,5.3663e-08,5.7195e-08,8.3828e-08,1.6482e-07,2.3809e-07,4.0006e-07,2.1022e-07,8.7228e-08,1.9130e-07,1.9529e-07,9.9895e-08,3.4442e-08,8.8791e-08,8.6442e-08,2.1253e-07,2.7978e-07,1.5890e-07,1.1681e-07,2.5660e-07,2.0372e-07,2.7136e-07,1.6583e-07,3.1448e-07,2.4192e-07,3.0902e-07,2.3561e-07
0.107172,3.2455e-07,8.5607e-08,2.9631e-07,2.7567e-07,2.1796e-07,1.9844e-07,3.0507e-07,2.4186e-07,1.5665e-07,7.0635e-08,9.8736e-08,5.3876e-08,5.7211e-08,8.3828e-08,1.6482e-07,2.3809e-07,4.0006e-07,2.1076e-07,8.8113e-08,1.9416e-07,1.9419e-07,1.0146e-07,3.5006e-08,8.9782e-08,8.7122e-08,2.1253e-07,2.7978e-07,1.5891e-07,1.1699e-07,2.5660e-07,2.0372e-07,2.7136e-07,1.6784e-07,3.1448e-07,2.4192e-07,3.0902e-07,2.3561e-07
0.108667,3.2455e-07,8.7497e-08,2.9631e-07,2.7567e-07,2.1796e-07,1.9844e-07,3.0507e-07,2.4223e-07,1.5743e-07,7.1662e-08,9.8928e-08,5.4090e-08,5.7226e-08,8.3828e-08,1.6482e-07,2.3809e-07,4.0006e-07,2.1131e-07,8.9005e-08,1.9707e-07,1.9310e-07,1.0305e-07,3.5579e-08,9.0781e-08,8.7806e-08,2.1253e-07,2.7978e-07,1.5892e-07,1.1718e-07,2.5660e-07,2.0372e-07,2.7136e-07,1.6988e-07,3.1448e-07,2.4192e-07,3.0902e-07,2.3561e-07
0.110183,3.2455e-07,8.9425e-08,2.9631e-07,2.7567e-07,2.1796e-07,1.9844e-07,3.0507e-07,2.4259e-07,1.5821e-07,7.2703e-08,9.9120e-08,5.4304e-08,5.7241e-08,8.3828e-08,1.6482e-07,2.3809e-07,4.0006e-07,2.1185e-07,8.9906e-08,2.0001e-07,1.9201e-07,1.0465e-07,3.6161e-08,9.1791e-08,8.8495e-08,2.1253e-07,2.7978e-07,1.5893e-07,1.1736e-07,2.5660e-07,2.0372e-07,2.7136e-07,1.7194e-07,3.1448e-07,2.4192e-07,3.0902e-07,2.3561e-07
0.11172,3.2455e-07,9.1393e-08,2.9631e-07,2.7567e-07,2.1796e-07,1.9844e-07,3.0507e-07,2.4296e-07,1.5899e-07,7.3757e-08,9.9312e-08,5.4519e-08,5.7255e-08,8.3828e-08,1.6482e-07,2.3809e-07,4.0006e-07,2.1239e-07,9.0813e-08,2.0299e-07,1.9093e-07,1.0628e-07,3.6751e-08,9.2809e-08,8.9187e-08,2.1253e-07,2.7978e-07,1.5894e-07,1.1754e-07,2.5660e-07,2.0372e-07,2.7136e-07,1.7402e-07,3.1448e-07,2.4192e-07,3.0902e-07,2.3561e-07
0.113278,3.2455e-07,9.3530e-08,2.9631e-07,2.7567e-07,2.1796e-07,1.9844e-07,3.0522e-07,2.4359e-07,1.5997e-07,7.4942e-08,9.9696e-08,5.4886e-08,5.7426e-08,8.3828e-08,1.6482e-07,2.3809e-07,4.0006e-07,2.1337e-07,9.1886e-08,2.0643e-07,1.9013e-07,1.0813e-07,3.7417e-08,9.4058e-08,9.0037e-08,2.1253e-07,2.7978e-07,1.5923e-07,1.1795e-07,2.5660e-07,2.0372e-07,2.7136e-07,1.7654e-07,3.1448e-07,2.4192e-07,3.0902e-07,2.3561e-07
0.114858,3.2455e-07,9.6455e-08,2.9631e-07,2.7567e-07,2.1867e-07,1.9958e-07,3.0759e-07,2.4571e-07,1.6204e-07,7.6817e-08,1.0116e-07,5.6123e-08,5.8479e-08,8.4844e-08,1.6743e-07,2.3995e-07,4.0159e-07,2.1684e-07,9.3862e-08,2.1232e-07,1.9088e-07,1.1109e-07,3.8480e-08,9.6579e-08,9.1766e-08,2.1382e-07,2.8180e-07,1.6109e-07,1.1966e-07,2.5842e-07,2.0502e-07,2.7201e-07,1.8150e-07,3.1663e-07,2.4192e-07,3.0948e-07,2.3561e-07
0.11646,3.2455e-07,9.9466e-08,2.9631e-07,2.7567e-07,2.1939e-07,2.0073e-07,3.0998e-07,2.4784e-07,1.6413e-07,7.8734e-08,1.0265e-07,5.7385e-08,5.9550e-08,8.5871e-08,1.7008e-07,2.4183e-07,4.0313e-07,2.2037e-07,9.5877e-08,2.1837e-07,1.9163e-07,1.1412e-07,3.9572e-08,9.9163e-08,9.3526e-08,2.1512e-07,2.8383e-07,1.6297e-07,1.2139e-07,2.6024e-07,2.0633e-07,2.7267e-07,1.8659e-07,3.1879e-07,2.4192e-07,3.0994e-07,2.3561e-07
0.118085,3.2455e-07,1.0256e-07,2.9631e-07,2.7567e-07,2.2010e-07,2.0187e-07,3.1238e-07,2.4999e-07,1.6624e-07,8.0696e-08,1.0416e-07,5.8674e-08,6.0638e-08,8.6908e-08,1.7276e-07,2.4372e-07,4.0466e-07,2.2394e-07,9.7931e-08,2.2457e-07,1.9238e-07,1.1723e-07,4.0692e-08,1.0181e-07,9.5315e-08,2.1643e-07,2.8587e-07,1.6486e-07,1.2314e-07,2.6208e-07,2.0764e-07,2.7332e-07,1.9181e-07,3.2096e-07,2.4192e-07,3.1040e-07,2.3562e-07
0.119732,3.2455e-07,1.0575e-07,2.9631e-07,2.7567e-07,2.2082e-07,2.0303e-07,3.1480e-07,2.5215e-07,1.6838e-07,8.2703e-08,1.0568e-07,5.9989e-08,6.1744e-08,8.7956e-08,1.7549e-07,2.4562e-07,4.0620e-07,2.2756e-07,1.0003e-07,2.3094e-07,1.9313e-07,1.2043e-07,4.1842e-08,1.0452e-07,9.7136e-08,2.1774e-07,2.8792e-07,1.6678e-07,1.2492e-07,2.6392e-07,2.0896e-07,2.7398e-07,1.9716e-07,3.2313e-07,2.4192e-07,3.1086e-07,2.3562e-07
0.121402,3.2455e-07,1.0904e-07,2.9631e-07,2.7567e-07,2.2154e-07,2.0419e-07,3.1723e-07,2.5432e-07,1.7054e-07,8.4757e-08,1.0723e-07,6.1331e-08,6.2869e-08,8.9015e-08,1.7825e-07,2.4753e-07,4.0774e-07,2.3124e-07,1.0216e-07,2.3748e-07,1.9388e-07,1.2370e-07,4.3022e-08,1.0731e-07,9.8988e-08,2.1906e-07,2.8999e-07,1.6871e-07,1.2671e-07,2.6577e-07,2.1028e-07,2.7463e-07,2.0266e-07,3.2532e-07,2.4192e-07,3.1131e-07,2.3562e-07
0.123095,3.2455e-07,1.1241e-07,2.9631e-07,2.7567e-07,2.2225e-07,2.0535e-07,3.1967e-07,2.5651e-07,1.7272e-07,8.6857e-08,1.0879e-07,6.2701e-08,6.4013e-08,9.0085e-08,1.8105e-07,2.4946e-07,4.0928e-07,2.3497e-07,1.0434e-07,2.4419e-07,1.9463e-07,1.2705e-07,4.4233e-08,1.1015e-07,1.0087e-07,2.2038e-07,2.9206e-07,1.7067e-07,1.2853e-07,2.6764e-07,2.1161e-07,2.7529e-07,2.0830e-07,3.2752e-07,2.4192e-07,3.1177e-07,2.3562e-07
0.124813,3.2455e-07,1.1589e-07,2.9632e-07,2.7567e-07,2.2297e-07,2.0651e-07,3.2213e-07,2.5872e-07,1.7493e-07,8.9006e-08,1.1038e-07,6.4099e-08,6.5175e-08,9.1166e-08,1.8389e-07,2.5139e-07,4.1082e-07,2.3875e-07,1.0656e-07,2.5107e-07,1.9539e-07,1.3049e-07,4.5475e-08,1.1307e-07,1.0279e-07,2.2170e-07,2.9415e-07,1.7264e-07,1.3037e-07,2.6951e-07,2.1295e-07,2.7594e-07,2.1408e-07,3.2973e-07,2.4192e-07,3.1222e-07,2.3562e-07
0.126554,3.2455e-07,1.1946e-07,2.9632e-07,2.7567e-07,2.2369e-07,2.0768e-07,3.2460e-07,2.6093e-07,1.7717e-07,9.1204e-08,1.1199e-07,6.5526e-08,6.6356e-08,9.2258e-08,1.8677e-07,2.5334e-07,4.1237e-07,2.4259e-07,1.0883e-07,2.5814e-07,1.9614e-07,1.3401e-07,4.6750e-08,1.1607e-07,1.0474e-07,2.2304e-07,2.9625e-07,1.7463e-07,1.3224e-07,2.7139e-07,2.1429e-07,2.7659e-07,2.2001e-07,3.3195e-07,2.4192e-07,3.1267e-07,2.3562e-07
0.128319,3.2455e-07,1.2314e-07,2.9632e-07,2.7567e-07,2.2440e-07,2.0886e-07,3.2709e-07,2.6317e-07,1.7942e-07,9.3452e-08,1.1361e-07,6.6982e-08,6.7557e-08,9.3361e-08,1.8969e-07,2.5529e-07,4.1392e-07,2.4648e-07,1.1113e-07,2.6539e-07,1.9690e-07,1.3763e-07,4.8059e-08,1.1913e-07,1.0672e-07,2.2437e-07,2.9835e-07,1.7664e-07,1.3413e-07,2.7328e-07,2.1564e-07,2.7724e-07,2.2610e-07,3.3419e-07,2.4192e-07,3.1312e-07,2.3562e-07
0.130109,3.2455e-07,1.2674e-07,2.9632e-07,2.7567e-07,2.2497e-07,2.0988e-07,3.2922e-07,2.6502e-07,1.8147e-07,9.5689e-08,1.1530e-07,6.8613e-08,6.8902e-08,9.4596e-08,1.9312e-07,2.5783e-07,4.1626e-07,2.5060e-07,1.1339e-07,2.7291e-07,1.9748e-07,1.4125e-07,4.9367e-08,1.2237e-07,1.0866e-07,2.2540e-07,3.0015e-07,1.7858e-07,1.3603e-07,2.7491e-07,2.1683e-07,2.7773e-07,2.3265e-07,3.3627e-07,2.4192e-07,3.1342e-07,2.3562e-07
0.131924,3.2455e-07,1.3014e-07,2.9632e-07,2.7567e-07,2.2528e-07,2.1066e-07,3.3077e-07,2.6621e-07,1.8315e-07,9.7869e-08,1.1705e-07,7.0526e-08,7.0482e-08,9.6047e-08,1.9740e-07,2.6135e-07,4.1993e-07,2.5506e-07,1.1553e-07,2.8076e-07,1.9776e-07,1.4483e-07,5.0652e-08,1.2588e-07,1.1048e-07,2.2591e-07,3.0141e-07,1.8037e-07,1.3794e-07,2.7611e-07,2.1776e-07,2.7796e-07,2.3991e-07,3.3809e-07,2.4192e-07,3.1347e-07,2.3562e-07
0.133764,3.2455e-07,1.3363e-07,2.9632e-07,2.7567e-07,2.2560e-07,2.1143e-07,3.3232e-07,2.6740e-07,1.8485e-07,1.0010e-07,1.1883e-07,7.2488e-08,7.2096e-08,9.7518e-08,2.0177e-07,2.6490e-07,4.2363e-07,2.5959e-07,1.1770e-07,2.8882e-07,1.9804e-07,1.4849e-07,5.1968e-08,1.2948e-07,1.1234e-07,2.2642e-07,3.0268e-07,1.8218e-07,1.3986e-07,2.7730e-07,2.1870e-07,2.7819e-07,2.4738e-07,3.3992e-07,2.4192e-07,3.1353e-07,2.3562e-07
0.13563,3.2455e-07,1.3720e-07,2.9632e-07,2.7567e-07,2.2591e-07,2.1221e-07,3.3387e-07,2.6859e-07,1.8655e-07,1.0237e-07,1.2064e-07,7.4502e-08,7.3743e-08,9.9009e-08,2.0623e-07,2.6850e-07,4.2735e-07,2.6420e-07,1.1991e-07,2.9709e-07,1.9832e-07,1.5224e-07,5.3315e-08,1.3317e-07,1.1422e-07,2.2693e-07,3.0395e-07,1.8400e-07,1.4182e-07,2.7850e-07,2.1963e-07,2.7841e-07,2.5506e-07,3.4176e-07,2.4192e-07,3.1358e-07,2.3562e-07
0.137522,3.2455e-07,1.4085e-07,2.9632e-07,2.7567e-07,2.2622e-07,2.1298e-07,3.3542e-07,2.6979e-07,1.8827e-07,1.0469e-07,1.2247e-07,7.6567e-08,7.5425e-08,1.0052e-07,2.1078e-07,2.7214e-07,4.3110e-07,2.6888e-07,1.2216e-07,3.0559e-07,1.9860e-07,1.5608e-07,5.4695e-08,1.3697e-07,1.1613e-07,2.2744e-07,3.0522e-07,1.8584e-07,1.4379e-07,2.7970e-07,2.2057e-07,2.7863e-07,2.6297e-07,3.4360e-07,2.4192e-07,3.1363e-07,2.3562e-07
0.13944,3.2455e-07,1.4460e-07,2.9632e-07,2.7567e-07,2.2653e-07,2.1376e-07,3.3698e-07,2.6991e-07,1.9000e-07,1.0706e-07,1.2432e-07,7.8686e-08,7.7143e-08,1.0205e-07,2.1542e-07,2.7582e-07,4.3487e-07,2.7364e-07,1.2445e-07,3.1431e-07,1.9888e-07,1.6000e-07,5.6108e-08,1.4086e-07,1.1806e-07,2.2795e-07,3.0649e-07,1.8769e-07,1.4579e-07,2.8090e-07,2.2151e-07,2.7885e-07,2.7111e-07,3.4545e-07,2.4192e-07,3.1368e-07,2.3562e-07
0.141385,3.2455e-07,1.4844e-07,2.9632e-07,2.7567e-07,2.2684e-07,2.1454e-07,3.3854e-07,2.6991e-07,1.9174e-07,1.0948e-07,1.2620e-07,8.0859e-08,7.8897e-08,1.0360e-07,2.2015e-07,2.7954e-07,4.3867e-07,2.7847e-07,1.2678e-07,3.2326e-07,1.9916e-07,1.6402e-07,5.7555e-08,1.4486e-07,1.2003e-07,2.2846e-07,3.0777e-07,1.8956e-07,1.4782e-07,2.8211e-07,2.2245e-07,2.7907e-07,2.7949e-07,3.4730e-07,2.4192e-07,3.1372e-07,2.3562e-07
0.143357,3.2455e-07,1.5238e-07,2.9632e-07,2.7567e-07,2.2715e-07,2.1532e-07,3.4011e-07,2.6991e-07,1.9350e-07,1.1194e-07,1.2811e-07,8.3088e-08,8.0687e-08,1.0518e-07,2.2498e-07,2.8331e-07,4.4249e-07,2.8338e-07,1.2914e-07,3.3245e-07,1.9944e-07,1.6813e-07,5.9036e-08,1.4896e-07,1.2203e-07,2.2897e-07,3.0904e-07,1.9144e-07,1.4987e-07,2.8332e-07,2.2339e-07,2.7928e-07,2.8810e-07,3.4916e-07,2.4192e-07,3.1377e-07,2.3562e-07
0.145357,3.2455e-07,1.5641e-07,2.9632e-07,2.7567e-07,2.2746e-07,2.1610e-07,3.4168e-07,2.6991e-07,1.9527e-07,1.1446e-07,1.3004e-07,8.5374e-08,8.2514e-08,1.0677e-07,2.2991e-07,2.8713e-07,4.4635e-07,2.8837e-07,1.3155e-07,3.4188e-07,1.9971e-07,1.7234e-07,6.0552e-08,1.5317e-07,1.2405e-07,2.2948e-07,3.1032e-07,1.9334e-07,1.5194e-07,2.8453e-07,2.2433e-07,2.7950e-07,2.9696e-07,3.5102e-07,2.4192e-07,3.1381e-07,2.3562e-07
0.147385,3.2456e-07,1.6054e-07,2.9632e-07,2.7567e-07,2.2776e-07,2.1688e-07,3.4325e-07,2.6991e-07,1.9705e-07,1.1703e-07,1.3199e-07,8.7719e-08,8.4380e-08,1.0839e-07,2.3493e-07,2.9098e-07,4.5022e-07,2.9343e-07,1.3399e-07,3.5156e-07,1.9999e-07,1.7664e-07,6.2105e-08,1.5749e-07,1.2611e-07,2.2998e-07,3.1161e-07,1.9525e-07,1.5404e-07,2.8574e-07,2.2528e-07,2.7958e-07,3.0608e-07,3.5290e-07,2.4192e-07,3.1385e-07,2.3562e-07
0.14944,3.2456e-07,1.6445e-07,2.9632e-07,2.7567e-07,2.2812e-07,2.1757e-07,3.4440e-07,2.6991e-07,1.9857e-07,1.1960e-07,1.3414e-07,9.0327e-08,8.6494e-08,1.1022e-07,2.4075e-07,2.9574e-07,4.5563e-07,2.9889e-07,1.3630e-07,3.6150e-07,2.0012e-07,1.8086e-07,6.3558e-08,1.6190e-07,1.2800e-07,2.3019e-07,3.1266e-07,1.9706e-07,1.5612e-07,2.8660e-07,2.2602e-07,2.7958e-07,3.1564e-07,3.5457e-07,2.4192e-07,3.1398e-07,2.3562e-07
0.151525,3.2456e-07,1.6824e-07,2.9632e-07,2.7567e-07,2.2850e-07,2.1820e-07,3.4527e-07,2.6991e-07,1.9990e-07,1.2216e-07,1.3643e-07,9.3147e-08,8.8799e-08,1.1220e-07,2.4717e-07,3.0113e-07,4.6211e-07,3.0464e-07,1.3852e-07,3.7170e-07,2.0014e-07,1.8505e-07,6.4951e-08,1.6642e-07,1.2980e-07,2.3020e-07,3.1356e-07,1.9881e-07,1.5820e-07,2.8722e-07,2.2664e-07,2.7958e-07,3.2561e-07,3.5612e-07,2.4192e-07,3.1417e-07,2.3562e-07
0.153639,3.2456e-07,1.7211e-07,2.9632e-07,2.7567e-07,2.2889e-07,2.1882e-07,3.4613e-07,2.6991e-07,2.0124e-07,1.2478e-07,1.3875e-07,9.6048e-08,9.1162e-08,1.1422e-07,2.5375e-07,3.0661e-07,4.6867e-07,3.1049e-07,1.4077e-07,3.8217e-07,2.0017e-07,1.8933e-07,6.6373e-08,1.7105e-07,1.3162e-07,2.3021e-07,3.1446e-07,2.0057e-07,1.6030e-07,2.8784e-07,2.2725e-07,2.7958e-07,3.3588e-07,3.5767e-07,2.4192e-07,3.1435e-07,2.3562e-07
0.155782,3.2456e-07,1.7606e-07,2.9632e-07,2.7568e-07,2.2927e-07,2.1945e-07,3.4699e-07,2.6991e-07,2.0259e-07,1.2745e-07,1.4111e-07,9.9035e-08,9.3582e-08,1.1627e-07,2.6049e-07,3.1218e-07,4.7531e-07,3.1645e-07,1.4306e-07,3.9291e-07,2.0020e-07,1.9370e-07,6.7822e-08,1.7580e-07,1.3346e-07,2.3022e-07,3.1536e-07,2.0234e-07,1.6242e-07,2.8845e-07,2.2786e-07,2.7958e-07,3.4645e-07,3.5922e-07,2.4192e-07,3.1453e-07,2.3562e-07
0.157955,3.2456e-07,1.8010e-07,2.9632e-07,2.7568e-07,2.2965e-07,2.2008e-07,3.4785e-07,2.6991e-07,2.0395e-07,1.3018e-07,1.4351e-07,1.0211e-07,9.6063e-08,1.1835e-07,2.6740e-07,3.1785e-07,4.8203e-07,3.2250e-07,1.4538e-07,4.0394e-07,2.0022e-07,1.9817e-07,6.9301e-08,1.8068e-07,1.3532e-07,2.3022e-07,3.1626e-07,2.0412e-07,1.6457e-07,2.8907e-07,2.2847e-07,2.7958e-07,3.5732e-07,3.6078e-07,2.4192e-07,3.1471e-07,2.3562e-07
0.160158,3.2456e-07,1.8422e-07,2.9632e-07,2.7568e-07,2.3003e-07,2.2071e-07,3.4871e-07,2.6991e-07,2.0531e-07,1.3295e-07,1.4594e-07,1.0527e-07,9.8604e-08,1.2047e-07,2.7448e-07,3.2360e-07,4.8884e-07,3.2867e-07,1.4773e-07,4.1525e-07,2.0024e-07,2.0273e-07,7.0809e-08,1.8568e-07,1.3720e-07,2.3023e-07,3.1716e-07,2.0592e-07,1.6674e-07,2.8969e-07,2.2909e-07,2.7958e-07,3.6852e-07,3.6233e-07,2.4192e-07,3.1489e-07,2.3562e-07
0.162392,3.2456e-07,1.8842e-07,2.9632e-07,2.7568e-07,2.3041e-07,2.2134e-07,3.4957e-07,2.6991e-07,2.0668e-07,1.3578e-07,1.4841e-07,1.0852e-07,1.0121e-07,1.2262e-07,2.8173e-07,3.2945e-07,4.9572e-07,3.3494e-07,1.5011e-07,4.2685e-07,2.0026e-07,2.0738e-07,7.2347e-08,1.9081e-07,1.3911e-07,2.3023e-07,3.1806e-07,2.0773e-07,1.6894e-07,2.9030e-07,2.2970e-07,2.7958e-07,3.8004e-07,3.6390e-07,2.4192e-07,3.1507e-07,2.3562e-07
0.164657,3.2456e-07,1.9272e-07,2.9632e-07,2.7568e-07,2.3079e-07,2.2196e-07,3.5043e-07,2.6991e-07,2.0805e-07,1.3867e-07,1.5091e-07,1.1187e-07,1.0387e-07,1.2481e-07,2.8916e-07,3.3539e-07,5.0270e-07,3.4132e-07,1.5253e-07,4.3876e-07,2.0028e-07,2.1214e-07,7.3916e-08,1.9607e-07,1.4104e-07,2.3023e-07,3.1896e-07,2.0955e-07,1.7116e-07,2.9092e-07,2.3031e-07,2.7958e-07,3.9189e-07,3.6546e-07,2.4192e-07,3.1524e-07,2.3562e-07
0.166954,3.2456e-07,1.9710e-07,2.9632e-07,2.7568e-07,2.3116e-07,2.2259e-07,3.5129e-07,2.6991e-07,2.0943e-07,1.4161e-07,1.5346e-07,1.1532e-07,1.0661e-07,1.2703e-07,2.9677e-07,3.4143e-07,5.0976e-07,3.4780e-07,1.5499e-07,4.5097e-07,2.0030e-07,2.1699e-07,7.5516e-08,2.0146e-07,1.4300e-07,2.3023e-07,3.1986e-07,2.1138e-07,1.7341e-07,2.9153e-07,2.3092e-07,2.7958e-07,4.0410e-07,3.6703e-07,2.4192e-07,3.1541e-07,2.3562e-07
0.169283,3.2456e-07,2.0158e-07,2.9632e-07,2.7568e-07,2.3154e-07,2.2322e-07,3.5214e-07,2.6991e-07,2.1082e-07,1.4461e-07,1.5604e-07,1.1886e-07,1.0941e-07,1.2928e-07,3.0456e-07,3.4757e-07,5.1690e-07,3.5440e-07,1.5748e-07,4.6350e-07,2.0032e-07,2.2194e-07,7.7147e-08,2.0699e-07,1.4497e-07,2.3023e-07,3.2076e-07,2.1323e-07,1.7569e-07,2.9215e-07,2.3153e-07,2.7958e-07,4.1665e-07,3.6860e-07,2.4192e-07,3.1559e-07,2.3562e-07
0.171644,3.2456e-07,2.0607e-07,2.9632e-07,2.7568e-07,2.3257e-07,2.2420e-07,3.5306e-07,2.6991e-07,2.1228e-07,1.4782e-07,1.5917e-07,1.2272e-07,1.1243e-07,1.3181e-07,3.1301e-07,3.5471e-07,5.2591e-07,3.6165e-07,1.5997e-07,4.7606e-07,2.0056e-07,2.2670e-07,7.8446e-08,2.1209e-07,1.4655e-07,2.3033e-07,3.2189e-07,2.1511e-07,1.7783e-07,2.9257e-07,2.3219e-07,2.8019e-07,4.2861e-07,3.7030e-07,2.4244e-07,3.1651e-07,2.3612e-07
0.174039,3.2456e-07,2.1064e-07,2.9632e-07,2.7575e-07,2.3375e-07,2.2527e-07,3.5399e-07,2.6991e-07,2.1376e-07,1.5114e-07,1.6246e-07,1.2676e-07,1.1557e-07,1.3444e-07,3.2178e-07,3.6219e-07,5.3544e-07,3.6915e-07,1.6249e-07,4.8887e-07,2.0085e-07,2.3148e-07,7.9684e-08,2.1719e-07,1.4804e-07,2.3044e-07,3.2307e-07,2.1702e-07,1.7995e-07,2.9295e-07,2.3285e-07,2.8094e-07,4.4067e-07,3.7204e-07,2.4315e-07,3.1761e-07,2.3685e-07
0.176466,3.2456e-07,2.1531e-07,2.9632e-07,2.7583e-07,2.3494e-07,2.2634e-07,3.5492e-07,2.6991e-07,2.1525e-07,1.5452e-07,1.6581e-07,1.3091e-07,1.1878e-07,1.3712e-07,3.3077e-07,3.6981e-07,5.4513e-07,3.7679e-07,1.6504e-07,5.0200e-07,2.0114e-07,2.3635e-07,8.0940e-08,2.2240e-07,1.4955e-07,2.3056e-07,3.2426e-07,2.1894e-07,1.8210e-07,2.9333e-07,2.3351e-07,2.8169e-07,4.5305e-07,3.7378e-07,2.4387e-07,3.1870e-07,2.3757e-07
0.178928,3.2456e-07,2.2006e-07,2.9632e-07,2.7590e-07,2.3613e-07,2.2741e-07,3.5584e-07,2.6991e-07,2.1674e-07,1.5798e-07,1.6923e-07,1.3519e-07,1.2208e-07,1.3984e-07,3.4000e-07,3.7757e-07,5.5498e-07,3.8457e-07,1.6763e-07,5.1545e-07,2.0143e-07,2.4131e-07,8.2213e-08,2.2772e-07,1.5108e-07,2.3068e-07,3.2545e-07,2.2087e-07,1.8427e-07,2.9370e-07,2.3418e-07,2.8244e-07,4.6576e-07,3.7553e-07,2.4458e-07,3.1979e-07,2.3830e-07
0.181424,3.2456e-07,2.2492e-07,2.9632e-07,2.7597e-07,2.3732e-07,2.2849e-07,3.5677e-07,2.6991e-07,2.1824e-07,1.6150e-07,1.7271e-07,1.3961e-07,1.2547e-07,1.4262e-07,3.4947e-07,3.8549e-07,5.6499e-07,3.9250e-07,1.7026e-07,5.2923e-07,2.0172e-07,2.4637e-07,8.3504e-08,2.3316e-07,1.5261e-07,2.3079e-07,3.2664e-07,2.2281e-07,1.8646e-07,2.9408e-07,2.3484e-07,2.8319e-07,4.7879e-07,3.7728e-07,2.4530e-07,3.2089e-07,2.3903e-07
0.183954,3.2456e-07,2.2987e-07,2.9632e-07,2.7604e-07,2.3851e-07,2.2957e-07,3.5769e-07,2.6991e-07,2.1976e-07,1.6510e-07,1.7626e-07,1.4416e-07,1.2894e-07,1.4544e-07,3.5918e-07,3.9355e-07,5.7516e-07,4.0058e-07,1.7292e-07,5.4336e-07,2.0200e-07,2.5153e-07,8.4813e-08,2.3872e-07,1.5416e-07,2.3090e-07,3.2783e-07,2.2477e-07,1.8868e-07,2.9445e-07,2.3550e-07,2.8393e-07,4.9216e-07,3.7903e-07,2.4601e-07,3.2199e-07,2.3976e-07
0.18652,3.2456e-07,2.3492e-07,2.9632e-07,2.7611e-07,2.3971e-07,2.3065e-07,3.5862e-07,2.6991e-07,2.2127e-07,1.6877e-07,1.7988e-07,1.4885e-07,1.3250e-07,1.4831e-07,3.6914e-07,4.0177e-07,5.8549e-07,4.0880e-07,1.7562e-07,5.5784e-07,2.0229e-07,2.5678e-07,8.6140e-08,2.4440e-07,1.5572e-07,2.3101e-07,3.2902e-07,2.2675e-07,1.9091e-07,2.9482e-07,2.3616e-07,2.8468e-07,5.0587e-07,3.8079e-07,2.4673e-07,3.2308e-07,2.4049e-07
0.189122,3.2456e-07,2.4008e-07,2.9632e-07,2.7618e-07,2.4091e-07,2.3173e-07,3.5954e-07,2.6991e-07,2.2280e-07,1.7251e-07,1.8356e-07,1.5368e-07,1.3615e-07,1.5124e-07,3.7936e-07,4.1014e-07,5.9600e-07,4.1719e-07,1.7836e-07,5.7267e-07,2.0257e-07,2.6214e-07,8.7486e-08,2.5020e-07,1.5729e-07,2.3112e-07,3.3021e-07,2.2873e-07,1.9317e-07,2.9519e-07,2.3683e-07,2.8543e-07,5.1994e-07,3.8255e-07,2.4744e-07,3.2418e-07,2.4122e-07
0.19176,3.2456e-07,2.4533e-07,2.9632e-07,2.7624e-07,2.4212e-07,2.3282e-07,3.6047e-07,2.6991e-07,2.2433e-07,1.7633e-07,1.8731e-07,1.5865e-07,1.3990e-07,1.5422e-07,3.8983e-07,4.1868e-07,6.0667e-07,4.2573e-07,1.8113e-07,5.8787e-07,2.0285e-07,2.6759e-07,8.8850e-08,2.5613e-07,1.5888e-07,2.3123e-07,3.3140e-07,2.3073e-07,1.9545e-07,2.9556e-07,2.3749e-07,2.8618e-07,5.3437e-07,3.8432e-07,2.4816e-07,3.2528e-07,2.4195e-07
0.194435,3.2456e-07,2.5073e-07,2.9632e-07,2.7644e-07,2.4342e-07,2.3397e-07,3.6146e-07,2.6991e-07,2.2593e-07,1.8027e-07,1.9119e-07,1.6378e-07,1.4375e-07,1.5727e-07,4.0056e-07,4.2742e-07,6.1763e-07,4.3450e-07,1.8398e-07,6.0341e-07,2.0321e-07,2.7316e-07,9.0215e-08,2.6216e-07,1.6047e-07,2.3139e-07,3.3269e-07,2.3278e-07,1.9776e-07,2.9600e-07,2.3820e-07,2.8702e-07,5.4913e-07,3.8616e-07,2.4897e-07,3.2648e-07,2.4279e-07
0.197147,3.2727e-07,2.5706e-07,2.9753e-07,2.7958e-07,2.4679e-07,2.3653e-07,3.6398e-07,2.7008e-07,2.2881e-07,1.8518e-07,1.9660e-07,1.6920e-07,1.4776e-07,1.6071e-07,4.1115e-07,4.3741e-07,6.3148e-07,4.4508e-07,1.8763e-07,6.1881e-07,2.0512e-07,2.7893e-07,9.1178e-08,2.6754e-07,1.6196e-07,2.3290e-07,3.3610e-07,2.3568e-07,2.0024e-07,2.9796e-07,2.4010e-07,2.9004e-07,5.6334e-07,3.8973e-07,2.5200e-07,3.3006e-07,2.4626e-07
0.199897,3.3000e-07,2.6353e-07,2.9875e-07,2.8274e-07,2.5021e-07,2.3913e-07,3.6652e-07,2.7025e-07,2.3173e-07,1.9021e-07,2.0214e-07,1.7478e-07,1.5188e-07,1.6423e-07,4.2200e-07,4.4762e-07,6.4561e-07,4.5591e-07,1.9134e-07,6.3457e-07,2.0705e-07,2.8481e-07,9.2149e-08,2.7301e-07,1.6346e-07,2.3441e-07,3.3954e-07,2.3861e-07,2.0275e-07,2.9993e-07,2.4201e-07,2.9308e-07,5.7789e-07,3.9332e-07,2.5505e-07,3.3367e-07,2.4978e-07
0.202686,3.3275e-07,2.7015e-07,2.9996e-07,2.8594e-07,2.5367e-07,2.4174e-07,3.6906e-07,2.7042e-07,2.3467e-07,1.9537e-07,2.0784e-07,1.8053e-07,1.5611e-07,1.6782e-07,4.3312e-07,4.5805e-07,6.6004e-07,4.6697e-07,1.9512e-07,6.5070e-07,2.0900e-07,2.9081e-07,9.3129e-08,2.7859e-07,1.6497e-07,2.3593e-07,3.4301e-07,2.4156e-07,2.0528e-07,3.0191e-07,2.4393e-07,2.9615e-07,5.9278e-07,3.9694e-07,2.5814e-07,3.3731e-07,2.5334e-07
0.205513,3.3551e-07,2.7692e-07,3.0118e-07,2.8917e-07,2.5717e-07,2.4438e-07,3.7162e-07,2.7058e-07,2.3765e-07,2.0066e-07,2.1368e-07,1.8646e-07,1.6045e-07,1.7148e-07,4.4450e-07,4.6870e-07,6.7476e-07,4.7828e-07,1.9897e-07,6.6720e-07,2.1096e-07,2.9692e-07,9.4118e-08,2.8427e-07,1.6649e-07,2.3746e-07,3.4651e-07,2.4456e-07,2.0784e-07,3.0390e-07,2.4587e-07,2.9925e-07,6.0802e-07,4.0059e-07,2.6127e-07,3.4099e-07,2.5694e-07
0.20838,3.3830e-07,2.8385e-07,3.0240e-07,2.9243e-07,2.6072e-07,2.4704e-07,3.7420e-07,2.7074e-07,2.4066e-07,2.0608e-07,2.1968e-07,1.9257e-07,1.6490e-07,1.7521e-07,4.5616e-07,4.7957e-07,6.8978e-07,4.8985e-07,2.0288e-07,6.8409e-07,2.1293e-07,3.0315e-07,9.5115e-08,2.9006e-07,1.6802e-07,2.3899e-07,3.5004e-07,2.4758e-07,2.1043e-07,3.0590e-07,2.4781e-07,3.0237e-07,6.2363e-07,4.0426e-07,2.6442e-07,3.4470e-07,2.6059e-07
0.211286,3.4110e-07,2.9094e-07,3.0362e-07,2.9572e-07,2.6430e-07,2.4973e-07,3.7678e-07,2.7090e-07,2.4370e-07,2.1163e-07,2.2583e-07,1.9886e-07,1.6946e-07,1.7902e-07,4.6810e-07,4.9068e-07,7.0510e-07,5.0167e-07,2.0687e-07,7.0138e-07,2.1492e-07,3.0949e-07,9.6121e-08,2.9596e-07,1.6957e-07,2.4053e-07,3.5360e-07,2.5063e-07,2.1305e-07,3.0791e-07,2.4977e-07,3.0552e-07,6.3961e-07,4.0796e-07,2.6761e-07,3.4844e-07,2.6429e-07
0.214234,3.4391e-07,2.9820e-07,3.0485e-07,2.9904e-07,2.6793e-07,2.5244e-07,3.7938e-07,2.7106e-07,2.4678e-07,2.1733e-07,2.3214e-07,2.0535e-07,1.7414e-07,1.8290e-07,4.8033e-07,5.0202e-07,7.2074e-07,5.1375e-07,2.1093e-07,7.1907e-07,2.1693e-07,3.1596e-07,9.7136e-08,3.0196e-07,1.7113e-07,2.4208e-07,3.5718e-07,2.5372e-07,2.1569e-07,3.0992e-07,2.5174e-07,3.0870e-07,6.5596e-07,4.1168e-07,2.7083e-07,3.5222e-07,2.6803e-07
0.217222,3.4675e-07,3.0562e-07,3.0607e-07,3.0239e-07,2.7161e-07,2.5518e-07,3.8199e-07,2.7122e-07,2.4989e-07,2.2317e-07,2.3861e-07,2.1204e-07,1.7894e-07,1.8686e-07,4.9286e-07,5.1361e-07,7.3669e-07,5.2610e-07,2.1506e-07,7.3717e-07,2.1895e-07,3.2255e-07,9.8160e-08,3.0807e-07,1.7269e-07,2.4363e-07,3.6080e-07,2.5684e-07,2.1836e-07,3.1195e-07,2.5372e-07,3.1190e-07,6.7269e-07,4.1544e-07,2.7408e-07,3.5603e-07,2.7181e-07
0.220252,3.4960e-07,3.1321e-07,3.0730e-07,3.0577e-07,2.7532e-07,2.5794e-07,3.8462e-07,2.7138e-07,2.5303e-07,2.2915e-07,2.4525e-07,2.1893e-07,1.8386e-07,1.9090e-07,5.0569e-07,5.2543e-07,7.5297e-07,5.3872e-07,2.1926e-07,7.5568e-07,2.2098e-07,3.2927e-07,9.9193e-08,3.1430e-07,1.7427e-07,2.4519e-07,3.6445e-07,2.5999e-07,2.2106e-07,3.1399e-07,2.5571e-07,3.1514e-07,6.8982e-07,4.1922e-07,2.7737e-07,3.5987e-07,2.7565e-07
0.223324,3.5407e-07,3.2162e-07,3.0990e-07,3.1054e-07,2.8003e-07,2.6141e-07,3.8832e-07,2.7244e-07,2.5715e-07,2.3587e-07,2.5278e-07,2.2616e-07,1.8900e-07,1.9527e-07,5.1901e-07,5.3830e-07,7.7103e-07,5.5255e-07,2.2414e-07,7.7559e-07,2.2391e-07,3.3660e-07,1.0024e-07,3.2062e-07,1.7609e-07,2.4762e-07,3.6946e-07,2.6383e-07,2.2406e-07,3.1710e-07,2.5853e-07,3.1966e-07,7.0733e-07,4.2403e-07,2.8174e-07,3.6498e-07,2.8077e-07
0.22644,3.6306e-07,3.3206e-07,3.1632e-07,3.1917e-07,2.8749e-07,2.6684e-07,3.9504e-07,2.7603e-07,2.6399e-07,2.4448e-07,2.6254e-07,2.3396e-07,1.9451e-07,2.0045e-07,5.3322e-07,5.5368e-07,7.9362e-07,5.6932e-07,2.3081e-07,7.9870e-07,2.2933e-07,3.4547e-07,1.0132e-07,3.2700e-07,1.7857e-07,2.5246e-07,3.7828e-07,2.6956e-07,2.2785e-07,3.2324e-07,2.6364e-07,3.2776e-07,7.2517e-07,4.3171e-07,2.8914e-07,3.7357e-07,2.8951e-07
0.229598,3.7225e-07,3.4282e-07,3.2287e-07,3.2803e-07,2.9513e-07,2.7237e-07,4.0185e-07,2.7967e-07,2.7100e-07,2.5337e-07,2.7266e-07,2.4201e-07,2.0017e-07,2.0576e-07,5.4778e-07,5.6946e-07,8.1683e-07,5.8657e-07,2.3767e-07,8.2244e-07,2.3487e-07,3.5455e-07,1.0240e-07,3.3351e-07,1.8108e-07,2.5738e-07,3.8728e-07,2.7541e-07,2.3170e-07,3.2948e-07,2.6884e-07,3.3605e-07,7.4342e-07,4.3951e-07,2.9672e-07,3.8235e-07,2.9849e-07
0.232801,3.8167e-07,3.5390e-07,3.2954e-07,3.3711e-07,3.0296e-07,2.7800e-07,4.0878e-07,2.8334e-07,2.7818e-07,2.6257e-07,2.8314e-07,2.5032e-07,2.0598e-07,2.1120e-07,5.6271e-07,5.8566e-07,8.4066e-07,6.0431e-07,2.4472e-07,8.4685e-07,2.4054e-07,3.6385e-07,1.0350e-07,3.4012e-07,1.8362e-07,2.6240e-07,3.9649e-07,2.8137e-07,2.3560e-07,3.3583e-07,2.7414e-07,3.4454e-07,7.6210e-07,4.4744e-07,3.0448e-07,3.9132e-07,3.0774e-07
0.236048,3.9129e-07,3.6531e-07,3.3633e-07,3.4642e-07,3.1098e-07,2.8374e-07,4.1580e-07,2.8705e-07,2.8554e-07,2.7209e-07,2.9400e-07,2.5889e-07,2.1195e-07,2.1677e-07,5.7801e-07,6.0229e-07,8.6514e-07,6.2254e-07,2.5196e-07,8.7192e-07,2.4632e-07,3.7338e-07,1.0460e-07,3.4686e-07,1.8619e-07,2.6750e-07,4.0590e-07,2.8745e-07,2.3957e-07,3.4230e-07,2.7953e-07,3.5323e-07,7.8120e-07,4.5550e-07,3.1243e-07,4.0048e-07,3.1725e-07
0.239341,4.0115e-07,3.7707e-07,3.4326e-07,3.5597e-07,3.1919e-07,2.8959e-07,4.2294e-07,2.9081e-07,2.9307e-07,2.8192e-07,3.0525e-07,2.6774e-07,2.1808e-07,2.2248e-07,5.9370e-07,6.1936e-07,8.9028e-07,6.4128e-07,2.5940e-07,8.9768e-07,2.5224e-07,3.8314e-07,1.0571e-07,3.5372e-07,1.8880e-07,2.7269e-07,4.1551e-07,2.9365e-07,2.4359e-07,3.4887e-07,2.8502e-07,3.6211e-07,8.0075e-07,4.6368e-07,3.2057e-07,4.0983e-07,3.2703e-07
0.242679,4.1123e-07,3.8919e-07,3.5031e-07,3.6577e-07,3.2761e-07,2.9555e-07,4.3019e-07,2.9461e-07,3.0079e-07,2.9209e-07,3.1690e-07,2.7688e-07,2.2437e-07,2.2833e-07,6.0979e-07,6.3687e-07,9.1610e-07,6.6055e-07,2.6705e-07,9.2415e-07,2.5829e-07,3.9313e-07,1.0684e-07,3.6070e-07,1.9143e-07,2.7797e-07,4.2533e-07,2.9997e-07,2.4767e-07,3.5556e-07,2.9060e-07,3.7121e-07,8.2074e-07,4.7200e-07,3.2890e-07,4.1939e-07,3.3709e-07
0.246065,4.2154e-07,4.0166e-07,3.5749e-07,3.7581e-07,3.3623e-07,3.0162e-07,4.3754e-07,2.9845e-07,3.0870e-07,3.0261e-07,3.2898e-07,2.8630e-07,2.3084e-07,2.3432e-07,6.2627e-07,6.5484e-07,9.4261e-07,6.8035e-07,2.7490e-07,9.5134e-07,2.6447e-07,4.0336e-07,1.0797e-07,3.6780e-07,1.9410e-07,2.8334e-07,4.3536e-07,3.0642e-07,2.5182e-07,3.6237e-07,2.9629e-07,3.8051e-07,8.4119e-07,4.8045e-07,3.3744e-07,4.2915e-07,3.4745e-07
0.249497,4.3210e-07,4.1451e-07,3.6481e-07,3.8611e-07,3.4506e-07,3.0780e-07,4.4501e-07,3.0233e-07,3.1680e-07,3.1347e-07,3.4148e-07,2.9603e-07,2.3747e-07,2.4045e-07,6.4317e-07,6.7328e-07,9.6983e-07,7.0071e-07,2.8297e-07,9.7927e-07,2.7079e-07,4.1384e-07,1.0911e-07,3.7503e-07,1.9679e-07,2.8881e-07,4.4561e-07,3.1299e-07,2.5602e-07,3.6929e-07,3.0207e-07,3.9003e-07,8.6211e-07,4.8904e-07,3.4618e-07,4.3912e-07,3.5810e-07
0.252977,4.4289e-07,4.2774e-07,3.7226e-07,3.9667e-07,3.5411e-07,3.1410e-07,4.5259e-07,3.0626e-07,3.2509e-07,3.2471e-07,3.5443e-07,3.0606e-07,2.4429e-07,2.4673e-07,6.6049e-07,6.9220e-07,9.9778e-07,7.2163e-07,2.9126e-07,1.0080e-06,2.7725e-07,4.2457e-07,1.1027e-07,3.8239e-07,1.9952e-07,2.9438e-07,4.5609e-07,3.1969e-07,2.6029e-07,3.7633e-07,3.0796e-07,3.9976e-07,8.8351e-07,4.9777e-07,3.5512e-07,4.4930e-07,3.6905e-07
0.256506,4.5861e-07,4.4435e-07,3.8445e-07,4.1163e-07,3.6638e-07,3.2306e-07,4.6450e-07,3.1402e-07,3.3735e-07,3.3882e-07,3.7078e-07,3.1769e-07,2.5242e-07,2.5521e-07,6.8282e-07,7.1640e-07,1.0324e-06,7.4825e-07,3.0245e-07,1.0441e-06,2.8714e-07,4.3920e-07,1.1220e-07,3.9175e-07,2.0406e-07,3.0328e-07,4.7170e-07,3.2920e-07,2.6623e-07,3.8766e-07,3.1704e-07,4.1400e-07,9.0921e-07,5.1048e-07,3.6766e-07,4.6415e-07,3.8442e-07
0.260084,4.7992e-07,4.6480e-07,4.0201e-07,4.3161e-07,3.8231e-07,3.3501e-07,4.8121e-07,3.2604e-07,3.5414e-07,3.5625e-07,3.9105e-07,3.3112e-07,2.6204e-07,2.6616e-07,7.1082e-07,7.4656e-07,1.0747e-06,7.8132e-07,3.1696e-07,1.0887e-06,3.0093e-07,4.5825e-07,1.1499e-07,4.0331e-07,2.1059e-07,3.1594e-07,4.9316e-07,3.4186e-07,2.7400e-07,4.0382e-07,3.2969e-07,4.3337e-07,9.3970e-07,5.2763e-07,3.8429e-07,4.8428e-07,4.0487e-07
0.263712,5.0216e-07,4.8615e-07,4.2032e-07,4.5250e-07,3.9889e-07,3.4737e-07,4.9849e-07,3.3849e-07,3.7173e-07,3.7453e-07,4.1236e-07,3.4508e-07,2.7200e-07,2.7756e-07,7.3990e-07,7.7791e-07,1.1185e-06,8.1577e-07,3.3212e-07,1.1350e-06,3.1535e-07,4.7808e-07,1.1783e-07,4.1519e-07,2.1731e-07,3.2910e-07,5.1553e-07,3.5498e-07,2.8198e-07,4.2060e-07,3.4282e-07,4.5359e-07,9.7114e-07,5.4531e-07,4.0162e-07,5.0523e-07,4.2636e-07
0.267391,5.2537e-07,5.0842e-07,4.3942e-07,4.7435e-07,4.1615e-07,3.6016e-07,5.1635e-07,3.5138e-07,3.9013e-07,3.9369e-07,4.3478e-07,3.5959e-07,2.8232e-07,2.8942e-07,7.7009e-07,8.1050e-07,1.1640e-06,8.5166e-07,3.4797e-07,1.1832e-06,3.3043e-07,4.9871e-07,1.2075e-07,4.2739e-07,2.2423e-07,3.4277e-07,5.3886e-07,3.6857e-07,2.9017e-07,4.3805e-07,3.5644e-07,4.7470e-07,1.0036e-06,5.6354e-07,4.1968e-07,5.2704e-07,4.4892e-07
0.27112,5.4960e-07,5.3165e-07,4.5934e-07,4.9719e-07,4.3411e-07,3.7339e-07,5.3481e-07,3.6474e-07,4.0940e-07,4.1378e-07,4.5835e-07,3.7467e-07,2.9300e-07,3.0175e-07,8.0144e-07,8.4437e-07,1.2113e-06,8.8902e-07,3.6453e-07,1.2333e-06,3.4619e-07,5.2018e-07,1.2373e-07,4.3992e-07,2.3136e-07,3.5698e-07,5.6319e-07,3.8265e-07,2.9859e-07,4.5617e-07,3.7057e-07,4.9673e-07,1.0370e-06,5.8234e-07,4.3851e-07,5.4973e-07,4.7262e-07
0.274902,5.7487e-07,5.5588e-07,4.8011e-07,5.2107e-07,4.5280e-07,3.8708e-07,5.5389e-07,3.7857e-07,4.2957e-07,4.3484e-07,4.8314e-07,3.9036e-07,3.0407e-07,3.1458e-07,8.3399e-07,8.7957e-07,1.2604e-06,9.2793e-07,3.8184e-07,1.2854e-06,3.6265e-07,5.4251e-07,1.2677e-07,4.5279e-07,2.3869e-07,3.7174e-07,5.8855e-07,3.9723e-07,3.0723e-07,4.7500e-07,3.8522e-07,5.1973e-07,1.0714e-06,6.0172e-07,4.5814e-07,5.7334e-07,4.9749e-07
0.278737,6.0125e-07,5.8114e-07,5.0176e-07,5.4603e-07,4.7224e-07,4.0123e-07,5.7360e-07,3.9290e-07,4.5067e-07,4.5691e-07,5.0919e-07,4.0665e-07,3.1552e-07,3.2792e-07,8.6777e-07,9.1615e-07,1.3113e-06,9.6844e-07,3.9992e-07,1.3396e-06,3.7986e-07,5.6575e-07,1.2989e-07,4.6601e-07,2.4624e-07,3.8708e-07,6.1499e-07,4.1234e-07,3.1611e-07,4.9456e-07,4.0042e-07,5.4373e-07,1.1070e-06,6.2171e-07,4.7859e-07,5.9791e-07,5.2361e-07
0.282625,6.2876e-07,6.0750e-07,5.2433e-07,5.7212e-07,4.9248e-07,4.1587e-07,5.9396e-07,4.0773e-07,4.7276e-07,4.8004e-07,5.3656e-07,4.2359e-07,3.2738e-07,3.4180e-07,9.0284e-07,9.5415e-07,1.3642e-06,1.0106e-06,4.1881e-07,1.3959e-06,3.9784e-07,5.8993e-07,1.3307e-07,4.7959e-07,2.5402e-07,4.0300e-07,6.4254e-07,4.2798e-07,3.2522e-07,5.1488e-07,4.1618e-07,5.6878e-07,1.1436e-06,6.4232e-07,4.9991e-07,6.2346e-07,5.5101e-07
0.286567,6.5745e-07,6.3497e-07,5.4785e-07,5.9939e-07,5.1353e-07,4.3101e-07,6.1501e-07,4.2309e-07,4.9586e-07,5.0428e-07,5.6534e-07,4.4119e-07,3.3966e-07,3.5622e-07,9.3924e-07,9.9363e-07,1.4190e-06,1.0545e-06,4.3854e-07,1.4545e-06,4.1662e-07,6.1508e-07,1.3633e-07,4.9354e-07,2.6202e-07,4.1955e-07,6.7126e-07,4.4418e-07,3.3458e-07,5.3598e-07,4.3252e-07,5.9492e-07,1.1813e-06,6.6356e-07,5.2211e-07,6.5004e-07,5.7978e-07
0.290565,6.8738e-07,6.6362e-07,5.7237e-07,6.2787e-07,5.3542e-07,4.4666e-07,6.3675e-07,4.3899e-07,5.2004e-07,5.2967e-07,5.9557e-07,4.5948e-07,3.5236e-07,3.7122e-07,9.7701e-07,1.0346e-06,1.4759e-06,1.1002e-06,4.5915e-07,1.5153e-06,4.3624e-07,6.4123e-07,1.3966e-07,5.0786e-07,2.7026e-07,4.3673e-07,7.0118e-07,4.6095e-07,3.4419e-07,5.5789e-07,4.4947e-07,6.2218e-07,1.2202e-06,6.8546e-07,5.4525e-07,6.7768e-07,6.0996e-07
0.294618,7.2919e-07,7.0359e-07,6.0870e-07,6.6718e-07,5.6585e-07,4.7062e-07,6.7229e-07,4.6608e-07,5.5623e-07,5.6388e-07,6.3630e-07,4.8580e-07,3.7202e-07,3.9458e-07,1.0351e-06,1.0936e-06,1.5545e-06,1.1639e-06,4.8969e-07,1.6047e-06,4.6649e-07,6.8120e-07,1.4634e-07,5.3111e-07,2.8473e-07,4.6370e-07,7.4520e-07,4.8649e-07,3.6039e-07,5.9176e-07,4.7600e-07,6.6276e-07,1.2782e-06,7.1986e-07,5.7862e-07,7.1915e-07,6.5141e-07
0.298727,7.7801e-07,7.5022e-07,6.5192e-07,7.1296e-07,6.0124e-07,4.9917e-07,7.1538e-07,4.9940e-07,5.9962e-07,6.0350e-07,6.8361e-07,5.1672e-07,3.9553e-07,4.2273e-07,1.1048e-06,1.1628e-06,1.6455e-06,1.2380e-06,5.2609e-07,1.7103e-06,5.0304e-07,7.2911e-07,1.5474e-07,5.5901e-07,3.0252e-07,4.9624e-07,7.9743e-07,5.1691e-07,3.8004e-07,6.3242e-07,5.0792e-07,7.1114e-07,1.3465e-06,7.6098e-07,6.1796e-07,7.6856e-07,6.9981e-07
0.302894,8.3087e-07,8.0026e-07,6.9968e-07,7.6212e-07,6.3823e-07,5.2920e-07,7.5979e-07,5.3522e-07,6.4680e-07,6.4637e-07,7.3404e-07,5.4892e-07,4.1922e-07,4.5323e-07,1.1799e-06,1.2360e-06,1.7425e-06,1.3148e-06,5.6513e-07,1.8214e-06,5.4231e-07,7.8027e-07,1.6401e-07,5.8955e-07,3.2224e-07,5.3116e-07,8.5109e-07,5.4922e-07,4.0238e-07,6.7509e-07,5.4125e-07,7.6247e-07,1.4217e-06,8.0419e-07,6.6099e-07,8.2005e-07,7.5187e-07
0.30712,8.8757e-07,8.5369e-07,7.5154e-07,8.1470e-07,6.7714e-07,5.6086e-07,8.0618e-07,5.7360e-07,6.9779e-07,6.9243e-07,7.8790e-07,5.8274e-07,4.4366e-07,4.8602e-07,1.2605e-06,1.3134e-06,1.8455e-06,1.3954e-06,6.0694e-07,1.9387e-06,5.8450e-07,8.3488e-07,1.7401e-07,6.2224e-07,3.4360e-07,5.6852e-07,9.0720e-07,5.8350e-07,4.2675e-07,7.2018e-07,5.7635e-07,8.1712e-07,1.5026e-06,8.4965e-07,7.0741e-07,8.7426e-07,8.0771e-07
0.311404,9.4796e-07,9.1050e-07,8.0707e-07,8.7072e-07,7.1829e-07,5.9433e-07,8.5524e-07,6.1459e-07,7.5262e-07,7.4161e-07,8.4551e-07,6.1854e-07,4.6944e-07,5.2107e-07,1.3462e-06,1.3955e-06,1.9542e-06,1.4806e-06,6.5169e-07,2.0633e-06,6.2981e-07,8.9311e-07,1.8458e-07,6.5664e-07,3.6631e-07,6.0838e-07,9.6677e-07,6.1980e-07,4.5252e-07,7.6812e-07,6.1361e-07,8.7548e-07,1.5878e-06,8.9755e-07,7.5693e-07,9.3186e-07,8.6750e-07
0.315747,1.0122e-06,9.7091e-07,8.6649e-07,9.3040e-07,7.6181e-07,6.2967e-07,9.0712e-07,6.5837e-07,8.1154e-07,7.9411e-07,9.0712e-07,6.5641e-07,4.9662e-07,5.5852e-07,1.4375e-06,1.4824e-06,2.0690e-06,1.5708e-06,6.9957e-07,2.1954e-06,6.7846e-07,9.5520e-07,1.9577e-07,6.9284e-07,3.9043e-07,6.5089e-07,1.0300e-06,6.5824e-07,4.7975e-07,8.1909e-07,6.5314e-07,9.3779e-07,1.6776e-06,9.4800e-07,8.0974e-07,9.9304e-07,9.3148e-07
0.320152,1.0807e-06,1.0351e-06,9.3007e-07,9.9396e-07,8.0781e-07,6.6701e-07,9.6195e-07,7.0510e-07,8.7485e-07,8.5015e-07,9.7300e-07,6.9647e-07,5.2527e-07,5.9854e-07,1.5347e-06,1.5744e-06,2.1901e-06,1.6661e-06,7.5080e-07,2.3355e-06,7.3069e-07,1.0214e-06,2.0759e-07,7.3093e-07,4.1607e-07,6.9622e-07,1.0972e-06,6.9893e-07,5.0853e-07,8.7325e-07,6.9508e-07,1.0043e-06,1.7722e-06,1.0011e-06,8.6605e-07,1.0580e-06,9.9995e-07
0.324618,1.1535e-06,1.1034e-06,9.9808e-07,1.0616e-06,8.5644e-07,7.0644e-07,1.0199e-06,7.5499e-07,9.4286e-07,9.0993e-07,1.0434e-06,7.3884e-07,5.5545e-07,6.4127e-07,1.6381e-06,1.6718e-06,2.3180e-06,1.7668e-06,8.0560e-07,2.4840e-06,7.8675e-07,1.0919e-06,2.2009e-07,7.7100e-07,4.4330e-07,7.4454e-07,1.1684e-06,7.4202e-07,5.3895e-07,9.3081e-07,7.3957e-07,1.0753e-06,1.8718e-06,1.0571e-06,9.2609e-07,1.1270e-06,1.0732e-06
0.329146,1.2309e-06,1.1759e-06,1.0708e-06,1.1337e-06,9.0783e-07,7.4808e-07,1.0811e-06,8.0823e-07,1.0159e-06,9.7372e-07,1.1187e-06,7.8364e-07,5.8726e-07,6.8691e-07,1.7480e-06,1.7750e-06,2.4529e-06,1.8733e-06,8.6419e-07,2.6415e-06,8.4689e-07,1.1670e-06,2.3331e-07,8.1314e-07,4.7222e-07,7.9605e-07,1.2440e-06,7.8762e-07,5.7108e-07,9.9194e-07,7.8675e-07,1.1511e-06,1.9767e-06,1.1160e-06,9.9007e-07,1.2002e-06,1.1515e-06
0.333737,1.3133e-06,1.2529e-06,1.1486e-06,1.2104e-06,9.6213e-07,7.9203e-07,1.1458e-06,8.6504e-07,1.0943e-06,1.0417e-06,1.1991e-06,8.3100e-07,6.2076e-07,7.3563e-07,1.8650e-06,1.8841e-06,2.5953e-06,1.9858e-06,9.2683e-07,2.8084e-06,9.1140e-07,1.2471e-06,2.4728e-07,8.5747e-07,5.0293e-07,8.5093e-07,1.3242e-06,8.3587e-07,6.0502e-07,1.0569e-06,8.3677e-07,1.2319e-06,2.0872e-06,1.1780e-06,1.0583e-06,1.2779e-06,1.2353e-06
0.338392,1.4200e-06,1.3623e-06,1.2482e-06,1.3068e-06,1.0386e-06,8.5982e-07,1.2493e-06,9.5225e-07,1.2035e-06,1.1332e-06,1.3057e-06,9.0703e-07,6.7693e-07,8.1012e-07,2.0419e-06,2.0352e-06,2.7919e-06,2.1433e-06,1.0186e-06,3.0556e-06,1.0072e-06,1.3627e-06,2.7172e-07,9.2881e-07,5.5066e-07,9.2867e-07,1.4341e-06,9.0845e-07,6.6165e-07,1.1469e-06,9.1242e-07,1.3441e-06,2.2503e-06,1.2754e-06,1.1485e-06,1.3852e-06,1.3343e-06
0.343113,1.5364e-06,1.4830e-06,1.3574e-06,1.4116e-06,1.1223e-06,9.3477e-07,1.3643e-06,1.0499e-06,1.3249e-06,1.2338e-06,1.4230e-06,9.9167e-07,7.3951e-07,8.9355e-07,2.2388e-06,2.2005e-06,3.0063e-06,2.3155e-06,1.1209e-06,3.3290e-06,1.1146e-06,1.4908e-06,2.9922e-07,1.0077e-06,6.0388e-07,1.0147e-06,1.5544e-06,9.8868e-07,7.2494e-07,1.2459e-06,9.9632e-07,1.4680e-06,2.4292e-06,1.3830e-06,1.2474e-06,1.5029e-06,1.4415e-06
0.347899,1.6619e-06,1.6139e-06,1.4756e-06,1.5245e-06,1.2124e-06,1.0159e-06,1.4894e-06,1.1571e-06,1.4580e-06,1.3428e-06,1.5503e-06,1.0838e-06,8.0756e-07,9.8517e-07,2.4538e-06,2.3786e-06,3.2362e-06,2.5008e-06,1.2330e-06,3.6255e-06,1.2330e-06,1.6304e-06,3.2938e-07,1.0930e-06,6.6199e-07,1.1082e-06,1.6842e-06,1.0756e-06,7.9399e-07,1.3529e-06,1.0875e-06,1.6028e-06,2.6215e-06,1.4992e-06,1.3544e-06,1.6301e-06,1.5569e-06
0.352752,1.7971e-06,1.7557e-06,1.6036e-06,1.6459e-06,1.3093e-06,1.1038e-06,1.6253e-06,1.2748e-06,1.6039e-06,1.4610e-06,1.6884e-06,1.1841e-06,8.8152e-07,1.0857e-06,2.6884e-06,2.5703e-06,3.4828e-06,2.7001e-06,1.3557e-06,3.9471e-06,1.3634e-06,1.7825e-06,3.6243e-07,1.1851e-06,7.2543e-07,1.2100e-06,1.8243e-06,1.1699e-06,8.6932e-07,1.4687e-06,1.1867e-06,1.7494e-06,2.8283e-06,1.6247e-06,1.4702e-06,1.7675e-06,1.6811e-06
0.357672,1.9427e-06,1.9094e-06,1.7422e-06,1.7765e-06,1.4136e-06,1.1988e-06,1.7730e-06,1.4038e-06,1.7637e-06,1.5891e-06,1.8382e-06,1.2932e-06,9.6188e-07,1.1961e-06,2.9443e-06,2.7767e-06,3.7473e-06,2.9145e-06,1.4902e-06,4.2958e-06,1.5069e-06,1.9480e-06,3.9864e-07,1.2846e-06,7.9466e-07,1.3206e-06,1.9754e-06,1.2720e-06,9.5144e-07,1.5939e-06,1.2944e-06,1.9087e-06,3.0505e-06,1.7601e-06,1.5954e-06,1.9159e-06,1.8147e-06
0.362661,2.0996e-06,2.0759e-06,1.8921e-06,1.9169e-06,1.5258e-06,1.3017e-06,1.9334e-06,1.5452e-06,1.9386e-06,1.7279e-06,2.0006e-06,1.4118e-06,1.0491e-06,1.3171e-06,3.2234e-06,2.9987e-06,4.0308e-06,3.1449e-06,1.6373e-06,4.6737e-06,1.6648e-06,2.1281e-06,4.3830e-07,1.3920e-06,8.7018e-07,1.4409e-06,2.1383e-06,1.3825e-06,1.0410e-06,1.7292e-06,1.4114e-06,2.0817e-06,3.2894e-06,1.9063e-06,1.7307e-06,2.0760e-06,1.9583e-06
0.36772,2.2685e-06,2.2562e-06,2.0544e-06,2.0678e-06,1.6464e-06,1.4129e-06,2.1075e-06,1.7002e-06,2.1300e-06,1.8783e-06,2.1767e-06,1.5407e-06,1.1439e-06,1.4498e-06,3.5276e-06,3.2376e-06,4.3346e-06,3.3926e-06,1.7982e-06,5.0830e-06,1.8385e-06,2.3240e-06,4.8172e-07,1.5080e-06,9.5253e-07,1.5715e-06,2.3138e-06,1.5022e-06,1.1385e-06,1.8754e-06,1.5385e-06,2.2697e-06,3.5459e-06,2.0640e-06,1.8769e-06,2.2488e-06,2.1128e-06
0.372849,2.4502e-06,2.4514e-06,2.2298e-06,2.2301e-06,1.7760e-06,1.5331e-06,2.2965e-06,1.8700e-06,2.3394e-06,2.0410e-06,2.3675e-06,1.6808e-06,1.2467e-06,1.5952e-06,3.8591e-06,3.4945e-06,4.6602e-06,3.6587e-06,1.9741e-06,5.5264e-06,2.0294e-06,2.5370e-06,5.2923e-07,1.6332e-06,1.0423e-06,1.7134e-06,2.5029e-06,1.6318e-06,1.2447e-06,2.0333e-06,1.6764e-06,2.4737e-06,3.8215e-06,2.2341e-06,2.0349e-06,2.4352e-06,2.2788e-06
0.37805,2.6459e-06,2.6626e-06,2.4195e-06,2.4044e-06,1.9153e-06,1.6630e-06,2.5015e-06,2.0560e-06,2.5684e-06,2.2172e-06,2.5741e-06,1.8330e-06,1.3582e-06,1.7545e-06,4.2202e-06,3.7707e-06,5.0089e-06,3.9445e-06,2.1664e-06,6.0064e-06,2.2391e-06,2.7686e-06,5.8121e-07,1.7682e-06,1.1401e-06,1.8675e-06,2.7066e-06,1.7719e-06,1.3604e-06,2.2037e-06,1.8260e-06,2.6952e-06,4.1173e-06,2.4174e-06,2.2055e-06,2.6362e-06,2.4571e-06
0.383324,2.8600e-06,2.8972e-06,2.6260e-06,2.5935e-06,2.0706e-06,1.8085e-06,2.7319e-06,2.2657e-06,2.8219e-06,2.4120e-06,2.8030e-06,2.0062e-06,1.4854e-06,1.9340e-06,4.6233e-06,4.0715e-06,5.3925e-06,4.2596e-06,2.3810e-06,6.5345e-06,2.4751e-06,3.0227e-06,6.4040e-07,1.9198e-06,1.2489e-06,2.0386e-06,2.9298e-06,1.9294e-06,1.4929e-06,2.3912e-06,1.9934e-06,2.9385e-06,4.4428e-06,2.6231e-06,2.3922e-06,2.8556e-06,2.6465e-06
0.388671,3.1123e-06,3.1878e-06,2.8572e-06,2.8081e-06,2.2710e-06,1.9968e-06,3.0312e-06,2.5331e-06,3.1180e-06,2.6478e-06,3.0812e-06,2.2425e-06,1.6620e-06,2.1614e-06,5.1216e-06,4.4183e-06,5.8634e-06,4.6468e-06,2.6425e-06,7.1578e-06,2.7684e-06,3.3132e-06,7.1957e-07,2.1192e-06,1.3814e-06,2.2471e-06,3.1935e-06,2.1356e-06,1.6778e-06,2.6140e-06,2.2063e-06,3.2206e-06,4.8388e-06,2.8936e-06,2.6091e-06,3.1084e-06,2.8368e-06
0.394092,3.3857e-06,3.5061e-06,3.1077e-06,3.0395e-06,2.4898e-06,2.2037e-06,3.3616e-06,2.8306e-06,3.4436e-06,2.9056e-06,3.3858e-06,2.5053e-06,1.8585e-06,2.4142e-06,5.6709e-06,4.7931e-06,6.3734e-06,5.0673e-06,2.9312e-06,7.8374e-06,3.0948e-06,3.6301e-06,8.0806e-07,2.3382e-06,1.5273e-06,2.4758e-06,3.4796e-06,2.3628e-06,1.8845e-06,2.8564e-06,2.4408e-06,3.5285e-06,5.2683e-06,3.1905e-06,2.8447e-06,3.3824e-06,3.0401e-06
0.39959,3.6819e-06,3.8547e-06,3.3792e-06,3.2889e-06,2.7286e-06,2.4309e-06,3.7261e-06,3.1612e-06,3.8016e-06,3.1871e-06,3.7189e-06,2.7973e-06,2.0769e-06,2.6953e-06,6.2762e-06,5.1980e-06,6.9255e-06,5.5238e-06,3.2500e-06,8.5782e-06,3.4579e-06,3.9758e-06,9.0692e-07,2.5788e-06,1.6878e-06,2.7267e-06,3.7898e-06,2.6129e-06,2.1156e-06,3.1201e-06,2.6989e-06,3.8643e-06,5.7340e-06,3.5164e-06,3.1006e-06,3.6791e-06,3.2571e-06
0.405163,4.0027e-06,4.2361e-06,3.6731e-06,3.5578e-06,2.9891e-06,2.6804e-06,4.1280e-06,3.5287e-06,4.1950e-06,3.4947e-06,4.0831e-06,3.1217e-06,2.3197e-06,3.0074e-06,6.9429e-06,5.6353e-06,7.5229e-06,6.0191e-06,3.6017e-06,9.3853e-06,3.8614e-06,4.3528e-06,1.0173e-06,2.8428e-06,1.8643e-06,3.0017e-06,4.1262e-06,2.8881e-06,2.3736e-06,3.4070e-06,2.9829e-06,4.2303e-06,6.2387e-06,3.8739e-06,3.3783e-06,4.0005e-06,3.4888e-06
0.410815,4.3501e-06,4.6534e-06,3.9913e-06,3.8476e-06,3.2733e-06,2.9542e-06,4.5710e-06,3.9367e-06,4.6271e-06,3.8304e-06,4.4812e-06,3.4817e-06,2.5892e-06,3.3539e-06,7.6768e-06,6.1074e-06,8.1691e-06,6.5565e-06,3.9897e-06,1.0264e-05,4.3098e-06,4.7636e-06,1.1405e-06,3.1326e-06,2.0584e-06,3.3031e-06,4.4906e-06,3.1910e-06,2.6616e-06,3.7188e-06,3.2953e-06,4.6293e-06,6.7856e-06,4.2659e-06,3.6796e-06,4.3484e-06,3.7361e-06
0.416546,4.7261e-06,5.1098e-06,4.3357e-06,4.1597e-06,3.5830e-06,3.2545e-06,5.0589e-06,4.3896e-06,5.1015e-06,4.1968e-06,4.9161e-06,3.8811e-06,2.8883e-06,3.7384e-06,8.4844e-06,6.6169e-06,8.8680e-06,7.1392e-06,4.4173e-06,1.1221e-05,4.8077e-06,5.2113e-06,1.2778e-06,3.4505e-06,2.2717e-06,3.6332e-06,4.8854e-06,3.5240e-06,2.9828e-06,4.0576e-06,3.6387e-06,5.0639e-06,7.3780e-06,4.6955e-06,4.0065e-06,4.7249e-06,4.0000e-06
0.422356,5.1329e-06,5.6086e-06,4.7083e-06,4.4958e-06,3.9205e-06,3.5839e-06,5.5962e-06,4.8920e-06,5.6221e-06,4.5964e-06,5.3911e-06,4.3241e-06,3.2200e-06,4.1648e-06,9.3726e-06,7.1666e-06,9.6235e-06,7.7708e-06,4.8884e-06,1.2263e-05,5.3603e-06,5.6988e-06,1.4310e-06,3.7990e-06,2.5061e-06,3.9946e-06,5.3129e-06,3.8900e-06,3.3410e-06,4.4257e-06,4.0160e-06,5.5372e-06,8.0194e-06,5.1662e-06,4.3609e-06,5.1322e-06,4.2815e-06
0.428248,5.5729e-06,6.1537e-06,5.1113e-06,4.8576e-06,4.2881e-06,3.9448e-06,6.1875e-06,5.4490e-06,6.1931e-06,5.0322e-06,5.9096e-06,4.8149e-06,3.5877e-06,4.6374e-06,1.0349e-05,7.7595e-06,1.0440e-05,8.4552e-06,5.4073e-06,1.3395e-05,5.9732e-06,6.2295e-06,1.6015e-06,4.1810e-06,2.7634e-06,4.3901e-06,5.7756e-06,4.2922e-06,3.7401e-06,4.8254e-06,4.4304e-06,6.0524e-06,8.7137e-06,5.6817e-06,4.7451e-06,5.5727e-06,4.5817e-06
0.434221,6.0487e-06,6.7491e-06,5.5471e-06,5.2470e-06,4.6884e-06,4.3402e-06,6.8379e-06,6.0664e-06,6.8193e-06,5.5073e-06,6.4754e-06,5.3586e-06,3.9949e-06,5.1610e-06,1.1422e-05,8.3988e-06,1.1322e-05,9.1966e-06,5.9785e-06,1.4627e-05,6.6528e-06,6.8071e-06,1.7915e-06,4.5994e-06,3.0457e-06,4.8228e-06,6.2762e-06,4.7338e-06,4.1846e-06,5.2592e-06,4.8853e-06,6.6130e-06,9.4649e-06,6.2460e-06,5.1614e-06,6.0488e-06,4.9018e-06
0.440278,6.5646e-06,7.3724e-06,6.0063e-06,5.6796e-06,5.1328e-06,4.7634e-06,7.5247e-06,6.7250e-06,7.4924e-06,6.0309e-06,7.1291e-06,5.9569e-06,4.4395e-06,5.7150e-06,1.2510e-05,9.0484e-06,1.2258e-05,9.9825e-06,6.5905e-06,1.5850e-05,7.3844e-06,7.3837e-06,1.9916e-06,5.0404e-06,3.3386e-06,5.2938e-06,6.8037e-06,5.2202e-06,4.6760e-06,5.7285e-06,5.3833e-06,7.2120e-06,1.0247e-05,6.8516e-06,5.6226e-06,6.5566e-06,5.2498e-06
0.44642,7.1253e-06,8.0027e-06,6.4809e-06,6.1702e-06,5.6329e-06,5.2082e-06,8.2259e-06,7.4060e-06,8.2050e-06,6.6127e-06,7.9116e-06,6.6124e-06,4.9195e-06,6.2793e-06,1.3536e-05,9.6760e-06,1.3237e-05,1.0802e-05,7.2321e-06,1.6963e-05,8.1537e-06,7.9150e-06,2.1928e-06,5.4909e-06,3.6281e-06,5.8046e-06,7.3484e-06,5.7571e-06,5.2161e-06,6.2347e-06,5.9273e-06,7.8432e-06,1.1038e-05,7.4919e-06,6.1410e-06,7.0925e-06,5.6329e-06
0.452647,7.7313e-06,8.6841e-06,6.9910e-06,6.7009e-06,6.1792e-06,5.6924e-06,8.9889e-06,8.1525e-06,8.9819e-06,7.2478e-06,8.7756e-06,7.3361e-06,5.4482e-06,6.8964e-06,1.4642e-05,1.0345e-05,1.4290e-05,1.1685e-05,7.9329e-06,1.8150e-05,8.9990e-06,8.4825e-06,2.4132e-06,5.9795e-06,3.9413e-06,6.3621e-06,7.9341e-06,6.3463e-06,5.8155e-06,6.7832e-06,6.5234e-06,8.5267e-06,1.1886e-05,8.1888e-06,6.7048e-06,7.6697e-06,6.0425e-06
0.458961,8.3862e-06,9.4204e-06,7.5392e-06,7.2748e-06,6.7756e-06,6.2192e-06,9.8185e-06,8.9704e-06,9.8286e-06,7.9407e-06,9.7290e-06,8.1348e-06,6.0305e-06,7.5711e-06,1.5833e-05,1.1057e-05,1.5422e-05,1.2636e-05,8.6981e-06,1.9415e-05,9.9275e-06,9.0883e-06,2.6547e-06,6.5094e-06,4.2802e-06,6.9704e-06,8.5635e-06,6.9927e-06,6.4804e-06,7.3773e-06,7.1762e-06,9.2665e-06,1.2796e-05,8.9472e-06,7.3178e-06,8.2912e-06,6.4802e-06
0.465363,9.0936e-06,1.0216e-05,8.1280e-06,7.8953e-06,7.4265e-06,6.7921e-06,1.0720e-05,9.8660e-06,1.0751e-05,8.6964e-06,1.0781e-05,9.0158e-06,6.6713e-06,8.3083e-06,1.7116e-05,1.1815e-05,1.6638e-05,1.3660e-05,9.5333e-06,2.0764e-05,1.0947e-05,9.7350e-06,2.9192e-06,7.0838e-06,4.6466e-06,7.6338e-06,9.2398e-06,7.7016e-06,7.2175e-06,8.0205e-06,7.8908e-06,1.0067e-05,1.3771e-05,9.7720e-06,7.9838e-06,8.9601e-06,6.9479e-06
0.471854,9.8575e-06,1.1075e-05,8.7604e-06,8.5659e-06,8.1366e-06,7.4150e-06,1.1700e-05,1.0846e-05,1.1755e-05,9.5204e-06,1.1940e-05,9.9871e-06,7.3761e-06,9.1135e-06,1.8497e-05,1.2623e-05,1.7946e-05,1.4761e-05,1.0444e-05,2.2200e-05,1.2065e-05,1.0425e-05,3.2086e-06,7.7061e-06,5.0428e-06,8.3570e-06,9.9661e-06,8.4785e-06,8.0343e-06,8.7168e-06,8.6727e-06,1.0933e-05,1.4817e-05,1.0669e-05,8.7074e-06,9.6799e-06,7.4474e-06
0.478436,1.0682e-05,1.2002e-05,9.4393e-06,9.2904e-06,8.9108e-06,8.0918e-06,1.2765e-05,1.1919e-05,1.2849e-05,1.0418e-05,1.3218e-05,1.1057e-05,8.1510e-06,9.9928e-06,1.9983e-05,1.3482e-05,1.9350e-05,1.5947e-05,1.1438e-05,2.3730e-05,1.3292e-05,1.1161e-05,3.5253e-06,8.3803e-06,5.4710e-06,9.1451e-06,1.0746e-05,9.3298e-06,8.9389e-06,9.4701e-06,9.5279e-06,1.1869e-05,1.5938e-05,1.1643e-05,9.4931e-06,1.0454e-05,7.9809e-06
0.48511,1.1572e-05,1.3003e-05,1.0168e-05,1.0073e-05,9.7547e-06,8.8272e-06,1.3920e-05,1.3092e-05,1.4038e-05,1.1397e-05,1.4625e-05,1.2236e-05,9.0024e-06,1.0952e-05,2.1582e-05,1.4396e-05,2.0859e-05,1.7222e-05,1.2521e-05,2.5359e-05,1.4638e-05,1.1947e-05,3.8716e-06,9.1103e-06,5.9336e-06,1.0003e-05,1.1583e-05,1.0262e-05,9.9402e-06,1.0285e-05,1.0463e-05,1.2881e-05,1.7139e-05,1.2702e-05,1.0346e-05,1.1287e-05,8.5505e-06
0.491877,1.2532e-05,1.4083e-05,1.0950e-05,1.0918e-05,1.0674e-05,9.6257e-06,1.5175e-05,1.4375e-05,1.5332e-05,1.2462e-05,1.6174e-05,1.3534e-05,9.9372e-06,1.1999e-05,2.3302e-05,1.5369e-05,2.2478e-05,1.8593e-05,1.3702e-05,2.7093e-05,1.6112e-05,1.2784e-05,4.2502e-06,9.9005e-06,6.4332e-06,1.0938e-05,1.2481e-05,1.1283e-05,1.1048e-05,1.1166e-05,1.1484e-05,1.3974e-05,1.8426e-05,1.3852e-05,1.1272e-05,1.2181e-05,9.1584e-06
0.498738,1.3568e-05,1.5247e-05,1.1789e-05,1.1830e-05,1.1676e-05,1.0492e-05,1.6535e-05,1.5776e-05,1.6739e-05,1.3621e-05,1.7878e-05,1.4961e-05,1.0963e-05,1.3141e-05,2.5151e-05,1.6404e-05,2.4217e-05,2.0067e-05,1.4987e-05,2.8938e-05,1.7727e-05,1.3677e-05,4.6638e-06,1.0756e-05,6.9726e-06,1.1955e-05,1.3444e-05,1.2399e-05,1.2273e-05,1.2118e-05,1.2600e-05,1.5155e-05,1.9804e-05,1.5101e-05,1.2275e-05,1.3143e-05,9.8071e-06
0.505695,1.4852e-05,1.6428e-05,1.2873e-05,1.2994e-05,1.2858e-05,1.1496e-05,1.8056e-05,1.7333e-05,1.8449e-05,1.4946e-05,2.0034e-05,1.6455e-05,1.1961e-05,1.4304e-05,2.6832e-05,1.7526e-05,2.6022e-05,2.1569e-05,1.6375e-05,3.0867e-05,1.9506e-05,1.4698e-05,5.0734e-06,1.1632e-05,7.5654e-06,1.3043e-05,1.4579e-05,1.3690e-05,1.3582e-05,1.3333e-05,1.3873e-05,1.6626e-05,2.1260e-05,1.6565e-05,1.3591e-05,1.4352e-05,1.0755e-05
0.512749,1.6378e-05,1.7640e-05,1.4182e-05,1.4404e-05,1.4244e-05,1.2672e-05,1.9767e-05,1.9071e-05,2.0437e-05,1.6430e-05,2.2641e-05,1.8042e-05,1.2997e-05,1.5506e-05,2.8407e-05,1.8756e-05,2.7908e-05,2.3135e-05,1.7881e-05,3.2914e-05,2.1461e-05,1.5845e-05,5.4792e-06,1.2551e-05,8.2420e-06,1.4230e-05,1.5890e-05,1.5160e-05,1.4975e-05,1.4815e-05,1.5321e-05,1.8389e-05,2.2811e-05,1.8248e-05,1.5215e-05,1.5821e-05,1.1986e-05
0.519901,1.8061e-05,1.8933e-05,1.5610e-05,1.5965e-05,1.5812e-05,1.4022e-05,2.1678e-05,2.1004e-05,2.2592e-05,1.8038e-05,2.5557e-05,1.9788e-05,1.4196e-05,1.6802e-05,3.0075e-05,2.0103e-05,2.9915e-05,2.4838e-05,1.9532e-05,3.5125e-05,2.3602e-05,1.7082e-05,5.9024e-06,1.3554e-05,9.0242e-06,1.5556e-05,1.7335e-05,1.6784e-05,1.6477e-05,1.6481e-05,1.6938e-05,2.0355e-05,2.4484e-05,2.0099e-05,1.7036e-05,1.7477e-05,1.3362e-05
0.527153,1.9907e-05,2.0314e-05,1.7174e-05,1.7686e-05,1.7544e-05,1.5508e-05,2.3764e-05,2.3123e-05,2.4961e-05,1.9794e-05,2.8829e-05,2.1693e-05,1.5499e-05,1.8200e-05,3.1358e-05,2.1540e-05,3.2058e-05,2.6660e-05,2.1326e-05,3.7476e-05,2.5946e-05,1.8409e-05,6.3564e-06,1.4633e-05,9.8760e-06,1.6998e-05,1.8904e-05,1.8572e-05,1.8123e-05,1.8323e-05,1.8716e-05,2.2520e-05,2.6272e-05,2.2128e-05,1.9062e-05,1.9298e-05,1.4887e-05
0.534507,2.1932e-05,2.1791e-05,1.8888e-05,1.9583e-05,1.9455e-05,1.7143e-05,2.6040e-05,2.5444e-05,2.7564e-05,2.1713e-05,3.2497e-05,2.3771e-05,1.6916e-05,1.9707e-05,3.1408e-05,2.3075e-05,3.4345e-05,2.8608e-05,2.3276e-05,3.9976e-05,2.8509e-05,1.9834e-05,6.8433e-06,1.5793e-05,1.0803e-05,1.8567e-05,2.0607e-05,2.0541e-05,1.9924e-05,2.0362e-05,2.0672e-05,2.4904e-05,2.7426e-05,2.4351e-05,2.1318e-05,2.1299e-05,1.6578e-05
0.541963,2.4152e-05,2.3369e-05,2.0763e-05,2.1673e-05,2.1565e-05,1.8941e-05,2.8522e-05,2.7985e-05,3.0424e-05,2.3807e-05,3.6606e-05,2.6037e-05,1.8455e-05,2.1333e-05,3.1459e-05,2.4712e-05,3.6787e-05,3.0689e-05,2.5394e-05,4.2632e-05,3.1312e-05,2.1363e-05,7.3653e-06,1.7039e-05,1.1812e-05,2.0273e-05,2.2454e-05,2.2707e-05,2.1895e-05,2.2615e-05,2.2821e-05,2.7526e-05,2.7538e-05,2.6785e-05,2.3826e-05,2.3496e-05,1.8451e-05
0.549522,2.6584e-05,2.5055e-05,2.2814e-05,2.3974e-05,2.3891e-05,2.0918e-05,3.1227e-05,3.0767e-05,3.3564e-05,2.6092e-05,4.1207e-05,2.8031e-05,1.9437e-05,2.3084e-05,3.1509e-05,2.6459e-05,3.9391e-05,3.2913e-05,2.7695e-05,4.5455e-05,3.4376e-05,2.3003e-05,7.9248e-06,1.7798e-05,1.2909e-05,2.1620e-05,2.4458e-05,2.5090e-05,2.4050e-05,2.5104e-05,2.5181e-05,3.0409e-05,2.7650e-05,2.9449e-05,2.6614e-05,2.5907e-05,2.0524e-05
0.557188,2.9249e-05,2.6855e-05,2.5057e-05,2.6506e-05,2.6454e-05,2.3090e-05,3.4175e-05,3.1695e-05,3.7010e-05,2.8584e-05,4.2224e-05,2.8018e-05,1.9513e-05,2.4183e-05,3.1559e-05,2.7220e-05,4.1660e-05,3.5288e-05,3.0194e-05,4.8453e-05,3.7722e-05,2.4762e-05,8.5242e-06,1.7879e-05,1.3156e-05,2.1712e-05,2.6629e-05,2.7709e-05,2.6406e-05,2.7852e-05,2.7772e-05,3.3579e-05,2.7761e-05,3.2363e-05,2.9081e-05,2.8553e-05,2.2818e-05
0.56496,2.9427e-05,2.8777e-05,2.7508e-05,2.7831e-05,2.9279e-05,2.4203e-05,3.4538e-05,3.1787e-05,3.7190e-05,3.1301e-05,4.2175e-05,2.8005e-05,1.9589e-05,2.4210e-05,3.1609e-05,2.7292e-05,4.1681e-05,3.7825e-05,3.2905e-05,5.0695e-05,4.1377e-05,2.6647e-05,8.8209e-06,1.7960e-05,1.3307e-05,2.1804e-05,2.8982e-05,3.0587e-05,2.7714e-05,3.0885e-05,3.0616e-05,3.5899e-05,2.7873e-05,3.5263e-05,2.9179e-05,3.0899e-05,2.5355e-05
0.572841,2.9493e-05,3.0829e-05,2.8089e-05,2.7870e-05,3.0420e-05,2.4357e-05,3.4565e-05,3.1879e-05,3.7140e-05,3.1752e-05,4.2126e-05,2.7991e-05,1.9666e-05,2.4238e-05,3.1659e-05,2.7363e-05,4.1701e-05,3.8818e-05,3.5846e-05,5.0737e-05,4.5366e-05,2.8668e-05,8.8176e-06,1.8040e-05,1.3458e-05,2.1896e-05,3.1530e-05,3.0848e-05,2.7778e-05,3.4231e-05,3.3734e-05,3.5946e-05,2.7984e-05,3.5275e-05,2.9277e-05,3.0965e-05,2.7246e-05
0.580831,2.9558e-05,3.3423e-05,2.8152e-05,2.7910e-05,3.0512e-05,2.4511e-05,3.4591e-05,3.1972e-05,3.7089e-05,3.1751e-05,4.2077e-05,2.7978e-05,1.9742e-05,2.4266e-05,3.1709e-05,2.7435e-05,4.1720e-05,3.8818e-05,3.9091e-05,5.0778e-05,5.0167e-05,2.8867e-05,8.8142e-06,1.8121e-05,1.3609e-05,2.1989e-05,3.3004e-05,3.0868e-05,2.7843e-05,3.4758e-05,3.4860e-05,3.5992e-05,2.8095e-05,3.5287e-05,2.9375e-05,3.1030e-05,2.7297e-05
0.588933,2.9623e-05,3.5259e-05,2.8216e-05,2.7950e-05,3.0603e-05,2.4665e-05,3.4618e-05,3.2064e-05,3.7038e-05,3.1750e-05,4.2027e-05,2.7965e-05,1.9818e-05,2.4293e-05,3.1759e-05,2.7506e-05,4.1740e-05,3.8817e-05,3.9587e-05,5.0820e-05,5.5553e-05,2.8886e-05,8.8109e-06,1.8201e-05,1.3760e-05,2.2081e-05,3.2943e-05,3.0887e-05,2.7907e-05,3.4802e-05,3.4886e-05,3.6038e-05,2.8207e-05,3.5299e-05,2.9472e-05,3.1096e-05,2.7348e-05
0.597148,2.9688e-05,3.5277e-05,2.8279e-05,2.7989e-05,3.0694e-05,2.4819e-05,3.4645e-05,3.2156e-05,3.6987e-05,3.1748e-05,4.1978e-05,2.7951e-05,1.9894e-05,2.4320e-05,3.1808e-05,2.7577e-05,4.1760e-05,3.8817e-05,3.9631e-05,5.0861e-05,6.1486e-05,2.8904e-05,8.8074e-06,1.8281e-05,1.3911e-05,2.2173e-05,3.2882e-05,3.0906e-05,2.7971e-05,3.4845e-05,3.4911e-05,3.6084e-05,2.8318e-05,3.5310e-05,2.9570e-05,3.1161e-05,2.7399e-05
0.605478,2.9753e-05,3.5294e-05,2.8343e-05,2.8029e-05,3.0785e-05,2.4972e-05,3.4671e-05,3.2247e-05,3.6936e-05,3.1746e-05,4.1928e-05,2.7937e-05,1.9969e-05,2.4348e-05,3.1858e-05,2.7648e-05,4.1779e-05,3.8816e-05,3.9676e-05,5.0901e-05,5.2606e-05,2.8922e-05,8.8040e-06,1.8361e-05,1.4062e-05,2.2264e-05,3.2821e-05,3.0925e-05,2.8035e-05,3.4889e-05,3.4936e-05,3.6130e-05,2.8428e-05,3.5321e-05,2.9667e-05,3.1227e-05,2.7450e-05
0.613924,3.3403e-05,3.9558e-05,3.1822e-05,3.1443e-05,3.4589e-05,2.8147e-05,3.8869e-05,3.6228e-05,4.1320e-05,3.5561e-05,4.6914e-05,3.1281e-05,2.2456e-05,2.7306e-05,3.5744e-05,3.1052e-05,4.6824e-05,4.3482e-05,4.4496e-05,5.7068e-05,5.8931e-05,3.2421e-05,9.8588e-06,2.0659e-05,1.5922e-05,2.5044e-05,3.6699e-05,3.4665e-05,3.1478e-05,3.9133e-05,3.9165e-05,4.0526e-05,3.1971e-05,3.9581e-05,3.3344e-05,3.5055e-05,3.0807e-05
0.622488,3.7465e-05,4.4295e-05,3.5694e-05,3.5240e-05,3.8826e-05,3.1695e-05,4.3535e-05,4.0661e-05,4.6181e-05,3.9797e-05,5.2443e-05,3.4992e-05,2.5227e-05,3.0594e-05,4.0066e-05,3.4842e-05,5.2429e-05,4.8663e-05,4.9855e-05,6.3920e-05,6.5955e-05,3.6308e-05,1.1029e-05,2.3222e-05,1.8008e-05,2.8144e-05,4.0996e-05,3.8820e-05,3.5310e-05,4.3852e-05,4.3864e-05,4.5414e-05,3.5921e-05,4.4313e-05,3.7440e-05,3.9315e-05,3.4543e-05
0.631171,4.1981e-05,4.9552e-05,3.9998e-05,3.9457e-05,4.3539e-05,3.5654e-05,4.8714e-05,4.5592e-05,5.1564e-05,4.4496e-05,5.8568e-05,3.9106e-05,2.8313e-05,3.4246e-05,4.4868e-05,3.9057e-05,5.8649e-05,5.4410e-05,5.5806e-05,7.1527e-05,7.3746e-05,4.0622e-05,1.2327e-05,2.6077e-05,2.0347e-05,3.1598e-05,4.5752e-05,4.3432e-05,3.9571e-05,4.9092e-05,4.9080e-05,5.0842e-05,4.0319e-05,4.9563e-05,4.1998e-05,4.4050e-05,3.8694e-05
0.639975,4.6996e-05,5.5379e-05,4.4779e-05,4.4137e-05,4.8778e-05,4.0068e-05,5.4456e-05,5.1072e-05,5.7518e-05,4.9700e-05,6.5345e-05,4.3662e-05,3.1746e-05,3.8297e-05,5.0196e-05,4.3739e-05,6.5543e-05,6.0776e-05,6.2407e-05,7.9962e-05,8.2377e-05,4.5405e-05,1.3765e-05,2.9255e-05,2.2964e-05,3.5439e-05,5.1010e-05,4.8545e-05,4.4303e-05,5.4906e-05,5.4863e-05,5.6864e-05,4.5211e-05,5.5381e-05,4.7066e-05,4.9308e-05,4.3302e-05
0.648902,5.2558e-05,6.1831e-05,5.0082e-05,4.9324e-05,5.4593e-05,4.4983e-05,6.0816e-05,5.7154e-05,6.4098e-05,5.5460e-05,7.2834e-05,4.8700e-05,3.5559e-05,4.2785e-05,5.6103e-05,4.8935e-05,7.3176e-05,6.7822e-05,6.9721e-05,8.9305e-05,9.1928e-05,5.0702e-05,1.5355e-05,3.2787e-05,2.5891e-05,3.9709e-05,5.6818e-05,5.4206e-05,4.9552e-05,6.1349e-05,6.1268e-05,6.3538e-05,5.0648e-05,6.1822e-05,5.2694e-05,5.5139e-05,4.8412e-05
0.657954,5.8721e-05,6.8968e-05,5.5957e-05,5.5066e-05,6.1041e-05,5.0449e-05,6.7852e-05,6.3897e-05,7.1361e-05,6.1827e-05,8.1103e-05,5.4267e-05,3.9791e-05,4.7752e-05,6.2643e-05,5.4694e-05,8.1618e-05,7.5610e-05,7.7816e-05,9.9641e-05,1.0249e-04,5.6561e-05,1.7112e-05,3.6709e-05,2.9158e-05,4.4449e-05,6.3224e-05,6.0469e-05,5.5368e-05,6.8480e-05,6.8354e-05,7.0925e-05,5.6681e-05,6.8945e-05,5.8936e-05,6.1600e-05,5.4071e-05
0.667131,6.5542e-05,7.6852e-05,6.2460e-05,6.1415e-05,6.8182e-05,5.6521e-05,7.5628e-05,7.1365e-05,7.9367e-05,6.8856e-05,9.0221e-05,6.0411e-05,4.4482e-05,5.3244e-05,6.9876e-05,6.1070e-05,9.0945e-05,8.4209e-05,8.6764e-05,1.1106e-04,1.1415e-04,6.3035e-05,1.9051e-05,4.1059e-05,3.2803e-05,4.9705e-05,7.0283e-05,6.7389e-05,6.1805e-05,7.6364e-05,7.6184e-05,7.9092e-05,6.3369e-05,7.6812e-05,6.5851e-05,6.8749e-05,6.0332e-05
0.676437,7.3081e-05,8.5551e-05,6.9648e-05,6.8428e-05,7.6082e-05,6.3259e-05,8.4210e-05,7.9625e-05,8.8183e-05,7.6607e-05,1.0026e-04,6.7183e-05,4.9676e-05,5.9307e-05,7.7866e-05,6.8120e-05,1.0123e-04,9.3692e-05,9.6645e-05,1.2367e-04,1.2700e-04,7.0179e-05,2.1188e-05,4.5878e-05,3.6862e-05,5.5525e-05,7.8052e-05,7.5026e-05,6.8922e-05,8.5071e-05,8.4826e-05,8.8112e-05,7.0775e-05,8.5492e-05,7.3504e-05,7.6650e-05,6.7250e-05
0.685873,8.1404e-05,9.5139e-05,7.7585e-05,7.6164e-05,8.4811e-05,7.0726e-05,9.3671e-05,8.8751e-05,9.7880e-05,8.5145e-05,1.1131e-04,7.4638e-05,5.5419e-05,6.5994e-05,8.6682e-05,7.5907e-05,1.1258e-04,1.0414e-04,1.0754e-04,1.3757e-04,1.4116e-04,7.8054e-05,2.3542e-05,5.1210e-05,4.1377e-05,6.1964e-05,8.6591e-05,8.3443e-05,7.6780e-05,9.4675e-05,9.4352e-05,9.8061e-05,7.8965e-05,9.5055e-05,8.1962e-05,8.5373e-05,7.4886e-05
0.69544,9.0583e-05,1.0569e-04,8.6337e-05,8.4688e-05,9.4443e-05,7.8991e-05,1.0409e-04,9.8821e-05,1.0853e-04,9.4538e-05,1.2345e-04,8.2835e-05,6.1763e-05,7.3359e-05,9.6397e-05,8.4497e-05,1.2506e-04,1.1563e-04,1.1954e-04,1.5288e-04,1.5675e-04,8.6724e-05,2.6130e-05,5.7101e-05,4.6394e-05,6.9077e-05,9.5965e-05,9.2709e-05,8.5445e-05,1.0525e-04,1.0484e-04,1.0902e-04,8.8012e-05,1.0558e-04,9.1298e-05,9.4991e-05,8.3303e-05
0.705141,1.0069e-04,1.1729e-04,9.5976e-05,9.4068e-05,1.0506e-04,8.8127e-05,1.1554e-04,1.0992e-04,1.2022e-04,1.0486e-04,1.3677e-04,9.1837e-05,6.8759e-05,8.1462e-05,1.0709e-04,9.3961e-05,1.3878e-04,1.2825e-04,1.3275e-04,1.6971e-04,1.7386e-04,9.6257e-05,2.8973e-05,6.3603e-05,5.1960e-05,7.6925e-05,1.0624e-04,1.0290e-04,9.4990e-05,1.1689e-04,1.1637e-04,1.2108e-04,9.7991e-05,1.1715e-04,1.0159e-04,1.0558e-04,9.2569e-05
0.714977,1.1181e-04,1.3003e-04,1.0658e-04,1.0438e-04,1.1675e-04,9.8213e-05,1.2812e-04,1.2213e-04,1.3302e-04,1.1618e-04,1.5136e-04,1.0171e-04,7.6467e-05,9.0364e-05,1.1884e-04,1.0437e-04,1.5385e-04,1.4211e-04,1.4725e-04,1.8819e-04,1.9265e-04,1.0672e-04,3.2092e-05,7.0770e-05,5.8127e-05,8.5574e-05,1.1750e-04,1.1409e-04,1.0549e-04,1.2968e-04,1.2904e-04,1.3433e-04,1.0899e-04,1.2985e-04,1.1293e-04,1.1723e-04,1.0276e-04
0.72495,1.2402e-04,1.4400e-04,1.1823e-04,1.1569e-04,1.2959e-04,1.0933e-04,1.4192e-04,1.3556e-04,1.4703e-04,1.2859e-04,1.6734e-04,1.1253e-04,8.4947e-05,1.0013e-04,1.3174e-04,1.1582e-04,1.7037e-04,1.5729e-04,1.6317e-04,2.0847e-04,2.1324e-04,1.1821e-04,3.5507e-05,7.8659e-05,6.4951e-05,9.5092e-05,1.2981e-04,1.2636e-04,1.1702e-04,1.4372e-04,1.4293e-04,1.4887e-04,1.2108e-04,1.4377e-04,1.2539e-04,1.3002e-04,1.1395e-04
0.735063,1.3742e-04,1.5930e-04,1.3100e-04,1.2809e-04,1.4369e-04,1.2158e-04,1.5704e-04,1.5029e-04,1.6233e-04,1.4217e-04,1.8480e-04,1.2436e-04,9.4264e-05,1.1084e-04,1.4589e-04,1.2837e-04,1.8846e-04,1.7391e-04,1.8061e-04,2.3068e-04,2.3577e-04,1.3078e-04,3.9244e-05,8.7331e-05,7.2491e-05,1.0555e-04,1.4325e-04,1.3979e-04,1.2968e-04,1.5910e-04,1.5815e-04,1.6481e-04,1.3438e-04,1.5902e-04,1.3908e-04,1.4406e-04,1.2621e-04
0.745316,1.5209e-04,1.7603e-04,1.4500e-04,1.4167e-04,1.5915e-04,1.3504e-04,1.7357e-04,1.6644e-04,1.7904e-04,1.5701e-04,2.0385e-04,1.3728e-04,1.0449e-04,1.2255e-04,1.6137e-04,1.4213e-04,2.0824e-04,1.9207e-04,1.9970e-04,2.5498e-04,2.6040e-04,1.4453e-04,4.3327e-05,9.6851e-05,8.0811e-05,1.1703e-04,1.5791e-04,1.5449e-04,1.4354e-04,1.7594e-04,1.7479e-04,1.8225e-04,1.4896e-04,1.7568e-04,1.5409e-04,1.5943e-04,1.3965e-04
0.755713,1.6814e-04,1.9429e-04,1.6031e-04,1.5651e-04,1.7608e-04,1.4982e-04,1.9163e-04,1.8413e-04,1.9724e-04,1.7321e-04,2.2462e-04,1.5137e-04,1.1569e-04,1.3535e-04,1.7830e-04,1.5719e-04,2.2983e-04,2.1189e-04,2.2055e-04,2.8152e-04,2.8727e-04,1.5955e-04,4.7781e-05,1.0729e-04,8.9977e-05,1.2962e-04,1.7388e-04,1.7054e-04,1.5871e-04,1.9434e-04,1.9297e-04,2.0132e-04,1.6494e-04,1.9388e-04,1.7052e-04,1.7624e-04,1.5434e-04
0.766254,1.8568e-04,2.1421e-04,1.7704e-04,1.7270e-04,1.9458e-04,1.6602e-04,2.1133e-04,2.0345e-04,2.1704e-04,1.9086e-04,2.4723e-04,1.6673e-04,1.2794e-04,1.4931e-04,1.9678e-04,1.7365e-04,2.5339e-04,2.3349e-04,2.4331e-04,3.1047e-04,3.1656e-04,1.7593e-04,5.2633e-05,1.1871e-04,1.0006e-04,1.4339e-04,1.9124e-04,1.8804e-04,1.7528e-04,2.1442e-04,2.1280e-04,2.2212e-04,1.8243e-04,2.1371e-04,1.8850e-04,1.9461e-04,1.7039e-04
0.776943,2.0481e-04,2.3590e-04,1.9529e-04,1.9036e-04,2.1478e-04,1.8376e-04,2.3279e-04,2.2455e-04,2.3856e-04,2.1007e-04,2.7179e-04,1.8343e-04,1.4133e-04,1.6453e-04,2.1692e-04,1.9161e-04,2.7903e-04,2.5700e-04,2.6811e-04,3.4200e-04,3.4844e-04,1.9377e-04,5.7911e-05,1.3120e-04,1.1114e-04,1.5844e-04,2.1009e-04,2.0711e-04,1.9335e-04,2.3630e-04,2.3439e-04,2.4479e-04,2.0154e-04,2.3531e-04,2.0812e-04,2.1464e-04,1.8788e-04
0.78778,2.0843e-04,2.3969e-04,1.9876e-04,1.9358e-04,2.1874e-04,1.8765e-04,2.3659e-04,2.2866e-04,2.4193e-04,2.1333e-04,2.7569e-04,1.8619e-04,1.4404e-04,1.6727e-04,2.2063e-04,1.9507e-04,2.8350e-04,2.6099e-04,2.7258e-04,3.4759e-04,3.8541e-04,1.9690e-04,5.8789e-05,1.3378e-04,1.1388e-04,1.6152e-04,2.1294e-04,2.1045e-04,1.9679e-04,2.4027e-04,2.3821e-04,2.4891e-04,2.0542e-04,2.3905e-04,2.1202e-04,2.1841e-04,1.9115e-04
0.798769,2.0886e-04,2.3981e-04,1.9918e-04,1.9385e-04,2.1935e-04,1.8868e-04,2.3676e-04,2.2928e-04,2.4158e-04,2.1331e-04,2.7535e-04,1.8609e-04,1.4455e-04,1.6746e-04,2.2096e-04,1.9554e-04,2.8363e-04,2.6099e-04,2.7288e-04,3.4786e-04,4.2429e-04,1.9703e-04,5.8766e-05,1.3432e-04,1.1489e-04,1.6214e-04,2.1253e-04,2.1058e-04,1.9722e-04,2.4056e-04,2.3837e-04,2.4921e-04,2.0616e-04,2.3912e-04,2.1267e-04,2.1885e-04,1.9149e-04
0.809911,2.0930e-04,2.3993e-04,1.9961e-04,1.9411e-04,2.1996e-04,1.8972e-04,2.3694e-04,2.2989e-04,2.4123e-04,2.1330e-04,2.7501e-04,1.8600e-04,1.4506e-04,1.6764e-04,2.2129e-04,1.9602e-04,2.8375e-04,2.6098e-04,2.7317e-04,3.4814e-04,4.2432e-04,1.9715e-04,5.8742e-05,1.3486e-04,1.1591e-04,1.6275e-04,2.1212e-04,2.1071e-04,1.9765e-04,2.4085e-04,2.3854e-04,2.4952e-04,2.0691e-04,2.3920e-04,2.1332e-04,2.1929e-04,1.9183e-04
0.821209,2.0973e-04,2.4004e-04,2.0003e-04,1.9437e-04,2.2057e-04,1.9075e-04,2.3711e-04,2.3051e-04,2.4089e-04,2.1329e-04,2.7468e-04,1.8591e-04,1.4557e-04,1.6782e-04,2.2162e-04,1.9650e-04,2.8388e-04,2.6097e-04,2.7347e-04,3.4841e-04,4.2435e-04,1.9727e-04,5.8718e-05,1.3539e-04,1.1692e-04,1.6337e-04,2.1170e-04,2.1083e-04,1.9808e-04,2.4114e-04,2.3871e-04,2.4983e-04,2.0765e-04,2.3927e-04,2.1398e-04,2.1973e-04,1.9217e-04
0.832664,2.1017e-04,2.4016e-04,2.0045e-04,1.9464e-04,2.2118e-04,1.9178e-04,2.3729e-04,2.3113e-04,2.4054e-04,2.1327e-04,2.7434e-04,1.8581e-04,1.4608e-04,1.6800e-04,2.2195e-04,1.9697e-04,2.8401e-04,2.6096e-04,2.7377e-04,3.4868e-04,4.2438e-04,1.9739e-04,5.8694e-05,1.3593e-04,1.1794e-04,1.6399e-04,2.1129e-04,2.1096e-04,1.9851e-04,2.4143e-04,2.3887e-04,2.5014e-04,2.0840e-04,2.3935e-04,2.1463e-04,2.2017e-04,1.9251e-04
0.844279,2.1060e-04,2.4028e-04,2.0088e-04,1.9490e-04,2.2179e-04,1.9282e-04,2.3746e-04,2.3174e-04,2.4020e-04,2.1326e-04,2.7401e-04,1.8572e-04,1.4658e-04,1.6818e-04,2.2228e-04,1.9745e-04,2.8414e-04,2.6096e-04,2.7407e-04,3.4895e-04,4.2442e-04,1.9751e-04,5.8671e-05,1.3647e-04,1.1895e-04,1.6460e-04,2.1087e-04,2.1109e-04,1.9894e-04,2.4173e-04,2.3904e-04,2.5044e-04,2.0914e-04,2.3942e-04,2.1529e-04,2.2060e-04,1.9285e-04
0.856056,2.1104e-04,2.4040e-04,2.0130e-04,1.9517e-04,2.2241e-04,1.9385e-04,2.3764e-04,2.3236e-04,2.3985e-04,2.1325e-04,2.7367e-04,1.8563e-04,1.4709e-04,1.6837e-04,2.2261e-04,1.9793e-04,2.8427e-04,2.6095e-04,2.7436e-04,3.4923e-04,4.2445e-04,1.9764e-04,5.8647e-05,1.3701e-04,1.1996e-04,1.6522e-04,2.1046e-04,2.1121e-04,1.9937e-04,2.4202e-04,2.3921e-04,2.5075e-04,2.0989e-04,2.3949e-04,2.1594e-04,2.2104e-04,1.9319e-04
0.867997,2.1147e-04,2.4051e-04,2.0173e-04,1.9543e-04,2.2302e-04,1.9488e-04,2.3781e-04,2.3297e-04,2.3951e-04,2.1323e-04,2.7333e-04,1.8553e-04,1.4760e-04,1.6855e-04,2.2295e-04,1.9840e-04,2.8440e-04,2.6094e-04,2.7466e-04,3.4950e-04,4.2448e-04,1.9776e-04,5.8623e-05,1.3755e-04,1.2098e-04,1.6584e-04,2.1004e-04,2.1134e-04,1.9980e-04,2.4231e-04,2.3938e-04,2.5106e-04,2.1063e-04,2.3957e-04,2.1659e-04,2.2148e-04,1.9353e-04
0.880105,2.1182e-04,2.4053e-04,2.0213e-04,1.9632e-04,2.2322e-04,1.9565e-04,2.3831e-04,2.3339e-04,2.3949e-04,2.1371e-04,2.7272e-04,1.8621e-04,1.4889e-04,1.6950e-04,2.2337e-04,1.9904e-04,2.8465e-04,2.6103e-04,2.7488e-04,3.4969e-04,4.2454e-04,1.9899e-04,5.9576e-05,1.3764e-04,1.2189e-04,1.6616e-04,2.0948e-04,2.1157e-04,2.0023e-04,2.4220e-04,2.3958e-04,2.5105e-04,2.1131e-04,2.3957e-04,2.1714e-04,2.2182e-04,1.9399e-04
0.892381,2.1216e-04,2.4053e-04,2.0254e-04,1.9733e-04,2.2333e-04,1.9637e-04,2.3888e-04,2.3376e-04,2.3954e-04,2.1428e-04,2.7205e-04,1.8703e-04,1.5033e-04,1.7062e-04,2.2381e-04,1.9971e-04,2.8492e-04,2.6113e-04,2.7509e-04,3.4986e-04,4.2460e-04,2.0045e-04,6.0723e-05,1.3764e-04,1.2279e-04,1.6644e-04,2.0889e-04,2.1183e-04,2.0066e-04,2.4201e-04,2.3979e-04,2.5099e-04,2.1198e-04,2.3955e-04,2.1767e-04,2.2215e-04,1.9448e-04
0.904829,2.1249e-04,2.4053e-04,2.0294e-04,1.9834e-04,2.2345e-04,1.9709e-04,2.3944e-04,2.3413e-04,2.3959e-04,2.1485e-04,2.7138e-04,1.8786e-04,1.5176e-04,1.7173e-04,2.2425e-04,2.0038e-04,2.8520e-04,2.6124e-04,2.7530e-04,3.5004e-04,4.2467e-04,2.0191e-04,6.1870e-05,1.3763e-04,1.2369e-04,1.6671e-04,2.0830e-04,2.1208e-04,2.0109e-04,2.4183e-04,2.4000e-04,2.5092e-04,2.1264e-04,2.3953e-04,2.1820e-04,2.2247e-04,1.9497e-04
0.917451,2.1283e-04,2.4053e-04,2.0334e-04,1.9935e-04,2.2357e-04,1.9781e-04,2.4001e-04,2.3450e-04,2.3964e-04,2.1542e-04,2.7070e-04,1.8869e-04,1.5320e-04,1.7284e-04,2.2469e-04,2.0105e-04,2.8548e-04,2.6134e-04,2.7550e-04,3.5021e-04,4.2473e-04,2.0337e-04,6.3017e-05,1.3763e-04,1.2458e-04,1.6698e-04,2.0771e-04,2.1234e-04,2.0151e-04,2.4164e-04,2.4021e-04,2.5086e-04,2.1330e-04,2.3951e-04,2.1874e-04,2.2279e-04,1.9546e-04
0.930248,2.1316e-04,2.4052e-04,2.0374e-04,2.0036e-04,2.2369e-04,1.9853e-04,2.4057e-04,2.3487e-04,2.3968e-04,2.1600e-04,2.7003e-04,1.8951e-04,1.5464e-04,1.7395e-04,2.2513e-04,2.0172e-04,2.8576e-04,2.6145e-04,2.7571e-04,3.5039e-04,4.2479e-04,2.0482e-04,6.4164e-05,1.3763e-04,1.2548e-04,1.6725e-04,2.0712e-04,2.1260e-04,2.0194e-04,2.4145e-04,2.4041e-04,2.5079e-04,2.1397e-04,2.3949e-04,2.1927e-04,2.2312e-04,1.9595e-04
0.943224,2.1350e-04,2.4052e-04,2.0414e-04,2.0137e-04,2.2380e-04,1.9924e-04,2.4114e-04,2.3524e-04,2.3973e-04,2.1657e-04,2.6936e-04,1.9034e-04,1.5608e-04,1.7506e-04,2.2557e-04,2.0238e-04,2.8603e-04,2.6155e-04,2.7591e-04,3.5056e-04,4.2486e-04,2.0628e-04,6.5311e-05,1.3763e-04,1.2638e-04,1.6752e-04,2.0653e-04,2.1285e-04,2.0237e-04,2.4126e-04,2.4062e-04,2.5073e-04,2.1463e-04,2.3948e-04,2.1980e-04,2.2344e-04,1.9644e-04
0.956381,2.1384e-04,2.4052e-04,2.0454e-04,2.0238e-04,2.2392e-04,1.9996e-04,2.4170e-04,2.3561e-04,2.3978e-04,2.1714e-04,2.6869e-04,1.9117e-04,1.5752e-04,1.7617e-04,2.2601e-04,2.0305e-04,2.8631e-04,2.6166e-04,2.7612e-04,3.5074e-04,4.2492e-04,2.0774e-04,6.6458e-05,1.3763e-04,1.2727e-04,1.6779e-04,2.0594e-04,2.1311e-04,2.0280e-04,2.4107e-04,2.4083e-04,2.5066e-04,2.1530e-04,2.3946e-04,2.2033e-04,2.2377e-04,1.9693e-04
0.969722,2.1417e-04,2.4052e-04,2.0494e-04,2.0339e-04,2.2404e-04,2.0068e-04,2.4227e-04,2.3598e-04,2.3983e-04,2.1771e-04,2.6802e-04,1.9199e-04,1.5896e-04,1.7728e-04,2.2645e-04,2.0372e-04,2.8659e-04,2.6176e-04,2.7633e-04,3.5091e-04,4.2498e-04,2.0920e-04,6.7605e-05,1.3763e-04,1.2817e-04,1.6806e-04,2.0535e-04,2.1337e-04,2.0323e-04,2.4089e-04,2.4104e-04,2.5060e-04,2.1596e-04,2.3944e-04,2.2086e-04,2.2409e-04,1.9743e-04
0.983249,2.1451e-04,2.4052e-04,2.0535e-04,2.0440e-04,2.2415e-04,2.0140e-04,2.4284e-04,2.3635e-04,2.3988e-04,2.1829e-04,2.6734e-04,1.9282e-04,1.6039e-04,1.7839e-04,2.2689e-04,2.0439e-04,2.8686e-04,2.6187e-04,2.7653e-04,3.5108e-04,4.2505e-04,2.1065e-04,6.8752e-05,1.3762e-04,1.2907e-04,1.6834e-04,2.0476e-04,2.1362e-04,2.0366e-04,2.4070e-04,2.4125e-04,2.5053e-04,2.1663e-04,2.3942e-04,2.2139e-04,2.2441e-04,1.9792e-04
0.996964,2.1484e-04,2.4051e-04,2.0575e-04,2.0541e-04,2.2427e-04,2.0212e-04,2.4340e-04,2.3672e-04,2.3993e-04,2.1886e-04,2.6667e-04,1.9365e-04,1.6183e-04,1.7951e-04,2.2733e-04,2.0506e-04,2.8714e-04,2.6197e-04,2.7674e-04,3.5126e-04,4.2511e-04,2.1211e-04,6.9899e-05,1.3762e-04,1.2996e-04,1.6861e-04,2.0417e-04,2.1388e-04,2.0408e-04,2.4051e-04,2.4146e-04,2.5047e-04,2.1729e-04,2.3940e-04,2.2192e-04,2.2474e-04,1.9841e-04
1.01087,2.1518e-04,2.4051e-04,2.0615e-04,2.0642e-04,2.2439e-04,2.0283e-04,2.4397e-04,2.3709e-04,2.3998e-04,2.1943e-04,2.6600e-04,1.9447e-04,1.6327e-04,1.8062e-04,2.2778e-04,2.0573e-04,2.8742e-04,2.6208e-04,2.7694e-04,3.5143e-04,4.2517e-04,2.1357e-04,7.1046e-05,1.3762e-04,1.3086e-04,1.6888e-04,2.0358e-04,2.1413e-04,2.0451e-04,2.4032e-04,2.4167e-04,2.5040e-04,2.1796e-04,2.3938e-04,2.2245e-04,2.2506e-04,1.9890e-04
1.02497,2.1551e-04,2.4051e-04,2.0655e-04,2.0743e-04,2.2451e-04,2.0355e-04,2.4453e-04,2.3746e-04,2.4003e-04,2.2000e-04,2.6533e-04,1.9530e-04,1.6471e-04,1.8173e-04,2.2822e-04,2.0640e-04,2.8770e-04,2.6218e-04,2.7715e-04,3.5161e-04,4.2523e-04,2.1502e-04,7.2193e-05,1.3762e-04,1.3176e-04,1.6915e-04,2.0299e-04,2.1439e-04,2.0494e-04,2.4014e-04,2.4188e-04,2.5034e-04,2.1862e-04,2.3937e-04,2.2298e-04,2.2538e-04,1.9939e-04
1.03927,2.1585e-04,2.4051e-04,2.0695e-04,2.0844e-04,2.2462e-04,2.0427e-04,2.4510e-04,2.3783e-04,2.4007e-04,2.2058e-04,2.6466e-04,1.9612e-04,1.6615e-04,1.8284e-04,2.2866e-04,2.0707e-04,2.8797e-04,2.6228e-04,2.7736e-04,3.5178e-04,4.2530e-04,2.1648e-04,7.3340e-05,1.3762e-04,1.3265e-04,1.6942e-04,2.0240e-04,2.1465e-04,2.0537e-04,2.3995e-04,2.4209e-04,2.5027e-04,2.1929e-04,2.3935e-04,2.2351e-04,2.2571e-04,1.9988e-04
1.05377,2.1618e-04,2.4051e-04,2.0735e-04,2.0945e-04,2.2474e-04,2.0499e-04,2.4566e-04,2.3820e-04,2.4012e-04,2.2115e-04,2.6398e-04,1.9695e-04,1.6759e-04,1.8395e-04,2.2910e-04,2.0773e-04,2.8825e-04,2.6239e-04,2.7756e-04,3.5196e-04,4.2536e-04,2.1794e-04,7.4487e-05,1.3761e-04,1.3355e-04,1.6969e-04,2.0181e-04,2.1490e-04,2.0580e-04,2.3976e-04,2.4230e-04,2.5021e-04,2.1995e-04,2.3933e-04,2.2404e-04,2.2603e-04,2.0037e-04
1.06846,2.1652e-04,2.4050e-04,2.0776e-04,2.1046e-04,2.2486e-04,2.0571e-04,2.4623e-04,2.3857e-04,2.4017e-04,2.2172e-04,2.6331e-04,1.9778e-04,1.6903e-04,1.8506e-04,2.2954e-04,2.0840e-04,2.8853e-04,2.6249e-04,2.7777e-04,3.5213e-04,4.2542e-04,2.1940e-04,7.5634e-05,1.3761e-04,1.3445e-04,1.6996e-04,2.0122e-04,2.1516e-04,2.0623e-04,2.3957e-04,2.4251e-04,2.5014e-04,2.2061e-04,2.3931e-04,2.2457e-04,2.2635e-04,2.0086e-04
1.08337,2.1685e-04,2.4050e-04,2.0816e-04,2.1147e-04,2.2498e-04,2.0642e-04,2.4679e-04,2.3894e-04,2.4022e-04,2.2229e-04,2.6264e-04,1.9860e-04,1.7046e-04,1.8617e-04,2.2998e-04,2.0907e-04,2.8880e-04,2.6260e-04,2.7797e-04,3.5231e-04,4.2549e-04,2.2085e-04,7.6781e-05,1.3761e-04,1.3534e-04,1.7024e-04,2.0063e-04,2.1541e-04,2.0665e-04,2.3938e-04,2.4272e-04,2.5007e-04,2.2128e-04,2.3929e-04,2.2510e-04,2.2668e-04,2.0135e-04
1.09848,2.1719e-04,2.4050e-04,2.0856e-04,2.1248e-04,2.2509e-04,2.0714e-04,2.4736e-04,2.3931e-04,2.4027e-04,2.2287e-04,2.6197e-04,1.9943e-04,1.7190e-04,1.8728e-04,2.3042e-04,2.0974e-04,2.8908e-04,2.6270e-04,2.7818e-04,3.5248e-04,4.2555e-04,2.2231e-04,7.7928e-05,1.3761e-04,1.3624e-04,1.7051e-04,2.0004e-04,2.1567e-04,2.0708e-04,2.3920e-04,2.4293e-04,2.5001e-04,2.2194e-04,2.3928e-04,2.2563e-04,2.2700e-04,2.0184e-04
1.1138,2.1753e-04,2.4050e-04,2.0896e-04,2.1349e-04,2.2521e-04,2.0786e-04,2.4792e-04,2.3968e-04,2.4032e-04,2.2344e-04,2.6130e-04,2.0026e-04,1.7334e-04,1.8840e-04,2.3086e-04,2.1041e-04,2.8936e-04,2.6281e-04,2.7838e-04,3.5265e-04,4.2561e-04,2.2377e-04,7.9075e-05,1.3761e-04,1.3714e-04,1.7078e-04,1.9945e-04,2.1593e-04,2.0751e-04,2.3901e-04,2.4314e-04,2.4994e-04,2.2261e-04,2.3926e-04,2.2616e-04,2.2732e-04,2.0233e-04
1.12934,2.1786e-04,2.4050e-04,2.0936e-04,2.1450e-04,2.2533e-04,2.0858e-04,2.4849e-04,2.4005e-04,2.4037e-04,2.2401e-04,2.6063e-04,2.0108e-04,1.7478e-04,1.8951e-04,2.3130e-04,2.1108e-04,2.8964e-04,2.6291e-04,2.7859e-04,3.5283e-04,4.2568e-04,2.2523e-04,8.0222e-05,1.3761e-04,1.3803e-04,1.7105e-04,1.9886e-04,2.1618e-04,2.0794e-04,2.3882e-04,2.4334e-04,2.4988e-04,2.2327e-04,2.3924e-04,2.2669e-04,2.2765e-04,2.0282e-04
1.14509,2.1820e-04,2.4049e-04,2.0976e-04,2.1551e-04,2.2544e-04,2.0930e-04,2.4905e-04,2.4042e-04,2.4042e-04,2.2458e-04,2.5995e-04,2.0191e-04,1.7622e-04,1.9062e-04,2.3174e-04,2.1175e-04,2.8991e-04,2.6302e-04,2.7880e-04,3.5300e-04,4.2574e-04,2.2668e-04,8.1369e-05,1.3760e-04,1.3893e-04,1.7132e-04,1.9827e-04,2.1644e-04,2.0837e-04,2.3863e-04,2.4355e-04,2.4981e-04,2.2394e-04,2.3922e-04,2.2723e-04,2.2797e-04,2.0331e-04
1.16107,2.1853e-04,2.4049e-04,2.1016e-04,2.1652e-04,2.2556e-04,2.1001e-04,2.4962e-04,2.4079e-04,2.4046e-04,2.2515e-04,2.5928e-04,2.0274e-04,1.7766e-04,1.9173e-04,2.3218e-04,2.1242e-04,2.9019e-04,2.6312e-04,2.7900e-04,3.5318e-04,4.2580e-04,2.2814e-04,8.2516e-05,1.3760e-04,1.3983e-04,1.7159e-04,1.9768e-04,2.1670e-04,2.0880e-04,2.3845e-04,2.4376e-04,2.4975e-04,2.2460e-04,2.3920e-04,2.2776e-04,2.2830e-04,2.0380e-04
1.17726,2.1887e-04,2.4049e-04,2.1057e-04,2.1753e-04,2.2568e-04,2.1073e-04,2.5019e-04,2.4116e-04,2.4051e-04,2.2573e-04,2.5861e-04,2.0356e-04,1.7909e-04,1.9284e-04,2.3262e-04,2.1309e-04,2.9047e-04,2.6323e-04,2.7921e-04,3.5335e-04,4.2587e-04,2.2960e-04,8.3663e-05,1.3760e-04,1.4072e-04,1.7186e-04,1.9709e-04,2.1695e-04,2.0922e-04,2.3826e-04,2.4397e-04,2.4968e-04,2.2527e-04,2.3919e-04,2.2829e-04,2.2862e-04,2.0429e-04
1.19368,2.1920e-04,2.4049e-04,2.1097e-04,2.1854e-04,2.2580e-04,2.1145e-04,2.5075e-04,2.4153e-04,2.4056e-04,2.2630e-04,2.5794e-04,2.0439e-04,1.8053e-04,1.9395e-04,2.3306e-04,2.1375e-04,2.9075e-04,2.6333e-04,2.7941e-04,3.5353e-04,4.2593e-04,2.3106e-04,8.4810e-05,1.3760e-04,1.4162e-04,1.7213e-04,1.9650e-04,2.1721e-04,2.0965e-04,2.3807e-04,2.4418e-04,2.4962e-04,2.2593e-04,2.3917e-04,2.2882e-04,2.2894e-04,2.0478e-04
1.21033,2.1954e-04,2.4048e-04,2.1137e-04,2.1955e-04,2.2591e-04,2.1217e-04,2.5132e-04,2.4190e-04,2.4061e-04,2.2687e-04,2.5727e-04,2.0522e-04,1.8197e-04,1.9506e-04,2.3351e-04,2.1442e-04,2.9102e-04,2.6344e-04,2.7962e-04,3.5370e-04,4.2599e-04,2.3251e-04,8.5957e-05,1.3760e-04,1.4252e-04,1.7241e-04,1.9591e-04,2.1746e-04,2.1008e-04,2.3788e-04,2.4439e-04,2.4955e-04,2.2659e-04,2.3915e-04,2.2935e-04,2.2927e-04,2.0527e-04
1.22722,2.1987e-04,2.4048e-04,2.1177e-04,2.2056e-04,2.2603e-04,2.1289e-04,2.5188e-04,2.4227e-04,2.4066e-04,2.2744e-04,2.5659e-04,2.0604e-04,1.8341e-04,1.9617e-04,2.3395e-04,2.1509e-04,2.9130e-04,2.6354e-04,2.7983e-04,3.5387e-04,4.2606e-04,2.3397e-04,8.7104e-05,1.3759e-04,1.4341e-04,1.7268e-04,1.9532e-04,2.1772e-04,2.1051e-04,2.3769e-04,2.4460e-04,2.4949e-04,2.2726e-04,2.3913e-04,2.2988e-04,2.2959e-04,2.0576e-04
1.24434,2.2021e-04,2.4048e-04,2.1217e-04,2.2157e-04,2.2615e-04,2.1360e-04,2.5245e-04,2.4264e-04,2.4071e-04,2.2802e-04,2.5592e-04,2.0687e-04,1.8485e-04,1.9728e-04,2.3439e-04,2.1576e-04,2.9158e-04,2.6365e-04,2.8003e-04,3.5405e-04,4.2612e-04,2.3543e-04,8.8251e-05,1.3759e-04,1.4431e-04,1.7295e-04,1.9473e-04,2.1798e-04,2.1094e-04,2.3751e-04,2.4481e-04,2.4942e-04,2.2792e-04,2.3911e-04,2.3041e-04,2.2991e-04,2.0625e-04
1.26169,2.2054e-04,2.4048e-04,2.1257e-04,2.2258e-04,2.2627e-04,2.1432e-04,2.5301e-04,2.4301e-04,2.4076e-04,2.2859e-04,2.5525e-04,2.0770e-04,1.8629e-04,1.9840e-04,2.3483e-04,2.1643e-04,2.9185e-04,2.6375e-04,2.8024e-04,3.5422e-04,4.2618e-04,2.3689e-04,8.9398e-05,1.3759e-04,1.4520e-04,1.7322e-04,1.9414e-04,2.1823e-04,2.1137e-04,2.3732e-04,2.4502e-04,2.4936e-04,2.2859e-04,2.3909e-04,2.3094e-04,2.3024e-04,2.0674e-04
1.27929,2.2088e-04,2.4048e-04,2.1298e-04,2.2359e-04,2.2638e-04,2.1504e-04,2.5358e-04,2.4338e-04,2.4081e-04,2.2916e-04,2.5458e-04,2.0852e-04,1.8772e-04,1.9951e-04,2.3527e-04,2.1710e-04,2.9213e-04,2.6386e-04,2.8044e-04,3.5440e-04,4.2625e-04,2.3834e-04,9.0544e-05,1.3759e-04,1.4610e-04,1.7349e-04,1.9355e-04,2.1849e-04,2.1179e-04,2.3713e-04,2.4523e-04,2.4929e-04,2.2925e-04,2.3908e-04,2.3147e-04,2.3056e-04,2.0723e-04
1.29714,2.2122e-04,2.4047e-04,2.1338e-04,2.2460e-04,2.2650e-04,2.1576e-04,2.5414e-04,2.4375e-04,2.4085e-04,2.2973e-04,2.5391e-04,2.0935e-04,1.8916e-04,2.0062e-04,2.3571e-04,2.1777e-04,2.9241e-04,2.6396e-04,2.8065e-04,3.5457e-04,4.2631e-04,2.3980e-04,9.1691e-05,1.3759e-04,1.4700e-04,1.7376e-04,1.9296e-04,2.1874e-04,2.1222e-04,2.3694e-04,2.4544e-04,2.4923e-04,2.2992e-04,2.3906e-04,2.3200e-04,2.3088e-04,2.0772e-04
1.31523,2.2155e-04,2.4047e-04,2.1378e-04,2.2561e-04,2.2662e-04,2.1648e-04,2.5471e-04,2.4412e-04,2.4090e-04,2.3031e-04,2.5323e-04,2.1017e-04,1.9060e-04,2.0173e-04,2.3615e-04,2.1844e-04,2.9269e-04,2.6407e-04,2.8086e-04,3.5475e-04,4.2637e-04,2.4126e-04,9.2838e-05,1.3759e-04,1.4789e-04,1.7403e-04,1.9237e-04,2.1900e-04,2.1265e-04,2.3676e-04,2.4565e-04,2.4916e-04,2.3058e-04,2.3904e-04,2.3253e-04,2.3121e-04,2.0822e-04
1.33358,2.2189e-04,2.4047e-04,2.1418e-04,2.2662e-04,2.2673e-04,2.1719e-04,2.5527e-04,2.4449e-04,2.4095e-04,2.3088e-04,2.5256e-04,2.1100e-04,1.9204e-04,2.0284e-04,2.3659e-04,2.1910e-04,2.9296e-04,2.6417e-04,2.8106e-04,3.5492e-04,4.2644e-04,2.4272e-04,9.3985e-05,1.3758e-04,1.4879e-04,1.7431e-04,1.9178e-04,2.1926e-04,2.1308e-04,2.3657e-04,2.4586e-04,2.4910e-04,2.3125e-04,2.3902e-04,2.3306e-04,2.3153e-04,2.0871e-04
1.35218,2.2222e-04,2.4047e-04,2.1458e-04,2.2763e-04,2.2685e-04,2.1791e-04,2.5584e-04,2.4486e-04,2.4100e-04,2.3145e-04,2.5189e-04,2.1183e-04,1.9348e-04,2.0395e-04,2.3703e-04,2.1977e-04,2.9324e-04,2.6428e-04,2.8127e-04,3.5510e-04,4.2650e-04,2.4417e-04,9.5132e-05,1.3758e-04,1.4969e-04,1.7458e-04,1.9119e-04,2.1951e-04,2.1351e-04,2.3638e-04,2.4606e-04,2.4903e-04,2.3191e-04,2.3900e-04,2.3359e-04,2.3185e-04,2.0920e-04
1.37104,2.2256e-04,2.4047e-04,2.1498e-04,2.2864e-04,2.2697e-04,2.1863e-04,2.5640e-04,2.4523e-04,2.4105e-04,2.3202e-04,2.5122e-04,2.1265e-04,1.9492e-04,2.0506e-04,2.3747e-04,2.2044e-04,2.9352e-04,2.6438e-04,2.8147e-04,3.5527e-04,4.2656e-04,2.4563e-04,9.6279e-05,1.3758e-04,1.5058e-04,1.7485e-04,1.9060e-04,2.1977e-04,2.1394e-04,2.3619e-04,2.4627e-04,2.4896e-04,2.3258e-04,2.3899e-04,2.3412e-04,2.3218e-04,2.0969e-04
1.39017,2.2289e-04,2.4046e-04,2.1538e-04,2.2965e-04,2.2709e-04,2.1935e-04,2.5697e-04,2.4560e-04,2.4110e-04,2.3260e-04,2.5055e-04,2.1348e-04,1.9635e-04,2.0617e-04,2.3791e-04,2.2111e-04,2.9379e-04,2.6449e-04,2.8168e-04,3.5544e-04,4.2663e-04,2.4709e-04,9.7426e-05,1.3758e-04,1.5148e-04,1.7512e-04,1.9001e-04,2.2003e-04,2.1436e-04,2.3601e-04,2.4648e-04,2.4890e-04,2.3324e-04,2.3897e-04,2.3465e-04,2.3250e-04,2.1018e-04
1.40956,2.2323e-04,2.4046e-04,2.1579e-04,2.3066e-04,2.2720e-04,2.2007e-04,2.5754e-04,2.4597e-04,2.4115e-04,2.3317e-04,2.4987e-04,2.1431e-04,1.9779e-04,2.0728e-04,2.3835e-04,2.2178e-04,2.9407e-04,2.6459e-04,2.8189e-04,3.5562e-04,4.2669e-04,2.4855e-04,9.8573e-05,1.3758e-04,1.5238e-04,1.7539e-04,1.8942e-04,2.2028e-04,2.1479e-04,2.3582e-04,2.4669e-04,2.4883e-04,2.3390e-04,2.3895e-04,2.3518e-04,2.3282e-04,2.1067e-04
1.42922,2.2356e-04,2.4046e-04,2.1619e-04,2.3167e-04,2.2732e-04,2.2078e-04,2.5810e-04,2.4634e-04,2.4120e-04,2.3374e-04,2.4920e-04,2.1513e-04,1.9923e-04,2.0840e-04,2.3880e-04,2.2245e-04,2.9435e-04,2.6469e-04,2.8209e-04,3.5579e-04,4.2675e-04,2.5000e-04,9.9720e-05,1.3758e-04,1.5327e-04,1.7566e-04,1.8883e-04,2.2054e-04,2.1522e-04,2.3563e-04,2.4690e-04,2.4877e-04,2.3457e-04,2.3893e-04,2.3572e-04,2.3315e-04,2.1116e-04
1.44916,2.2390e-04,2.4046e-04,2.1659e-04,2.3268e-04,2.2744e-04,2.2150e-04,2.5867e-04,2.4671e-04,2.4125e-04,2.3431e-04,2.4853e-04,2.1596e-04,2.0067e-04,2.0951e-04,2.3924e-04,2.2312e-04,2.9463e-04,2.6480e-04,2.8230e-04,3.5597e-04,4.2682e-04,2.5146e-04,1.0087e-04,1.3757e-04,1.5417e-04,1.7593e-04,1.8824e-04,2.2079e-04,2.1565e-04,2.3544e-04,2.4711e-04,2.4870e-04,2.3523e-04,2.3891e-04,2.3625e-04,2.3347e-04,2.1165e-04
1.46937,2.2423e-04,2.4046e-04,2.1699e-04,2.3369e-04,2.2756e-04,2.2222e-04,2.5923e-04,2.4708e-04,2.4129e-04,2.3489e-04,2.4786e-04,2.1679e-04,2.0211e-04,2.1062e-04,2.3968e-04,2.2379e-04,2.9490e-04,2.6490e-04,2.8250e-04,3.5614e-04,4.2688e-04,2.5292e-04,1.0201e-04,1.3757e-04,1.5507e-04,1.7621e-04,1.8765e-04,2.2105e-04,2.1608e-04,2.3525e-04,2.4732e-04,2.4864e-04,2.3590e-04,2.3890e-04,2.3678e-04,2.3380e-04,2.1214e-04
1.48987,2.2479e-04,2.4064e-04,2.1727e-04,2.3399e-04,2.2779e-04,2.2293e-04,2.5869e-04,2.4726e-04,2.4132e-04,2.3539e-04,2.4776e-04,2.1718e-04,2.0303e-04,2.1168e-04,2.3990e-04,2.2399e-04,2.9433e-04,2.6500e-04,2.8240e-04,3.5565e-04,4.2633e-04,2.5447e-04,1.0344e-04,1.3797e-04,1.5551e-04,1.7628e-04,1.8740e-04,2.2125e-04,2.1692e-04,2.3547e-04,2.4762e-04,2.4854e-04,2.3618e-04,2.3912e-04,2.3722e-04,2.3389e-04,2.1288e-04
1.51065,2.2536e-04,2.4083e-04,2.1755e-04,2.3426e-04,2.2802e-04,2.2363e-04,2.5811e-04,2.4744e-04,2.4135e-04,2.3590e-04,2.4768e-04,2.1757e-04,2.0393e-04,2.1274e-04,2.4012e-04,2.2418e-04,2.9372e-04,2.6510e-04,2.8228e-04,3.5514e-04,4.2575e-04,2.5602e-04,1.0487e-04,1.3838e-04,1.5593e-04,1.7635e-04,1.8715e-04,2.2144e-04,2.1777e-04,2.3570e-04,2.4792e-04,2.4844e-04,2.3646e-04,2.3936e-04,2.3765e-04,2.3397e-04,2.1363e-04
1.53172,2.2592e-04,2.4102e-04,2.1783e-04,2.3453e-04,2.2826e-04,2.2434e-04,2.5754e-04,2.4762e-04,2.4138e-04,2.3640e-04,2.4760e-04,2.1795e-04,2.0483e-04,2.1380e-04,2.4034e-04,2.2437e-04,2.9312e-04,2.6520e-04,2.8216e-04,3.5462e-04,4.2518e-04,2.5758e-04,1.0630e-04,1.3879e-04,1.5636e-04,1.7642e-04,1.8691e-04,2.2164e-04,2.1863e-04,2.3593e-04,2.4823e-04,2.4834e-04,2.3673e-04,2.3959e-04,2.3809e-04,2.3406e-04,2.1438e-04
1.55309,2.2649e-04,2.4121e-04,2.1811e-04,2.3480e-04,2.2850e-04,2.2504e-04,2.5696e-04,2.4780e-04,2.4141e-04,2.3691e-04,2.4753e-04,2.1833e-04,2.0573e-04,2.1486e-04,2.4055e-04,2.2456e-04,2.9252e-04,2.6530e-04,2.8204e-04,3.5411e-04,4.2461e-04,2.5913e-04,1.0773e-04,1.3920e-04,1.5678e-04,1.7649e-04,1.8666e-04,2.2183e-04,2.1948e-04,2.3616e-04,2.4853e-04,2.4824e-04,2.3700e-04,2.3982e-04,2.3853e-04,2.3415e-04,2.1513e-04
1.57475,2.2705e-04,2.4140e-04,2.1839e-04,2.3507e-04,2.2873e-04,2.2575e-04,2.5638e-04,2.4798e-04,2.4144e-04,2.3741e-04,2.4745e-04,2.1871e-04,2.0664e-04,2.1592e-04,2.4077e-04,2.2475e-04,2.9192e-04,2.6540e-04,2.8193e-04,3.5359e-04,4.2404e-04,2.6069e-04,1.0916e-04,1.3961e-04,1.5721e-04,1.7656e-04,1.8642e-04,2.2203e-04,2.2034e-04,2.3639e-04,2.4883e-04,2.4814e-04,2.3728e-04,2.4006e-04,2.3897e-04,2.3423e-04,2.1589e-04
1.59672,2.2762e-04,2.4159e-04,2.1866e-04,2.3535e-04,2.2897e-04,2.2645e-04,2.5580e-04,2.4816e-04,2.4147e-04,2.3792e-04,2.4737e-04,2.1910e-04,2.0754e-04,2.1698e-04,2.4099e-04,2.2494e-04,2.9131e-04,2.6549e-04,2.8181e-04,3.5308e-04,4.2346e-04,2.6224e-04,1.1059e-04,1.4002e-04,1.5763e-04,1.7664e-04,1.8618e-04,2.2222e-04,2.2120e-04,2.3662e-04,2.4913e-04,2.4805e-04,2.3755e-04,2.4029e-04,2.3940e-04,2.3432e-04,2.1664e-04
1.61899,2.2818e-04,2.4178e-04,2.1894e-04,2.3562e-04,2.2921e-04,2.2716e-04,2.5523e-04,2.4834e-04,2.4150e-04,2.3842e-04,2.4729e-04,2.1948e-04,2.0844e-04,2.1804e-04,2.4120e-04,2.2513e-04,2.9071e-04,2.6559e-04,2.8169e-04,3.5256e-04,4.2289e-04,2.6380e-04,1.1202e-04,1.4043e-04,1.5806e-04,1.7671e-04,1.8593e-04,2.2242e-04,2.2205e-04,2.3684e-04,2.4944e-04,2.4795e-04,2.3782e-04,2.4052e-04,2.3984e-04,2.3440e-04,2.1739e-04
1.64157,2.2875e-04,2.4197e-04,2.1922e-04,2.3589e-04,2.2944e-04,2.2787e-04,2.5465e-04,2.4852e-04,2.4153e-04,2.3893e-04,2.4721e-04,2.1986e-04,2.0934e-04,2.1910e-04,2.4142e-04,2.2532e-04,2.9011e-04,2.6569e-04,2.8158e-04,3.5205e-04,4.2232e-04,2.6535e-04,1.1345e-04,1.4083e-04,1.5848e-04,1.7678e-04,1.8569e-04,2.2261e-04,2.2291e-04,2.3707e-04,2.4974e-04,2.4785e-04,2.3810e-04,2.4076e-04,2.4028e-04,2.3449e-04,2.1814e-04
1.66447,2.2931e-04,2.4216e-04,2.1950e-04,2.3616e-04,2.2968e-04,2.2857e-04,2.5407e-04,2.4870e-04,2.4156e-04,2.3943e-04,2.4713e-04,2.2025e-04,2.1025e-04,2.2016e-04,2.4164e-04,2.2551e-04,2.8951e-04,2.6579e-04,2.8146e-04,3.5154e-04,4.2175e-04,2.6691e-04,1.1488e-04,1.4124e-04,1.5891e-04,1.7685e-04,1.8544e-04,2.2281e-04,2.2376e-04,2.3730e-04,2.5004e-04,2.4775e-04,2.3837e-04,2.4099e-04,2.4072e-04,2.3458e-04,2.1889e-04
1.68769,2.2988e-04,2.4235e-04,2.1978e-04,2.3643e-04,2.2991e-04,2.2928e-04,2.5350e-04,2.4888e-04,2.4159e-04,2.3994e-04,2.4705e-04,2.2063e-04,2.1115e-04,2.2122e-04,2.4186e-04,2.2570e-04,2.8890e-04,2.6589e-04,2.8134e-04,3.5102e-04,4.2117e-04,2.6846e-04,1.1631e-04,1.4165e-04,1.5933e-04,1.7692e-04,1.8520e-04,2.2300e-04,2.2462e-04,2.3753e-04,2.5035e-04,2.4765e-04,2.3865e-04,2.4122e-04,2.4115e-04,2.3466e-04,2.1964e-04
1.71123,2.3044e-04,2.4254e-04,2.2006e-04,2.3670e-04,2.3015e-04,2.2998e-04,2.5292e-04,2.4905e-04,2.4162e-04,2.4044e-04,2.4697e-04,2.2101e-04,2.1205e-04,2.2228e-04,2.4207e-04,2.2589e-04,2.8830e-04,2.6598e-04,2.8122e-04,3.5051e-04,4.2060e-04,2.7001e-04,1.1774e-04,1.4206e-04,1.5976e-04,1.7699e-04,1.8495e-04,2.2320e-04,2.2547e-04,2.3776e-04,2.5065e-04,2.4755e-04,2.3892e-04,2.4146e-04,2.4159e-04,2.3475e-04,2.2039e-04
1.7351,2.3101e-04,2.4273e-04,2.2033e-04,2.3697e-04,2.3039e-04,2.3069e-04,2.5234e-04,2.4923e-04,2.4165e-04,2.4094e-04,2.4690e-04,2.2139e-04,2.1295e-04,2.2334e-04,2.4229e-04,2.2608e-04,2.8770e-04,2.6608e-04,2.8111e-04,3.4999e-04,4.2003e-04,2.7157e-04,1.1917e-04,1.4247e-04,1.6018e-04,1.7706e-04,1.8471e-04,2.2339e-04,2.2633e-04,2.3799e-04,2.5095e-04,2.4745e-04,2.3919e-04,2.4169e-04,2.4203e-04,2.3483e-04,2.2114e-04
1.75931,2.3157e-04,2.4292e-04,2.2061e-04,2.3725e-04,2.3062e-04,2.3139e-04,2.5176e-04,2.4941e-04,2.4168e-04,2.4145e-04,2.4682e-04,2.2178e-04,2.1385e-04,2.2440e-04,2.4251e-04,2.2627e-04,2.8709e-04,2.6618e-04,2.8099e-04,3.4948e-04,4.1946e-04,2.7312e-04,1.2060e-04,1.4288e-04,1.6061e-04,1.7713e-04,1.8447e-04,2.2359e-04,2.2718e-04,2.3822e-04,2.5125e-04,2.4735e-04,2.3947e-04,2.4193e-04,2.4247e-04,2.3492e-04,2.2189e-04
1.78385,2.3214e-04,2.4311e-04,2.2089e-04,2.3752e-04,2.3086e-04,2.3210e-04,2.5119e-04,2.4959e-04,2.4171e-04,2.4195e-04,2.4674e-04,2.2216e-04,2.1476e-04,2.2546e-04,2.4272e-04,2.2645e-04,2.8649e-04,2.6628e-04,2.8087e-04,3.4897e-04,4.1888e-04,2.7468e-04,1.2203e-04,1.4329e-04,1.6103e-04,1.7720e-04,1.8422e-04,2.2378e-04,2.2804e-04,2.3845e-04,2.5156e-04,2.4725e-04,2.3974e-04,2.4216e-04,2.4290e-04,2.3500e-04,2.2264e-04
1.80873,2.3270e-04,2.4330e-04,2.2117e-04,2.3779e-04,2.3110e-04,2.3280e-04,2.5061e-04,2.4977e-04,2.4174e-04,2.4246e-04,2.4666e-04,2.2254e-04,2.1566e-04,2.2652e-04,2.4294e-04,2.2664e-04,2.8589e-04,2.6638e-04,2.8075e-04,3.4845e-04,4.1831e-04,2.7623e-04,1.2346e-04,1.4370e-04,1.6146e-04,1.7727e-04,1.8398e-04,2.2398e-04,2.2889e-04,2.3868e-04,2.5186e-04,2.4715e-04,2.4001e-04,2.4239e-04,2.4334e-04,2.3509e-04,2.2339e-04
1.83396,2.3327e-04,2.4349e-04,2.2145e-04,2.3806e-04,2.3133e-04,2.3351e-04,2.5003e-04,2.4995e-04,2.4177e-04,2.4296e-04,2.4658e-04,2.2293e-04,2.1656e-04,2.2758e-04,2.4316e-04,2.2683e-04,2.8529e-04,2.6647e-04,2.8064e-04,3.4794e-04,4.1774e-04,2.7779e-04,1.2489e-04,1.4411e-04,1.6188e-04,1.7734e-04,1.8373e-04,2.2417e-04,2.2975e-04,2.3891e-04,2.5216e-04,2.4706e-04,2.4029e-04,2.4263e-04,2.4378e-04,2.3518e-04,2.2414e-04
1.85954,2.3383e-04,2.4368e-04,2.2172e-04,2.3833e-04,2.3157e-04,2.3422e-04,2.4946e-04,2.5013e-04,2.4180e-04,2.4347e-04,2.4650e-04,2.2331e-04,2.1746e-04,2.2864e-04,2.4338e-04,2.2702e-04,2.8468e-04,2.6657e-04,2.8052e-04,3.4742e-04,4.1717e-04,2.7934e-04,1.2632e-04,1.4452e-04,1.6231e-04,1.7741e-04,1.8349e-04,2.2437e-04,2.3060e-04,2.3914e-04,2.5246e-04,2.4696e-04,2.4056e-04,2.4286e-04,2.4421e-04,2.3526e-04,2.2490e-04
1.88548,2.3440e-04,2.4387e-04,2.2200e-04,2.3860e-04,2.3180e-04,2.3492e-04,2.4888e-04,2.5031e-04,2.4183e-04,2.4397e-04,2.4642e-04,2.2369e-04,2.1837e-04,2.2970e-04,2.4359e-04,2.2721e-04,2.8408e-04,2.6667e-04,2.8040e-04,3.4691e-04,4.1659e-04,2.8090e-04,1.2775e-04,1.4493e-04,1.6273e-04,1.7748e-04,1.8325e-04,2.2456e-04,2.3146e-04,2.3936e-04,2.5277e-04,2.4686e-04,2.4083e-04,2.4309e-04,2.4465e-04,2.3535e-04,2.2565e-04
1.91178,2.3496e-04,2.4406e-04,2.2228e-04,2.3887e-04,2.3204e-04,2.3563e-04,2.4830e-04,2.5049e-04,2.4186e-04,2.4448e-04,2.4634e-04,2.2408e-04,2.1927e-04,2.3076e-04,2.4381e-04,2.2740e-04,2.8348e-04,2.6677e-04,2.8029e-04,3.4639e-04,4.1602e-04,2.8245e-04,1.2918e-04,1.4534e-04,1.6316e-04,1.7755e-04,1.8300e-04,2.2476e-04,2.3231e-04,2.3959e-04,2.5307e-04,2.4676e-04,2.4111e-04,2.4333e-04,2.4509e-04,2.3543e-04,2.2640e-04
1.93845,2.3553e-04,2.4425e-04,2.2256e-04,2.3914e-04,2.3228e-04,2.3633e-04,2.4772e-04,2.5067e-04,2.4189e-04,2.4498e-04,2.4627e-04,2.2446e-04,2.2017e-04,2.3182e-04,2.4403e-04,2.2759e-04,2.8287e-04,2.6687e-04,2.8017e-04,3.4588e-04,4.1545e-04,2.8400e-04,1.3061e-04,1.4575e-04,1.6358e-04,1.7762e-04,1.8276e-04,2.2495e-04,2.3317e-04,2.3982e-04,2.5337e-04,2.4666e-04,2.4138e-04,2.4356e-04,2.4553e-04,2.3552e-04,2.2715e-04
1.96549,2.3610e-04,2.4444e-04,2.2284e-04,2.3942e-04,2.3251e-04,2.3704e-04,2.4715e-04,2.5084e-04,2.4192e-04,2.4549e-04,2.4619e-04,2.2484e-04,2.2107e-04,2.3288e-04,2.4424e-04,2.2778e-04,2.8227e-04,2.6697e-04,2.8005e-04,3.4537e-04,4.1487e-04,2.8556e-04,1.3204e-04,1.4616e-04,1.6401e-04,1.7769e-04,1.8251e-04,2.2515e-04,2.3402e-04,2.4005e-04,2.5368e-04,2.4656e-04,2.4165e-04,2.4380e-04,2.4596e-04,2.3561e-04,2.2790e-04
1.99291,2.3666e-04,2.4463e-04,2.2312e-04,2.3969e-04,2.3275e-04,2.3774e-04,2.4657e-04,2.5102e-04,2.4194e-04,2.4599e-04,2.4611e-04,2.2522e-04,2.2198e-04,2.3394e-04,2.4446e-04,2.2797e-04,2.8167e-04,2.6706e-04,2.7993e-04,3.4485e-04,4.1430e-04,2.8711e-04,1.3347e-04,1.4657e-04,1.6443e-04,1.7777e-04,1.8227e-04,2.2534e-04,2.3488e-04,2.4028e-04,2.5398e-04,2.4646e-04,2.4193e-04,2.4403e-04,2.4640e-04,2.3569e-04,2.2865e-04
2.0207,2.3723e-04,2.4482e-04,2.2339e-04,2.3996e-04,2.3298e-04,2.3845e-04,2.4599e-04,2.5120e-04,2.4197e-04,2.4650e-04,2.4603e-04,2.2561e-04,2.2288e-04,2.3500e-04,2.4468e-04,2.2816e-04,2.8107e-04,2.6716e-04,2.7982e-04,3.4434e-04,4.1373e-04,2.8867e-04,1.3490e-04,1.4698e-04,1.6486e-04,1.7784e-04,1.8202e-04,2.2554e-04,2.3574e-04,2.4051e-04,2.5428e-04,2.4636e-04,2.4220e-04,2.4426e-04,2.4684e-04,2.3578e-04,2.2940e-04
2.04889,2.3779e-04,2.4501e-04,2.2367e-04,2.4023e-04,2.3322e-04,2.3915e-04,2.4542e-04,2.5138e-04,2.4200e-04,2.4700e-04,2.4595e-04,2.2599e-04,2.2378e-04,2.3606e-04,2.4490e-04,2.2835e-04,2.8046e-04,2.6726e-04,2.7970e-04,3.4382e-04,4.1316e-04,2.9022e-04,1.3633e-04,1.4739e-04,1.6528e-04,1.7791e-04,1.8178e-04,2.2573e-04,2.3659e-04,2.4074e-04,2.5458e-04,2.4626e-04,2.4247e-04,2.4450e-04,2.4728e-04,2.3586e-04,2.3015e-04
2.07747,2.3836e-04,2.4520e-04,2.2395e-04,2.4050e-04,2.3346e-04,2.3986e-04,2.4484e-04,2.5156e-04,2.4203e-04,2.4751e-04,2.4587e-04,2.2637e-04,2.2468e-04,2.3712e-04,2.4511e-04,2.2854e-04,2.7986e-04,2.6736e-04,2.7958e-04,3.4331e-04,4.1258e-04,2.9178e-04,1.3776e-04,1.4780e-04,1.6571e-04,1.7798e-04,1.8154e-04,2.2593e-04,2.3745e-04,2.4097e-04,2.5489e-04,2.4617e-04,2.4275e-04,2.4473e-04,2.4771e-04,2.3595e-04,2.3090e-04
2.10645,2.3892e-04,2.4539e-04,2.2423e-04,2.4077e-04,2.3369e-04,2.4057e-04,2.4426e-04,2.5174e-04,2.4206e-04,2.4801e-04,2.4579e-04,2.2676e-04,2.2558e-04,2.3818e-04,2.4533e-04,2.2873e-04,2.7926e-04,2.6746e-04,2.7946e-04,3.4279e-04,4.1201e-04,2.9333e-04,1.3919e-04,1.4821e-04,1.6613e-04,1.7805e-04,1.8129e-04,2.2612e-04,2.3830e-04,2.4120e-04,2.5519e-04,2.4607e-04,2.4302e-04,2.4496e-04,2.4815e-04,2.3603e-04,2.3165e-04
2.13583,2.3949e-04,2.4558e-04,2.2451e-04,2.4104e-04,2.3393e-04,2.4127e-04,2.4368e-04,2.5192e-04,2.4209e-04,2.4852e-04,2.4571e-04,2.2714e-04,2.2649e-04,2.3924e-04,2.4555e-04,2.2892e-04,2.7866e-04,2.6755e-04,2.7935e-04,3.4228e-04,4.1144e-04,2.9489e-04,1.4062e-04,1.4861e-04,1.6656e-04,1.7812e-04,1.8105e-04,2.2632e-04,2.3916e-04,2.4143e-04,2.5549e-04,2.4597e-04,2.4329e-04,2.4520e-04,2.4859e-04,2.3612e-04,2.3240e-04
2.16563,2.4005e-04,2.4578e-04,2.2478e-04,2.4132e-04,2.3417e-04,2.4198e-04,2.4311e-04,2.5210e-04,2.4212e-04,2.4902e-04,2.4563e-04,2.2752e-04,2.2739e-04,2.4030e-04,2.4576e-04,2.2911e-04,2.7805e-04,2.6765e-04,2.7923e-04,3.4177e-04,4.1087e-04,2.9644e-04,1.4205e-04,1.4902e-04,1.6698e-04,1.7819e-04,1.8080e-04,2.2651e-04,2.4001e-04,2.4165e-04,2.5579e-04,2.4587e-04,2.4357e-04,2.4543e-04,2.4902e-04,2.3621e-04,2.3315e-04
2.19583,2.4062e-04,2.4597e-04,2.2506e-04,2.4159e-04,2.3440e-04,2.4268e-04,2.4253e-04,2.5228e-04,2.4215e-04,2.4952e-04,2.4556e-04,2.2790e-04,2.2829e-04,2.4136e-04,2.4598e-04,2.2930e-04,2.7745e-04,2.6775e-04,2.7911e-04,3.4125e-04,4.1029e-04,2.9799e-04,1.4348e-04,1.4943e-04,1.6741e-04,1.7826e-04,1.8056e-04,2.2671e-04,2.4087e-04,2.4188e-04,2.5610e-04,2.4577e-04,2.4384e-04,2.4566e-04,2.4946e-04,2.3629e-04,2.3391e-04
2.22646,2.4118e-04,2.4616e-04,2.2534e-04,2.4186e-04,2.3464e-04,2.4339e-04,2.4195e-04,2.5245e-04,2.4218e-04,2.5003e-04,2.4548e-04,2.2829e-04,2.2919e-04,2.4242e-04,2.4620e-04,2.2949e-04,2.7685e-04,2.6785e-04,2.7899e-04,3.4074e-04,4.0972e-04,2.9955e-04,1.4491e-04,1.4984e-04,1.6783e-04,1.7833e-04,1.8032e-04,2.2690e-04,2.4172e-04,2.4211e-04,2.5640e-04,2.4567e-04,2.4411e-04,2.4590e-04,2.4990e-04,2.3638e-04,2.3466e-04
2.25752,2.4175e-04,2.4635e-04,2.2562e-04,2.4213e-04,2.3487e-04,2.4409e-04,2.4138e-04,2.5263e-04,2.4221e-04,2.5053e-04,2.4540e-04,2.2867e-04,2.3009e-04,2.4348e-04,2.4642e-04,2.2968e-04,2.7624e-04,2.6795e-04,2.7888e-04,3.4022e-04,4.0915e-04,3.0110e-04,1.4634e-04,1.5025e-04,1.6826e-04,1.7840e-04,1.8007e-04,2.2710e-04,2.4258e-04,2.4234e-04,2.5670e-04,2.4557e-04,2.4439e-04,2.4613e-04,2.5034e-04,2.3646e-04,2.3541e-04
2.28901,2.4231e-04,2.4654e-04,2.2590e-04,2.4240e-04,2.3511e-04,2.4480e-04,2.4080e-04,2.5281e-04,2.4224e-04,2.5104e-04,2.4532e-04,2.2905e-04,2.3100e-04,2.4454e-04,2.4663e-04,2.2987e-04,2.7564e-04,2.6804e-04,2.7876e-04,3.3971e-04,4.0858e-04,3.0266e-04,1.4777e-04,1.5066e-04,1.6868e-04,1.7847e-04,1.7983e-04,2.2729e-04,2.4343e-04,2.4257e-04,2.5700e-04,2.4547e-04,2.4466e-04,2.4637e-04,2.5077e-04,2.3655e-04,2.3616e-04
2.32094,2.4288e-04,2.4673e-04,2.2617e-04,2.4267e-04,2.3535e-04,2.4550e-04,2.4022e-04,2.5299e-04,2.4227e-04,2.5154e-04,2.4524e-04,2.2944e-04,2.3190e-04,2.4560e-04,2.4685e-04,2.3005e-04,2.7504e-04,2.6814e-04,2.7864e-04,3.3919e-04,4.0800e-04,3.0421e-04,1.4920e-04,1.5107e-04,1.6911e-04,1.7854e-04,1.7958e-04,2.2749e-04,2.4429e-04,2.4280e-04,2.5731e-04,2.4537e-04,2.4493e-04,2.4660e-04,2.5121e-04,2.3663e-04,2.3691e-04
2.35332,2.4344e-04,2.4692e-04,2.2645e-04,2.4294e-04,2.3558e-04,2.4621e-04,2.3964e-04,2.5317e-04,2.4230e-04,2.5205e-04,2.4516e-04,2.2982e-04,2.3280e-04,2.4666e-04,2.4707e-04,2.3024e-04,2.7443e-04,2.6824e-04,2.7852e-04,3.3868e-04,4.0743e-04,3.0577e-04,1.5063e-04,1.5148e-04,1.6953e-04,1.7861e-04,1.7934e-04,2.2768e-04,2.4514e-04,2.4303e-04,2.5761e-04,2.4527e-04,2.4521e-04,2.4683e-04,2.5165e-04,2.3672e-04,2.3766e-04
2.38614,2.4401e-04,2.4711e-04,2.2673e-04,2.4321e-04,2.3582e-04,2.4691e-04,2.3907e-04,2.5335e-04,2.4233e-04,2.5255e-04,2.4508e-04,2.3020e-04,2.3370e-04,2.4772e-04,2.4728e-04,2.3043e-04,2.7383e-04,2.6834e-04,2.7841e-04,3.3817e-04,4.0686e-04,3.0732e-04,1.5206e-04,1.5189e-04,1.6996e-04,1.7868e-04,1.7909e-04,2.2788e-04,2.4600e-04,2.4326e-04,2.5791e-04,2.4517e-04,2.4548e-04,2.4707e-04,2.5208e-04,2.3681e-04,2.3841e-04
2.41943,2.4457e-04,2.4730e-04,2.2701e-04,2.4349e-04,2.3605e-04,2.4762e-04,2.3849e-04,2.5353e-04,2.4236e-04,2.5306e-04,2.4500e-04,2.3058e-04,2.3461e-04,2.4878e-04,2.4750e-04,2.3062e-04,2.7323e-04,2.6843e-04,2.7829e-04,3.3765e-04,4.0628e-04,3.0887e-04,1.5349e-04,1.5230e-04,1.7038e-04,1.7875e-04,1.7885e-04,2.2807e-04,2.4685e-04,2.4349e-04,2.5822e-04,2.4508e-04,2.4575e-04,2.4730e-04,2.5252e-04,2.3689e-04,2.3916e-04
2.45318,2.4514e-04,2.4749e-04,2.2729e-04,2.4376e-04,2.3629e-04,2.4833e-04,2.3791e-04,2.5371e-04,2.4239e-04,2.5356e-04,2.4492e-04,2.3097e-04,2.3551e-04,2.4984e-04,2.4772e-04,2.3081e-04,2.7263e-04,2.6853e-04,2.7817e-04,3.3714e-04,4.0571e-04,3.1043e-04,1.5492e-04,1.5271e-04,1.7081e-04,1.7882e-04,1.7861e-04,2.2827e-04,2.4771e-04,2.4371e-04,2.5852e-04,2.4498e-04,2.4603e-04,2.4753e-04,2.5296e-04,2.3698e-04,2.3991e-04
2.4874,2.4570e-04,2.4768e-04,2.2756e-04,2.4403e-04,2.3653e-04,2.4903e-04,2.3734e-04,2.5389e-04,2.4242e-04,2.5407e-04,2.4485e-04,2.3135e-04,2.3641e-04,2.5090e-04,2.4794e-04,2.3100e-04,2.7202e-04,2.6863e-04,2.7805e-04,3.3662e-04,4.0514e-04,3.1198e-04,1.5635e-04,1.5312e-04,1.7123e-04,1.7889e-04,1.7836e-04,2.2846e-04,2.4856e-04,2.4394e-04,2.5882e-04,2.4488e-04,2.4630e-04,2.4777e-04,2.5340e-04,2.3706e-04,2.4066e-04
2.52209,2.4588e-04,2.4737e-04,2.2785e-04,2.4382e-04,2.3644e-04,2.4925e-04,2.3699e-04,2.5371e-04,2.4221e-04,2.5415e-04,2.4479e-04,2.3166e-04,2.3696e-04,2.5124e-04,2.4797e-04,2.3092e-04,2.7122e-04,2.6848e-04,2.7742e-04,3.3639e-04,4.0472e-04,3.1318e-04,1.5750e-04,1.5395e-04,1.7151e-04,1.7864e-04,1.7818e-04,2.2893e-04,2.4911e-04,2.4404e-04,2.5862e-04,2.4451e-04,2.4641e-04,2.4749e-04,2.5335e-04,2.3707e-04,2.4088e-04
2.55727,2.4583e-04,2.4679e-04,2.2814e-04,2.4334e-04,2.3618e-04,2.4918e-04,2.3677e-04,2.5332e-04,2.4187e-04,2.5400e-04,2.4474e-04,2.3192e-04,2.3731e-04,2.5117e-04,2.4791e-04,2.3070e-04,2.7031e-04,2.6819e-04,2.7650e-04,3.3631e-04,4.0439e-04,3.1416e-04,1.5848e-04,1.5502e-04,1.7170e-04,1.7820e-04,1.7803e-04,2.2955e-04,2.4948e-04,2.4406e-04,2.5813e-04,2.4400e-04,2.4641e-04,2.4692e-04,2.5304e-04,2.3703e-04,2.4079e-04
2.59294,2.4578e-04,2.4620e-04,2.2844e-04,2.4285e-04,2.3591e-04,2.4911e-04,2.3655e-04,2.5294e-04,2.4154e-04,2.5385e-04,2.4469e-04,2.3219e-04,2.3766e-04,2.5109e-04,2.4784e-04,2.3047e-04,2.6939e-04,2.6790e-04,2.7557e-04,3.3623e-04,4.0406e-04,3.1515e-04,1.5946e-04,1.5610e-04,1.7190e-04,1.7776e-04,1.7788e-04,2.3018e-04,2.4985e-04,2.4407e-04,2.5763e-04,2.4348e-04,2.4642e-04,2.4636e-04,2.5272e-04,2.3699e-04,2.4070e-04
2.62911,2.4574e-04,2.4562e-04,2.2873e-04,2.4237e-04,2.3565e-04,2.4905e-04,2.3633e-04,2.5255e-04,2.4120e-04,2.5369e-04,2.4464e-04,2.3245e-04,2.3801e-04,2.5102e-04,2.4777e-04,2.3024e-04,2.6848e-04,2.6760e-04,2.7465e-04,3.3616e-04,4.0373e-04,3.1614e-04,1.6044e-04,1.5717e-04,1.7209e-04,1.7732e-04,1.7773e-04,2.3080e-04,2.5022e-04,2.4409e-04,2.5714e-04,2.4297e-04,2.4643e-04,2.4579e-04,2.5240e-04,2.3695e-04,2.4061e-04
2.66579,2.4569e-04,2.4504e-04,2.2902e-04,2.4188e-04,2.3538e-04,2.4898e-04,2.3611e-04,2.5217e-04,2.4086e-04,2.5354e-04,2.4460e-04,2.3272e-04,2.3836e-04,2.5095e-04,2.4771e-04,2.3001e-04,2.6756e-04,2.6731e-04,2.7372e-04,3.3608e-04,4.0340e-04,3.1713e-04,1.6142e-04,1.5824e-04,1.7228e-04,1.7688e-04,1.7758e-04,2.3142e-04,2.5059e-04,2.4411e-04,2.5665e-04,2.4245e-04,2.4643e-04,2.4522e-04,2.5208e-04,2.3691e-04,2.4052e-04
2.70297,2.4564e-04,2.4445e-04,2.2931e-04,2.4140e-04,2.3511e-04,2.4891e-04,2.3589e-04,2.5178e-04,2.4052e-04,2.5339e-04,2.4455e-04,2.3298e-04,2.3870e-04,2.5088e-04,2.4764e-04,2.2978e-04,2.6664e-04,2.6702e-04,2.7279e-04,3.3600e-04,4.0307e-04,3.1812e-04,1.6240e-04,1.5932e-04,1.7247e-04,1.7644e-04,1.7743e-04,2.3205e-04,2.5096e-04,2.4413e-04,2.5616e-04,2.4194e-04,2.4644e-04,2.4465e-04,2.5177e-04,2.3687e-04,2.4043e-04
2.74068,2.4560e-04,2.4387e-04,2.2961e-04,2.4091e-04,2.3485e-04,2.4885e-04,2.3567e-04,2.5140e-04,2.4019e-04,2.5323e-04,2.4450e-04,2.3325e-04,2.3905e-04,2.5080e-04,2.4758e-04,2.2955e-04,2.6573e-04,2.6673e-04,2.7187e-04,3.3593e-04,4.0274e-04,3.1910e-04,1.6338e-04,1.6039e-04,1.7266e-04,1.7600e-04,1.7728e-04,2.3267e-04,2.5132e-04,2.4414e-04,2.5567e-04,2.4143e-04,2.4645e-04,2.4408e-04,2.5145e-04,2.3683e-04,2.4034e-04
2.77891,2.4555e-04,2.4328e-04,2.2990e-04,2.4043e-04,2.3458e-04,2.4878e-04,2.3545e-04,2.5101e-04,2.3985e-04,2.5308e-04,2.4445e-04,2.3351e-04,2.3940e-04,2.5073e-04,2.4751e-04,2.2932e-04,2.6481e-04,2.6644e-04,2.7094e-04,3.3585e-04,4.0241e-04,3.2009e-04,1.6437e-04,1.6146e-04,1.7286e-04,1.7556e-04,1.7713e-04,2.3330e-04,2.5169e-04,2.4416e-04,2.5517e-04,2.4091e-04,2.4645e-04,2.4352e-04,2.5113e-04,2.3679e-04,2.4026e-04
2.81767,2.4550e-04,2.4270e-04,2.3019e-04,2.3994e-04,2.3432e-04,2.4871e-04,2.3523e-04,2.5063e-04,2.3951e-04,2.5293e-04,2.4441e-04,2.3378e-04,2.3975e-04,2.5066e-04,2.4744e-04,2.2909e-04,2.6390e-04,2.6614e-04,2.7002e-04,3.3577e-04,4.0208e-04,3.2108e-04,1.6535e-04,1.6253e-04,1.7305e-04,1.7512e-04,1.7698e-04,2.3392e-04,2.5206e-04,2.4418e-04,2.5468e-04,2.4040e-04,2.4646e-04,2.4295e-04,2.5081e-04,2.3676e-04,2.4017e-04
2.85697,2.4546e-04,2.4211e-04,2.3048e-04,2.3946e-04,2.3405e-04,2.4865e-04,2.3501e-04,2.5024e-04,2.3917e-04,2.5277e-04,2.4436e-04,2.3404e-04,2.4010e-04,2.5059e-04,2.4738e-04,2.2886e-04,2.6298e-04,2.6585e-04,2.6909e-04,3.3570e-04,4.0175e-04,3.2207e-04,1.6633e-04,1.6361e-04,1.7324e-04,1.7467e-04,1.7683e-04,2.3454e-04,2.5243e-04,2.4420e-04,2.5419e-04,2.3988e-04,2.4647e-04,2.4238e-04,2.5050e-04,2.3672e-04,2.4008e-04
2.89683,2.4541e-04,2.4153e-04,2.3078e-04,2.3897e-04,2.3378e-04,2.4858e-04,2.3479e-04,2.4986e-04,2.3884e-04,2.5262e-04,2.4431e-04,2.3430e-04,2.4045e-04,2.5051e-04,2.4731e-04,2.2863e-04,2.6207e-04,2.6556e-04,2.6816e-04,3.3562e-04,4.0142e-04,3.2305e-04,1.6731e-04,1.6468e-04,1.7343e-04,1.7423e-04,1.7668e-04,2.3517e-04,2.5280e-04,2.4421e-04,2.5370e-04,2.3937e-04,2.4647e-04,2.4181e-04,2.5018e-04,2.3668e-04,2.3999e-04
2.93723,2.4536e-04,2.4094e-04,2.3107e-04,2.3849e-04,2.3352e-04,2.4851e-04,2.3457e-04,2.4947e-04,2.3850e-04,2.5246e-04,2.4427e-04,2.3457e-04,2.4080e-04,2.5044e-04,2.4725e-04,2.2840e-04,2.6115e-04,2.6526e-04,2.6724e-04,3.3554e-04,4.0109e-04,3.2404e-04,1.6829e-04,1.6575e-04,1.7362e-04,1.7379e-04,1.7653e-04,2.3579e-04,2.5317e-04,2.4423e-04,2.5321e-04,2.3885e-04,2.4648e-04,2.4124e-04,2.4986e-04,2.3664e-04,2.3990e-04
2.97821,2.4532e-04,2.4036e-04,2.3136e-04,2.3800e-04,2.3325e-04,2.4844e-04,2.3435e-04,2.4909e-04,2.3816e-04,2.5231e-04,2.4422e-04,2.3483e-04,2.4114e-04,2.5037e-04,2.4718e-04,2.2817e-04,2.6023e-04,2.6497e-04,2.6631e-04,3.3546e-04,4.0076e-04,3.2503e-04,1.6927e-04,1.6683e-04,1.7382e-04,1.7335e-04,1.7639e-04,2.3642e-04,2.5354e-04,2.4425e-04,2.5271e-04,2.3834e-04,2.4648e-04,2.4068e-04,2.4954e-04,2.3660e-04,2.3981e-04
3.01975,2.4527e-04,2.3977e-04,2.3165e-04,2.3752e-04,2.3299e-04,2.4838e-04,2.3413e-04,2.4870e-04,2.3782e-04,2.5216e-04,2.4417e-04,2.3510e-04,2.4149e-04,2.5030e-04,2.4711e-04,2.2794e-04,2.5932e-04,2.6468e-04,2.6538e-04,3.3539e-04,4.0043e-04,3.2602e-04,1.7025e-04,1.6790e-04,1.7401e-04,1.7291e-04,1.7624e-04,2.3704e-04,2.5391e-04,2.4427e-04,2.5222e-04,2.3782e-04,2.4649e-04,2.4011e-04,2.4922e-04,2.3656e-04,2.3972e-04
3.06187,2.4523e-04,2.3919e-04,2.3194e-04,2.3703e-04,2.3272e-04,2.4831e-04,2.3391e-04,2.4832e-04,2.3748e-04,2.5200e-04,2.4412e-04,2.3536e-04,2.4184e-04,2.5022e-04,2.4705e-04,2.2771e-04,2.5840e-04,2.6439e-04,2.6446e-04,3.3531e-04,4.0010e-04,3.2700e-04,1.7123e-04,1.6897e-04,1.7420e-04,1.7247e-04,1.7609e-04,2.3766e-04,2.5428e-04,2.4428e-04,2.5173e-04,2.3731e-04,2.4650e-04,2.3954e-04,2.4891e-04,2.3652e-04,2.3963e-04
3.10458,2.4518e-04,2.3860e-04,2.3224e-04,2.3655e-04,2.3245e-04,2.4824e-04,2.3369e-04,2.4793e-04,2.3715e-04,2.5185e-04,2.4408e-04,2.3563e-04,2.4219e-04,2.5015e-04,2.4698e-04,2.2748e-04,2.5748e-04,2.6409e-04,2.6353e-04,3.3523e-04,3.9977e-04,3.2799e-04,1.7221e-04,1.7005e-04,1.7439e-04,1.7203e-04,1.7594e-04,2.3829e-04,2.5465e-04,2.4430e-04,2.5124e-04,2.3679e-04,2.4650e-04,2.3897e-04,2.4859e-04,2.3648e-04,2.3954e-04
3.14789,2.4513e-04,2.3802e-04,2.3253e-04,2.3606e-04,2.3219e-04,2.4818e-04,2.3347e-04,2.4755e-04,2.3681e-04,2.5170e-04,2.4403e-04,2.3589e-04,2.4254e-04,2.5008e-04,2.4692e-04,2.2725e-04,2.5657e-04,2.6380e-04,2.6260e-04,3.3515e-04,3.9944e-04,3.2898e-04,1.7319e-04,1.7112e-04,1.7459e-04,1.7159e-04,1.7579e-04,2.3891e-04,2.5502e-04,2.4432e-04,2.5074e-04,2.3628e-04,2.4651e-04,2.3840e-04,2.4827e-04,2.3644e-04,2.3945e-04
3.1918,2.4509e-04,2.3743e-04,2.3282e-04,2.3558e-04,2.3192e-04,2.4811e-04,2.3325e-04,2.4716e-04,2.3647e-04,2.5154e-04,2.4398e-04,2.3616e-04,2.4289e-04,2.5001e-04,2.4685e-04,2.2702e-04,2.5565e-04,2.6351e-04,2.6168e-04,3.3507e-04,3.9910e-04,3.2996e-04,1.7417e-04,1.7219e-04,1.7478e-04,1.7115e-04,1.7564e-04,2.3954e-04,2.5539e-04,2.4434e-04,2.5025e-04,2.3576e-04,2.4652e-04,2.3784e-04,2.4795e-04,2.3640e-04,2.3936e-04
3.23632,2.4504e-04,2.3685e-04,2.3311e-04,2.3509e-04,2.3166e-04,2.4804e-04,2.3303e-04,2.4678e-04,2.3613e-04,2.5139e-04,2.4393e-04,2.3642e-04,2.4324e-04,2.4994e-04,2.4678e-04,2.2679e-04,2.5473e-04,2.6321e-04,2.6075e-04,3.3500e-04,3.9877e-04,3.3095e-04,1.7515e-04,1.7327e-04,1.7497e-04,1.7071e-04,1.7549e-04,2.4016e-04,2.5576e-04,2.4435e-04,2.4976e-04,2.3525e-04,2.4652e-04,2.3727e-04,2.4764e-04,2.3636e-04,2.3927e-04
3.28146,2.4499e-04,2.3627e-04,2.3341e-04,2.3461e-04,2.3139e-04,2.4798e-04,2.3281e-04,2.4639e-04,2.3580e-04,2.5124e-04,2.4389e-04,2.3669e-04,2.4358e-04,2.4986e-04,2.4672e-04,2.2656e-04,2.5382e-04,2.6292e-04,2.5982e-04,3.3492e-04,3.9844e-04,3.3193e-04,1.7613e-04,1.7434e-04,1.7516e-04,1.7027e-04,1.7534e-04,2.4078e-04,2.5612e-04,2.4437e-04,2.4927e-04,2.3473e-04,2.4653e-04,2.3670e-04,2.4732e-04,2.3632e-04,2.3919e-04
3.32724,2.4495e-04,2.3568e-04,2.3370e-04,2.3412e-04,2.3112e-04,2.4791e-04,2.3259e-04,2.4601e-04,2.3546e-04,2.5108e-04,2.4384e-04,2.3695e-04,2.4393e-04,2.4979e-04,2.4665e-04,2.2633e-04,2.5290e-04,2.6262e-04,2.5889e-04,3.3484e-04,3.9811e-04,3.3292e-04,1.7711e-04,1.7541e-04,1.7535e-04,1.6983e-04,1.7519e-04,2.4141e-04,2.5649e-04,2.4439e-04,2.4878e-04,2.3422e-04,2.4654e-04,2.3613e-04,2.4700e-04,2.3628e-04,2.3910e-04
3.37365,2.4490e-04,2.3510e-04,2.3399e-04,2.3364e-04,2.3086e-04,2.4784e-04,2.3237e-04,2.4562e-04,2.3512e-04,2.5093e-04,2.4379e-04,2.3722e-04,2.4428e-04,2.4972e-04,2.4659e-04,2.2610e-04,2.5198e-04,2.6233e-04,2.5797e-04,3.3476e-04,3.9778e-04,3.3391e-04,1.7809e-04,1.7649e-04,1.7555e-04,1.6939e-04,1.7504e-04,2.4203e-04,2.5686e-04,2.4440e-04,2.4828e-04,2.3370e-04,2.4654e-04,2.3557e-04,2.4668e-04,2.3624e-04,2.3901e-04
3.42071,2.4485e-04,2.3451e-04,2.3428e-04,2.3315e-04,2.3059e-04,2.4778e-04,2.3215e-04,2.4524e-04,2.3478e-04,2.5078e-04,2.4374e-04,2.3748e-04,2.4463e-04,2.4965e-04,2.4652e-04,2.2587e-04,2.5106e-04,2.6204e-04,2.5704e-04,3.3468e-04,3.9744e-04,3.3489e-04,1.7907e-04,1.7756e-04,1.7574e-04,1.6895e-04,1.7489e-04,2.4265e-04,2.5723e-04,2.4442e-04,2.4779e-04,2.3319e-04,2.4655e-04,2.3500e-04,2.4636e-04,2.3621e-04,2.3892e-04
3.46842,2.4481e-04,2.3393e-04,2.3458e-04,2.3267e-04,2.3033e-04,2.4771e-04,2.3194e-04,2.4485e-04,2.3445e-04,2.5062e-04,2.4370e-04,2.3775e-04,2.4498e-04,2.4957e-04,2.4645e-04,2.2564e-04,2.5015e-04,2.6174e-04,2.5611e-04,3.3460e-04,3.9711e-04,3.3587e-04,1.8005e-04,1.7863e-04,1.7593e-04,1.6851e-04,1.7474e-04,2.4328e-04,2.5760e-04,2.4444e-04,2.4730e-04,2.3267e-04,2.4656e-04,2.3443e-04,2.4605e-04,2.3617e-04,2.3883e-04
3.51681,2.4476e-04,2.3334e-04,2.3487e-04,2.3218e-04,2.3006e-04,2.4764e-04,2.3172e-04,2.4447e-04,2.3411e-04,2.5047e-04,2.4365e-04,2.3801e-04,2.4533e-04,2.4950e-04,2.4639e-04,2.2541e-04,2.4923e-04,2.6145e-04,2.5518e-04,3.3452e-04,3.9677e-04,3.3686e-04,1.8103e-04,1.7970e-04,1.7612e-04,1.6807e-04,1.7459e-04,2.4390e-04,2.5797e-04,2.4446e-04,2.4681e-04,2.3216e-04,2.4656e-04,2.3386e-04,2.4573e-04,2.3613e-04,2.3874e-04
3.56586,2.4471e-04,2.3276e-04,2.3516e-04,2.3170e-04,2.2979e-04,2.4758e-04,2.3150e-04,2.4408e-04,2.3377e-04,2.5032e-04,2.4360e-04,2.3828e-04,2.4568e-04,2.4943e-04,2.4632e-04,2.2518e-04,2.4831e-04,2.6115e-04,2.5425e-04,3.3444e-04,3.9644e-04,3.3784e-04,1.8201e-04,1.8078e-04,1.7632e-04,1.6762e-04,1.7444e-04,2.4453e-04,2.5834e-04,2.4447e-04,2.4632e-04,2.3164e-04,2.4657e-04,2.3329e-04,2.4541e-04,2.3609e-04,2.3865e-04
3.6156,2.4467e-04,2.3217e-04,2.3545e-04,2.3121e-04,2.2953e-04,2.4751e-04,2.3128e-04,2.4370e-04,2.3343e-04,2.5016e-04,2.4355e-04,2.3854e-04,2.4602e-04,2.4936e-04,2.4625e-04,2.2494e-04,2.4739e-04,2.6085e-04,2.5332e-04,3.3436e-04,3.9611e-04,3.3883e-04,1.8299e-04,1.8185e-04,1.7651e-04,1.6718e-04,1.7429e-04,2.4515e-04,2.5871e-04,2.4449e-04,2.4582e-04,2.3113e-04,2.4658e-04,2.3273e-04,2.4509e-04,2.3605e-04,2.3856e-04
3.66604,2.4462e-04,2.3159e-04,2.3575e-04,2.3073e-04,2.2926e-04,2.4744e-04,2.3106e-04,2.4331e-04,2.3309e-04,2.5001e-04,2.4351e-04,2.3880e-04,2.4637e-04,2.4928e-04,2.4619e-04,2.2471e-04,2.4647e-04,2.6056e-04,2.5239e-04,3.3428e-04,3.9577e-04,3.3981e-04,1.8397e-04,1.8292e-04,1.7670e-04,1.6674e-04,1.7415e-04,2.4577e-04,2.5908e-04,2.4451e-04,2.4533e-04,2.3061e-04,2.4658e-04,2.3216e-04,2.4478e-04,2.3601e-04,2.3847e-04
3.71717,2.4457e-04,2.3100e-04,2.3604e-04,2.3024e-04,2.2899e-04,2.4738e-04,2.3084e-04,2.4293e-04,2.3276e-04,2.4986e-04,2.4346e-04,2.3907e-04,2.4672e-04,2.4921e-04,2.4612e-04,2.2448e-04,2.4555e-04,2.6026e-04,2.5146e-04,3.3419e-04,3.9543e-04,3.4079e-04,1.8495e-04,1.8400e-04,1.7689e-04,1.6630e-04,1.7400e-04,2.4640e-04,2.5945e-04,2.4453e-04,2.4484e-04,2.3010e-04,2.4659e-04,2.3159e-04,2.4446e-04,2.3597e-04,2.3838e-04
3.76903,2.4453e-04,2.3042e-04,2.3633e-04,2.2976e-04,2.2873e-04,2.4731e-04,2.3062e-04,2.4254e-04,2.3242e-04,2.4970e-04,2.4341e-04,2.3933e-04,2.4707e-04,2.4914e-04,2.4606e-04,2.2425e-04,2.4463e-04,2.5997e-04,2.5053e-04,3.3411e-04,3.9510e-04,3.4177e-04,1.8592e-04,1.8507e-04,1.7708e-04,1.6586e-04,1.7385e-04,2.4702e-04,2.5982e-04,2.4454e-04,2.4435e-04,2.2958e-04,2.4660e-04,2.3102e-04,2.4414e-04,2.3593e-04,2.3829e-04
3.8216,2.4448e-04,2.2983e-04,2.3662e-04,2.2927e-04,2.2846e-04,2.4724e-04,2.3040e-04,2.4216e-04,2.3208e-04,2.4955e-04,2.4336e-04,2.3960e-04,2.4742e-04,2.4907e-04,2.4599e-04,2.2401e-04,2.4371e-04,2.5967e-04,2.4960e-04,3.3403e-04,3.9476e-04,3.4275e-04,1.8690e-04,1.8614e-04,1.7728e-04,1.6542e-04,1.7370e-04,2.4765e-04,2.6019e-04,2.4456e-04,2.4385e-04,2.2907e-04,2.4660e-04,2.3045e-04,2.4382e-04,2.3589e-04,2.3820e-04
3.87491,2.4443e-04,2.2925e-04,2.3691e-04,2.2879e-04,2.2820e-04,2.4718e-04,2.3018e-04,2.4177e-04,2.3174e-04,2.4939e-04,2.4332e-04,2.3986e-04,2.4777e-04,2.4899e-04,2.4592e-04,2.2378e-04,2.4279e-04,2.5937e-04,2.4867e-04,3.3394e-04,3.9442e-04,3.4373e-04,1.8788e-04,1.8722e-04,1.7747e-04,1.6498e-04,1.7355e-04,2.4827e-04,2.6056e-04,2.4458e-04,2.4336e-04,2.2855e-04,2.4661e-04,2.2989e-04,2.4351e-04,2.3585e-04,2.3812e-04
3.92896,2.4439e-04,2.2866e-04,2.3721e-04,2.2830e-04,2.2793e-04,2.4711e-04,2.2996e-04,2.4139e-04,2.3141e-04,2.4924e-04,2.4327e-04,2.4013e-04,2.4811e-04,2.4892e-04,2.4586e-04,2.2354e-04,2.4187e-04,2.5907e-04,2.4774e-04,3.3386e-04,3.9408e-04,3.4471e-04,1.8886e-04,1.8829e-04,1.7766e-04,1.6454e-04,1.7340e-04,2.4889e-04,2.6093e-04,2.4460e-04,2.4287e-04,2.2804e-04,2.4662e-04,2.2932e-04,2.4319e-04,2.3581e-04,2.3803e-04
3.98376,2.4434e-04,2.2808e-04,2.3750e-04,2.2782e-04,2.2766e-04,2.4704e-04,2.2974e-04,2.4101e-04,2.3107e-04,2.4909e-04,2.4322e-04,2.4039e-04,2.4846e-04,2.4885e-04,2.4579e-04,2.2331e-04,2.4095e-04,2.5877e-04,2.4681e-04,3.3378e-04,3.9375e-04,3.4569e-04,1.8983e-04,1.8936e-04,1.7785e-04,1.6410e-04,1.7325e-04,2.4952e-04,2.6129e-04,2.4461e-04,2.4238e-04,2.2752e-04,2.4662e-04,2.2875e-04,2.4287e-04,2.3577e-04,2.3794e-04
4.03933,2.4429e-04,2.2750e-04,2.3779e-04,2.2733e-04,2.2740e-04,2.4698e-04,2.2952e-04,2.4062e-04,2.3073e-04,2.4893e-04,2.4318e-04,2.4066e-04,2.4881e-04,2.4878e-04,2.4573e-04,2.2307e-04,2.4003e-04,2.5848e-04,2.4588e-04,3.3369e-04,3.9341e-04,3.4667e-04,1.9081e-04,1.9044e-04,1.7804e-04,1.6366e-04,1.7310e-04,2.5014e-04,2.6166e-04,2.4463e-04,2.4189e-04,2.2701e-04,2.4663e-04,2.2818e-04,2.4255e-04,2.3573e-04,2.3785e-04
4.09568,2.4425e-04,2.2691e-04,2.3808e-04,2.2685e-04,2.2713e-04,2.4691e-04,2.2930e-04,2.4024e-04,2.3039e-04,2.4878e-04,2.4313e-04,2.4092e-04,2.4916e-04,2.4871e-04,2.4566e-04,2.2284e-04,2.3911e-04,2.5818e-04,2.4495e-04,3.3360e-04,3.9306e-04,3.4765e-04,1.9178e-04,1.9151e-04,1.7824e-04,1.6322e-04,1.7295e-04,2.5077e-04,2.6203e-04,2.4465e-04,2.4139e-04,2.2649e-04,2.4664e-04,2.2761e-04,2.4223e-04,2.3569e-04,2.3776e-04
4.15281,2.4420e-04,2.2633e-04,2.3838e-04,2.2636e-04,2.2687e-04,2.4684e-04,2.2908e-04,2.3985e-04,2.3006e-04,2.4863e-04,2.4308e-04,2.4119e-04,2.4951e-04,2.4863e-04,2.4559e-04,2.2260e-04,2.3819e-04,2.5788e-04,2.4401e-04,3.3352e-04,3.9272e-04,3.4863e-04,1.9276e-04,1.9258e-04,1.7843e-04,1.6278e-04,1.7280e-04,2.5139e-04,2.6240e-04,2.4467e-04,2.4090e-04,2.2598e-04,2.4664e-04,2.2705e-04,2.4192e-04,2.3566e-04,2.3767e-04
4.21074,2.4415e-04,2.2574e-04,2.3867e-04,2.2588e-04,2.2660e-04,2.4677e-04,2.2886e-04,2.3947e-04,2.2972e-04,2.4847e-04,2.4303e-04,2.4145e-04,2.4986e-04,2.4856e-04,2.4553e-04,2.2237e-04,2.3726e-04,2.5758e-04,2.4308e-04,3.3343e-04,3.9238e-04,3.4960e-04,1.9373e-04,1.9365e-04,1.7862e-04,1.6234e-04,1.7265e-04,2.5201e-04,2.6277e-04,2.4468e-04,2.4041e-04,2.2546e-04,2.4665e-04,2.2648e-04,2.4160e-04,2.3562e-04,2.3758e-04
4.26947,2.4395e-04,2.2526e-04,2.3894e-04,2.2562e-04,2.2651e-04,2.4689e-04,2.2859e-04,2.3929e-04,2.2950e-04,2.4802e-04,2.4293e-04,2.4164e-04,2.5027e-04,2.4862e-04,2.4559e-04,2.2237e-04,2.3669e-04,2.5724e-04,2.4280e-04,3.3349e-04,3.9179e-04,3.5026e-04,1.9482e-04,1.9471e-04,1.7912e-04,1.6240e-04,1.7282e-04,2.5226e-04,2.6268e-04,2.4450e-04,2.3987e-04,2.2502e-04,2.4673e-04,2.2615e-04,2.4118e-04,2.3555e-04,2.3751e-04
4.32903,2.4360e-04,2.2488e-04,2.3920e-04,2.2560e-04,2.2661e-04,2.4717e-04,2.2825e-04,2.3933e-04,2.2939e-04,2.4727e-04,2.4277e-04,2.4175e-04,2.5074e-04,2.4880e-04,2.4579e-04,2.2261e-04,2.3646e-04,2.5687e-04,2.4318e-04,3.3369e-04,3.9095e-04,3.5060e-04,1.9601e-04,1.9575e-04,1.7993e-04,1.6297e-04,1.7329e-04,2.5212e-04,2.6214e-04,2.4412e-04,2.3929e-04,2.2464e-04,2.4688e-04,2.2605e-04,2.4065e-04,2.3544e-04,2.3746e-04
4.38942,2.4324e-04,2.2450e-04,2.3945e-04,2.2557e-04,2.2670e-04,2.4746e-04,2.2792e-04,2.3937e-04,2.2928e-04,2.4652e-04,2.4260e-04,2.4186e-04,2.5122e-04,2.4899e-04,2.4599e-04,2.2285e-04,2.3623e-04,2.5651e-04,2.4356e-04,3.3390e-04,3.9011e-04,3.5093e-04,1.9720e-04,1.9679e-04,1.8074e-04,1.6354e-04,1.7377e-04,2.5199e-04,2.6160e-04,2.4373e-04,2.3871e-04,2.2426e-04,2.4704e-04,2.2596e-04,2.4012e-04,2.3534e-04,2.3740e-04
4.45064,2.4289e-04,2.2412e-04,2.3971e-04,2.2555e-04,2.2680e-04,2.4775e-04,2.2759e-04,2.3942e-04,2.2918e-04,2.4576e-04,2.4244e-04,2.4196e-04,2.5169e-04,2.4917e-04,2.4619e-04,2.2309e-04,2.3600e-04,2.5614e-04,2.4393e-04,3.3410e-04,3.8927e-04,3.5127e-04,1.9839e-04,1.9784e-04,1.8154e-04,1.6411e-04,1.7424e-04,2.5185e-04,2.6106e-04,2.4335e-04,2.3812e-04,2.2388e-04,2.4719e-04,2.2586e-04,2.3959e-04,2.3524e-04,2.3735e-04
4.51273,2.4253e-04,2.2375e-04,2.3996e-04,2.2552e-04,2.2689e-04,2.4804e-04,2.2725e-04,2.3946e-04,2.2907e-04,2.4501e-04,2.4228e-04,2.4207e-04,2.5216e-04,2.4936e-04,2.4639e-04,2.2333e-04,2.3577e-04,2.5577e-04,2.4431e-04,3.3430e-04,3.8843e-04,3.5160e-04,1.9958e-04,1.9888e-04,1.8235e-04,1.6468e-04,1.7472e-04,2.5172e-04,2.6051e-04,2.4297e-04,2.3754e-04,2.2350e-04,2.4734e-04,2.2576e-04,2.3906e-04,2.3514e-04,2.3730e-04
4.57567,2.4218e-04,2.2337e-04,2.4022e-04,2.2549e-04,2.2698e-04,2.4833e-04,2.2692e-04,2.3950e-04,2.2896e-04,2.4426e-04,2.4212e-04,2.4218e-04,2.5264e-04,2.4954e-04,2.4659e-04,2.2357e-04,2.3554e-04,2.5540e-04,2.4468e-04,3.3450e-04,3.8758e-04,3.5193e-04,2.0077e-04,1.9992e-04,1.8316e-04,1.6525e-04,1.7520e-04,2.5159e-04,2.5997e-04,2.4258e-04,2.3696e-04,2.2312e-04,2.4750e-04,2.2567e-04,2.3853e-04,2.3503e-04,2.3724e-04
4.6395,2.4182e-04,2.2299e-04,2.4047e-04,2.2547e-04,2.2708e-04,2.4862e-04,2.2659e-04,2.3954e-04,2.2886e-04,2.4351e-04,2.4196e-04,2.4229e-04,2.5311e-04,2.4973e-04,2.4679e-04,2.2381e-04,2.3531e-04,2.5503e-04,2.4505e-04,3.3470e-04,3.8674e-04,3.5226e-04,2.0195e-04,2.0096e-04,1.8397e-04,1.6582e-04,1.7567e-04,2.5145e-04,2.5943e-04,2.4220e-04,2.3638e-04,2.2274e-04,2.4765e-04,2.2557e-04,2.3801e-04,2.3493e-04,2.3719e-04
4.70422,2.4147e-04,2.2261e-04,2.4073e-04,2.2544e-04,2.2717e-04,2.4891e-04,2.2625e-04,2.3958e-04,2.2875e-04,2.4276e-04,2.4179e-04,2.4240e-04,2.5358e-04,2.4991e-04,2.4699e-04,2.2404e-04,2.3508e-04,2.5465e-04,2.4543e-04,3.3489e-04,3.8589e-04,3.5259e-04,2.0314e-04,2.0200e-04,1.8477e-04,1.6639e-04,1.7615e-04,2.5132e-04,2.5889e-04,2.4181e-04,2.3579e-04,2.2236e-04,2.4781e-04,2.2548e-04,2.3748e-04,2.3483e-04,2.3714e-04
4.76984,2.4111e-04,2.2223e-04,2.4098e-04,2.2542e-04,2.2726e-04,2.4920e-04,2.2592e-04,2.3962e-04,2.2864e-04,2.4200e-04,2.4163e-04,2.4251e-04,2.5406e-04,2.5010e-04,2.4719e-04,2.2428e-04,2.3484e-04,2.5428e-04,2.4580e-04,3.3509e-04,3.8504e-04,3.5292e-04,2.0433e-04,2.0304e-04,1.8558e-04,1.6696e-04,1.7663e-04,2.5118e-04,2.5834e-04,2.4143e-04,2.3521e-04,2.2198e-04,2.4796e-04,2.2538e-04,2.3695e-04,2.3473e-04,2.3708e-04
4.83637,2.4076e-04,2.2185e-04,2.4123e-04,2.2539e-04,2.2736e-04,2.4948e-04,2.2559e-04,2.3966e-04,2.2853e-04,2.4125e-04,2.4147e-04,2.4261e-04,2.5453e-04,2.5029e-04,2.4739e-04,2.2452e-04,2.3461e-04,2.5391e-04,2.4617e-04,3.3529e-04,3.8419e-04,3.5325e-04,2.0551e-04,2.0408e-04,1.8639e-04,1.6753e-04,1.7710e-04,2.5105e-04,2.5780e-04,2.4105e-04,2.3463e-04,2.2161e-04,2.4811e-04,2.2529e-04,2.3642e-04,2.3463e-04,2.3703e-04
4.90383,2.4041e-04,2.2148e-04,2.4149e-04,2.2536e-04,2.2745e-04,2.4977e-04,2.2525e-04,2.3970e-04,2.2843e-04,2.4050e-04,2.4131e-04,2.4272e-04,2.5500e-04,2.5047e-04,2.4759e-04,2.2475e-04,2.3437e-04,2.5353e-04,2.4654e-04,3.3548e-04,3.8334e-04,3.5358e-04,2.0669e-04,2.0512e-04,1.8720e-04,1.6810e-04,1.7758e-04,2.5091e-04,2.5726e-04,2.4066e-04,2.3405e-04,2.2123e-04,2.4827e-04,2.2519e-04,2.3589e-04,2.3452e-04,2.3698e-04
4.97224,2.4005e-04,2.2110e-04,2.4174e-04,2.2534e-04,2.2755e-04,2.5006e-04,2.2492e-04,2.3974e-04,2.2832e-04,2.3975e-04,2.4115e-04,2.4283e-04,2.5548e-04,2.5066e-04,2.4779e-04,2.2498e-04,2.3414e-04,2.5316e-04,2.4691e-04,3.3567e-04,3.8249e-04,3.5390e-04,2.0788e-04,2.0616e-04,1.8800e-04,1.6867e-04,1.7806e-04,2.5078e-04,2.5671e-04,2.4028e-04,2.3346e-04,2.2085e-04,2.4842e-04,2.2510e-04,2.3536e-04,2.3442e-04,2.3693e-04
5.0416,2.3970e-04,2.2072e-04,2.4200e-04,2.2531e-04,2.2764e-04,2.5035e-04,2.2459e-04,2.3978e-04,2.2821e-04,2.3900e-04,2.4098e-04,2.4294e-04,2.5595e-04,2.5084e-04,2.4799e-04,2.2522e-04,2.3390e-04,2.5278e-04,2.4727e-04,3.3586e-04,3.8164e-04,3.5422e-04,2.0906e-04,2.0721e-04,1.8881e-04,1.6924e-04,1.7853e-04,2.5064e-04,2.5617e-04,2.3989e-04,2.3288e-04,2.2047e-04,2.4857e-04,2.2500e-04,2.3484e-04,2.3432e-04,2.3687e-04
5.11192,2.3934e-04,2.2034e-04,2.4225e-04,2.2529e-04,2.2773e-04,2.5064e-04,2.2426e-04,2.3982e-04,2.2811e-04,2.3825e-04,2.4082e-04,2.4305e-04,2.5642e-04,2.5103e-04,2.4819e-04,2.2545e-04,2.3366e-04,2.5240e-04,2.4764e-04,3.3605e-04,3.8079e-04,3.5455e-04,2.1024e-04,2.0825e-04,1.8962e-04,1.6981e-04,1.7901e-04,2.5051e-04,2.5563e-04,2.3951e-04,2.3230e-04,2.2009e-04,2.4873e-04,2.2491e-04,2.3431e-04,2.3422e-04,2.3682e-04
5.18323,2.3899e-04,2.1996e-04,2.4251e-04,2.2526e-04,2.2783e-04,2.5093e-04,2.2392e-04,2.3986e-04,2.2800e-04,2.3749e-04,2.4066e-04,2.4316e-04,2.5689e-04,2.5121e-04,2.4839e-04,2.2568e-04,2.3343e-04,2.5203e-04,2.4801e-04,3.3625e-04,3.7994e-04,3.5487e-04,2.1142e-04,2.0929e-04,1.9043e-04,1.7038e-04,1.7949e-04,2.5037e-04,2.5509e-04,2.3913e-04,2.3172e-04,2.1971e-04,2.4888e-04,2.2481e-04,2.3378e-04,2.3412e-04,2.3677e-04
5.25553,2.3863e-04,2.1958e-04,2.4276e-04,2.2523e-04,2.2792e-04,2.5122e-04,2.2359e-04,2.3990e-04,2.2789e-04,2.3674e-04,2.4050e-04,2.4327e-04,2.5737e-04,2.5140e-04,2.4859e-04,2.2591e-04,2.3319e-04,2.5165e-04,2.4838e-04,3.3643e-04,3.7908e-04,3.5519e-04,2.1260e-04,2.1033e-04,1.9123e-04,1.7095e-04,1.7996e-04,2.5024e-04,2.5454e-04,2.3874e-04,2.3113e-04,2.1933e-04,2.4903e-04,2.2472e-04,2.3325e-04,2.3401e-04,2.3671e-04
5.32884,2.3828e-04,2.1920e-04,2.4302e-04,2.2521e-04,2.2801e-04,2.5151e-04,2.2326e-04,2.3994e-04,2.2779e-04,2.3599e-04,2.4034e-04,2.4337e-04,2.5784e-04,2.5158e-04,2.4879e-04,2.2614e-04,2.3295e-04,2.5127e-04,2.4874e-04,3.3662e-04,3.7823e-04,3.5551e-04,2.1378e-04,2.1137e-04,1.9204e-04,1.7152e-04,1.8044e-04,2.5010e-04,2.5400e-04,2.3836e-04,2.3055e-04,2.1895e-04,2.4919e-04,2.2462e-04,2.3272e-04,2.3391e-04,2.3666e-04
5.40317,2.3792e-04,2.1883e-04,2.4327e-04,2.2518e-04,2.2811e-04,2.5179e-04,2.2292e-04,2.3998e-04,2.2768e-04,2.3524e-04,2.4017e-04,2.4348e-04,2.5831e-04,2.5177e-04,2.4899e-04,2.2637e-04,2.3271e-04,2.5089e-04,2.4911e-04,3.3681e-04,3.7737e-04,3.5583e-04,2.1496e-04,2.1241e-04,1.9285e-04,1.7209e-04,1.8091e-04,2.4997e-04,2.5346e-04,2.3797e-04,2.2997e-04,2.1857e-04,2.4934e-04,2.2452e-04,2.3219e-04,2.3381e-04,2.3661e-04
5.47854,2.3757e-04,2.1845e-04,2.4353e-04,2.2516e-04,2.2820e-04,2.5208e-04,2.2259e-04,2.4003e-04,2.2757e-04,2.3449e-04,2.4001e-04,2.4359e-04,2.5879e-04,2.5195e-04,2.4919e-04,2.2660e-04,2.3247e-04,2.5051e-04,2.4947e-04,3.3700e-04,3.7651e-04,3.5615e-04,2.1614e-04,2.1345e-04,1.9366e-04,1.7266e-04,1.8139e-04,2.4984e-04,2.5292e-04,2.3759e-04,2.2938e-04,2.1819e-04,2.4949e-04,2.2443e-04,2.3167e-04,2.3371e-04,2.3655e-04
5.55496,2.3721e-04,2.1807e-04,2.4378e-04,2.2513e-04,2.2830e-04,2.5237e-04,2.2226e-04,2.4007e-04,2.2747e-04,2.3373e-04,2.3985e-04,2.4370e-04,2.5926e-04,2.5214e-04,2.4939e-04,2.2683e-04,2.3223e-04,2.5013e-04,2.4983e-04,3.3718e-04,3.7565e-04,3.5647e-04,2.1732e-04,2.1449e-04,1.9446e-04,1.7323e-04,1.8187e-04,2.4970e-04,2.5237e-04,2.3721e-04,2.2880e-04,2.1781e-04,2.4965e-04,2.2433e-04,2.3114e-04,2.3360e-04,2.3650e-04
5.63245,2.3686e-04,2.1769e-04,2.4404e-04,2.2510e-04,2.2839e-04,2.5266e-04,2.2192e-04,2.4011e-04,2.2736e-04,2.3298e-04,2.3969e-04,2.4381e-04,2.5973e-04,2.5232e-04,2.4959e-04,2.2706e-04,2.3199e-04,2.4975e-04,2.5020e-04,3.3737e-04,3.7480e-04,3.5678e-04,2.1849e-04,2.1553e-04,1.9527e-04,1.7380e-04,1.8234e-04,2.4957e-04,2.5183e-04,2.3682e-04,2.2822e-04,2.1743e-04,2.4980e-04,2.2424e-04,2.3061e-04,2.3350e-04,2.3645e-04
5.71102,2.3650e-04,2.1731e-04,2.4429e-04,2.2508e-04,2.2848e-04,2.5295e-04,2.2159e-04,2.4015e-04,2.2725e-04,2.3223e-04,2.3953e-04,2.4392e-04,2.6021e-04,2.5251e-04,2.4979e-04,2.2731e-04,2.3177e-04,2.4940e-04,2.5058e-04,3.3758e-04,3.7397e-04,3.5714e-04,2.1969e-04,2.1658e-04,1.9608e-04,1.7437e-04,1.8282e-04,2.4943e-04,2.5129e-04,2.3644e-04,2.2764e-04,2.1706e-04,2.4996e-04,2.2414e-04,2.3008e-04,2.3340e-04,2.3640e-04
5.79068,2.3615e-04,2.1693e-04,2.4455e-04,2.2505e-04,2.2858e-04,2.5324e-04,2.2126e-04,2.4019e-04,2.2715e-04,2.3148e-04,2.3936e-04,2.4402e-04,2.6068e-04,2.5270e-04,2.4999e-04,2.2756e-04,2.3156e-04,2.4904e-04,2.5097e-04,3.3780e-04,3.7315e-04,3.5749e-04,2.2089e-04,2.1762e-04,1.9689e-04,1.7494e-04,1.8330e-04,2.4930e-04,2.5075e-04,2.3605e-04,2.2705e-04,2.1668e-04,2.5011e-04,2.2405e-04,2.2955e-04,2.3330e-04,2.3634e-04
5.87145,2.3579e-04,2.1656e-04,2.4480e-04,2.2503e-04,2.2867e-04,2.5353e-04,2.2093e-04,2.4023e-04,2.2704e-04,2.3073e-04,2.3920e-04,2.4413e-04,2.6115e-04,2.5288e-04,2.5019e-04,2.2781e-04,2.3134e-04,2.4868e-04,2.5136e-04,3.3802e-04,3.7233e-04,3.5784e-04,2.2209e-04,2.1866e-04,1.9769e-04,1.7551e-04,1.8377e-04,2.4916e-04,2.5020e-04,2.3567e-04,2.2647e-04,2.1630e-04,2.5026e-04,2.2395e-04,2.2902e-04,2.3320e-04,2.3629e-04
5.95336,2.3544e-04,2.1618e-04,2.4506e-04,2.2500e-04,2.2876e-04,2.5382e-04,2.2059e-04,2.4027e-04,2.2693e-04,2.2997e-04,2.3904e-04,2.4424e-04,2.6163e-04,2.5307e-04,2.5039e-04,2.2806e-04,2.3112e-04,2.4833e-04,2.5174e-04,3.3824e-04,3.7151e-04,3.5819e-04,2.2328e-04,2.1970e-04,1.9850e-04,1.7608e-04,1.8425e-04,2.4903e-04,2.4966e-04,2.3529e-04,2.2589e-04,2.1592e-04,2.5042e-04,2.2386e-04,2.2850e-04,2.3309e-04,2.3624e-04
6.0364,2.3508e-04,2.1580e-04,2.4531e-04,2.2497e-04,2.2886e-04,2.5410e-04,2.2026e-04,2.4031e-04,2.2683e-04,2.2922e-04,2.3888e-04,2.4435e-04,2.6210e-04,2.5325e-04,2.5059e-04,2.2831e-04,2.3090e-04,2.4797e-04,2.5213e-04,3.3845e-04,3.7069e-04,3.5854e-04,2.2448e-04,2.2074e-04,1.9931e-04,1.7665e-04,1.8473e-04,2.4889e-04,2.4912e-04,2.3490e-04,2.2531e-04,2.1554e-04,2.5057e-04,2.2376e-04,2.2797e-04,2.3299e-04,2.3618e-04
6.1206,2.3473e-04,2.1542e-04,2.4556e-04,2.2495e-04,2.2895e-04,2.5439e-04,2.1993e-04,2.4035e-04,2.2672e-04,2.2847e-04,2.3872e-04,2.4446e-04,2.6257e-04,2.5344e-04,2.5079e-04,2.2856e-04,2.3068e-04,2.4761e-04,2.5252e-04,3.3867e-04,3.6986e-04,3.5889e-04,2.2568e-04,2.2178e-04,2.0011e-04,1.7722e-04,1.8520e-04,2.4876e-04,2.4857e-04,2.3452e-04,2.2472e-04,2.1516e-04,2.5072e-04,2.2367e-04,2.2744e-04,2.3289e-04,2.3613e-04
6.20598,2.3437e-04,2.1504e-04,2.4582e-04,2.2492e-04,2.2905e-04,2.5468e-04,2.1959e-04,2.4039e-04,2.2661e-04,2.2772e-04,2.3855e-04,2.4457e-04,2.6305e-04,2.5362e-04,2.5099e-04,2.2881e-04,2.3047e-04,2.4726e-04,2.5290e-04,3.3889e-04,3.6904e-04,3.5924e-04,2.2688e-04,2.2282e-04,2.0092e-04,1.7779e-04,1.8568e-04,2.4862e-04,2.4803e-04,2.3413e-04,2.2414e-04,2.1478e-04,2.5088e-04,2.2357e-04,2.2691e-04,2.3279e-04,2.3608e-04
6.29255,2.3402e-04,2.1466e-04,2.4607e-04,2.2490e-04,2.2914e-04,2.5497e-04,2.1926e-04,2.4043e-04,2.2651e-04,2.2697e-04,2.3839e-04,2.4468e-04,2.6352e-04,2.5381e-04,2.5119e-04,2.2906e-04,2.3025e-04,2.4690e-04,2.5329e-04,3.3910e-04,3.6822e-04,3.5959e-04,2.2807e-04,2.2386e-04,2.0173e-04,1.7836e-04,1.8615e-04,2.4849e-04,2.4749e-04,2.3375e-04,2.2356e-04,2.1440e-04,2.5103e-04,2.2348e-04,2.2638e-04,2.3269e-04,2.3602e-04
6.38032,2.3366e-04,2.1428e-04,2.4633e-04,2.2487e-04,2.2923e-04,2.5526e-04,2.1893e-04,2.4047e-04,2.2640e-04,2.2621e-04,2.3823e-04,2.4478e-04,2.6399e-04,2.5399e-04,2.5139e-04,2.2931e-04,2.3003e-04,2.4655e-04,2.5368e-04,3.3932e-04,3.6740e-04,3.5994e-04,2.2927e-04,2.2490e-04,2.0254e-04,1.7892e-04,1.8663e-04,2.4835e-04,2.4695e-04,2.3337e-04,2.2298e-04,2.1402e-04,2.5118e-04,2.2338e-04,2.2585e-04,2.3258e-04,2.3597e-04
6.46932,2.3331e-04,2.1391e-04,2.4658e-04,2.2485e-04,2.2933e-04,2.5555e-04,2.1859e-04,2.4051e-04,2.2629e-04,2.2546e-04,2.3807e-04,2.4489e-04,2.6447e-04,2.5418e-04,2.5159e-04,2.2956e-04,2.2981e-04,2.4619e-04,2.5406e-04,3.3954e-04,3.6657e-04,3.6029e-04,2.3047e-04,2.2595e-04,2.0334e-04,1.7949e-04,1.8711e-04,2.4822e-04,2.4640e-04,2.3298e-04,2.2239e-04,2.1364e-04,2.5134e-04,2.2328e-04,2.2533e-04,2.3248e-04,2.3592e-04
6.55956,2.3295e-04,2.1353e-04,2.4684e-04,2.2482e-04,2.2942e-04,2.5584e-04,2.1826e-04,2.4055e-04,2.2619e-04,2.2471e-04,2.3791e-04,2.4500e-04,2.6494e-04,2.5436e-04,2.5179e-04,2.2981e-04,2.2959e-04,2.4583e-04,2.5445e-04,3.3976e-04,3.6575e-04,3.6064e-04,2.3167e-04,2.2699e-04,2.0415e-04,1.8006e-04,1.8758e-04,2.4809e-04,2.4586e-04,2.3260e-04,2.2181e-04,2.1326e-04,2.5149e-04,2.2319e-04,2.2480e-04,2.3238e-04,2.3587e-04
6.65106,2.3260e-04,2.1315e-04,2.4709e-04,2.2479e-04,2.2951e-04,2.5613e-04,2.1793e-04,2.4060e-04,2.2608e-04,2.2396e-04,2.3774e-04,2.4511e-04,2.6541e-04,2.5455e-04,2.5199e-04,2.3006e-04,2.2937e-04,2.4548e-04,2.5484e-04,3.3997e-04,3.6493e-04,3.6099e-04,2.3286e-04,2.2803e-04,2.0496e-04,1.8063e-04,1.8806e-04,2.4795e-04,2.4532e-04,2.3222e-04,2.2123e-04,2.1288e-04,2.5164e-04,2.2309e-04,2.2427e-04,2.3228e-04,2.3581e-04
6.74384,2.3224e-04,2.1277e-04,2.4735e-04,2.2477e-04,2.2961e-04,2.5641e-04,2.1759e-04,2.4064e-04,2.2597e-04,2.2321e-04,2.3758e-04,2.4522e-04,2.6589e-04,2.5474e-04,2.5219e-04,2.3031e-04,2.2916e-04,2.4512e-04,2.5522e-04,3.4019e-04,3.6411e-04,3.6134e-04,2.3406e-04,2.2907e-04,2.0577e-04,1.8120e-04,1.8854e-04,2.4782e-04,2.4478e-04,2.3183e-04,2.2064e-04,2.1250e-04,2.5180e-04,2.2300e-04,2.2374e-04,2.3217e-04,2.3576e-04
6.83791,2.3189e-04,2.1239e-04,2.4760e-04,2.2474e-04,2.2970e-04,2.5670e-04,2.1726e-04,2.4068e-04,2.2587e-04,2.2245e-04,2.3742e-04,2.4533e-04,2.6636e-04,2.5492e-04,2.5239e-04,2.3056e-04,2.2894e-04,2.4476e-04,2.5561e-04,3.4041e-04,3.6328e-04,3.6169e-04,2.3526e-04,2.3011e-04,2.0657e-04,1.8177e-04,1.8901e-04,2.4768e-04,2.4423e-04,2.3145e-04,2.2006e-04,2.1213e-04,2.5195e-04,2.2290e-04,2.2321e-04,2.3207e-04,2.3571e-04
6.93329,2.3153e-04,2.1201e-04,2.4786e-04,2.2472e-04,2.2980e-04,2.5699e-04,2.1693e-04,2.4072e-04,2.2576e-04,2.2170e-04,2.3726e-04,2.4543e-04,2.6683e-04,2.5511e-04,2.5259e-04,2.3081e-04,2.2872e-04,2.4441e-04,2.5600e-04,3.4062e-04,3.6246e-04,3.6204e-04,2.3646e-04,2.3115e-04,2.0738e-04,1.8234e-04,1.8949e-04,2.4755e-04,2.4369e-04,2.3106e-04,2.1948e-04,2.1175e-04,2.5211e-04,2.2281e-04,2.2268e-04,2.3197e-04,2.3565e-04
7.03,2.3118e-04,2.1164e-04,2.4811e-04,2.2469e-04,2.2989e-04,2.5728e-04,2.1660e-04,2.4076e-04,2.2565e-04,2.2095e-04,2.3710e-04,2.4554e-04,2.6731e-04,2.5529e-04,2.5279e-04,2.3106e-04,2.2850e-04,2.4405e-04,2.5638e-04,3.4084e-04,3.6164e-04,3.6240e-04,2.3765e-04,2.3219e-04,2.0819e-04,1.8291e-04,1.8997e-04,2.4741e-04,2.4315e-04,2.3068e-04,2.1890e-04,2.1137e-04,2.5226e-04,2.2271e-04,2.2216e-04,2.3187e-04,2.3560e-04
7.12806,2.3082e-04,2.1126e-04,2.4837e-04,2.2466e-04,2.2998e-04,2.5757e-04,2.1626e-04,2.4080e-04,2.2555e-04,2.2020e-04,2.3693e-04,2.4565e-04,2.6778e-04,2.5548e-04,2.5299e-04,2.3131e-04,2.2828e-04,2.4369e-04,2.5677e-04,3.4106e-04,3.6082e-04,3.6275e-04,2.3885e-04,2.3323e-04,2.0900e-04,1.8348e-04,1.9044e-04,2.4728e-04,2.4260e-04,2.3030e-04,2.1831e-04,2.1099e-04,2.5241e-04,2.2262e-04,2.2163e-04,2.3177e-04,2.3555e-04
7.22749,2.3061e-04,2.1101e-04,2.4863e-04,2.2475e-04,2.3021e-04,2.5788e-04,2.1611e-04,2.4093e-04,2.2557e-04,2.1956e-04,2.3687e-04,2.4588e-04,2.6818e-04,2.5571e-04,2.5320e-04,2.3173e-04,2.2827e-04,2.4353e-04,2.5740e-04,3.4133e-04,3.6003e-04,3.6302e-04,2.4005e-04,2.3425e-04,2.0988e-04,1.8412e-04,1.9108e-04,2.4722e-04,2.4221e-04,2.3011e-04,2.1793e-04,2.1084e-04,2.5262e-04,2.2264e-04,2.2129e-04,2.3174e-04,2.3554e-04
7.32831,2.3107e-04,2.1141e-04,2.4893e-04,2.2535e-04,2.3103e-04,2.5832e-04,2.1682e-04,2.4152e-04,2.2625e-04,2.1947e-04,2.3730e-04,2.4670e-04,2.6825e-04,2.5617e-04,2.5343e-04,2.3293e-04,2.2922e-04,2.4431e-04,2.5919e-04,3.4186e-04,3.5939e-04,3.6291e-04,2.4125e-04,2.3518e-04,2.1115e-04,1.8509e-04,1.9246e-04,2.4752e-04,2.4252e-04,2.3089e-04,2.1847e-04,2.1181e-04,2.5310e-04,2.2323e-04,2.2184e-04,2.3205e-04,2.3572e-04
7.43053,2.3153e-04,2.1181e-04,2.4923e-04,2.2594e-04,2.3186e-04,2.5875e-04,2.1753e-04,2.4210e-04,2.2692e-04,2.1937e-04,2.3772e-04,2.4751e-04,2.6832e-04,2.5664e-04,2.5367e-04,2.3413e-04,2.3017e-04,2.4508e-04,2.6097e-04,3.4239e-04,3.5875e-04,3.6280e-04,2.4245e-04,2.3610e-04,2.1241e-04,1.8606e-04,1.9384e-04,2.4782e-04,2.4284e-04,2.3166e-04,2.1900e-04,2.1277e-04,2.5357e-04,2.2382e-04,2.2238e-04,2.3236e-04,2.3590e-04
7.53418,2.3199e-04,2.1221e-04,2.4954e-04,2.2654e-04,2.3269e-04,2.5919e-04,2.1824e-04,2.4268e-04,2.2760e-04,2.1928e-04,2.3814e-04,2.4832e-04,2.6839e-04,2.5710e-04,2.5390e-04,2.3533e-04,2.3112e-04,2.4585e-04,2.6276e-04,3.4292e-04,3.5812e-04,3.6269e-04,2.4365e-04,2.3702e-04,2.1367e-04,1.8703e-04,1.9522e-04,2.4812e-04,2.4315e-04,2.3244e-04,2.1954e-04,2.1374e-04,2.5405e-04,2.2442e-04,2.2293e-04,2.3267e-04,2.3608e-04
7.63928,2.3245e-04,2.1261e-04,2.4984e-04,2.2714e-04,2.3352e-04,2.5962e-04,2.1896e-04,2.4327e-04,2.2827e-04,2.1919e-04,2.3856e-04,2.4914e-04,2.6846e-04,2.5757e-04,2.5414e-04,2.3653e-04,2.3207e-04,2.4663e-04,2.6454e-04,3.4346e-04,3.5748e-04,3.6258e-04,2.4485e-04,2.3794e-04,2.1493e-04,1.8800e-04,1.9660e-04,2.4842e-04,2.4346e-04,2.3322e-04,2.2008e-04,2.1471e-04,2.5453e-04,2.2501e-04,2.2348e-04,2.3298e-04,2.3626e-04
7.74584,2.3291e-04,2.1301e-04,2.5014e-04,2.2774e-04,2.3435e-04,2.6006e-04,2.1967e-04,2.4385e-04,2.2894e-04,2.1909e-04,2.3898e-04,2.4995e-04,2.6853e-04,2.5803e-04,2.5437e-04,2.3773e-04,2.3302e-04,2.4740e-04,2.6633e-04,3.4399e-04,3.5684e-04,3.6247e-04,2.4605e-04,2.3887e-04,2.1619e-04,1.8897e-04,1.9799e-04,2.4871e-04,2.4378e-04,2.3399e-04,2.2062e-04,2.1567e-04,2.5500e-04,2.2560e-04,2.2403e-04,2.3330e-04,2.3644e-04
7.85389,2.3336e-04,2.1340e-04,2.5045e-04,2.2834e-04,2.3518e-04,2.6049e-04,2.2038e-04,2.4443e-04,2.2962e-04,2.1900e-04,2.3941e-04,2.5076e-04,2.6859e-04,2.5849e-04,2.5460e-04,2.3894e-04,2.3397e-04,2.4817e-04,2.6812e-04,3.4452e-04,3.5621e-04,3.6236e-04,2.4725e-04,2.3979e-04,2.1745e-04,1.8994e-04,1.9937e-04,2.4901e-04,2.4409e-04,2.3477e-04,2.2116e-04,2.1664e-04,2.5548e-04,2.2619e-04,2.2458e-04,2.3361e-04,2.3662e-04
7.96344,2.3382e-04,2.1380e-04,2.5075e-04,2.2894e-04,2.3601e-04,2.6092e-04,2.2109e-04,2.4502e-04,2.3029e-04,2.1890e-04,2.3983e-04,2.5158e-04,2.6866e-04,2.5896e-04,2.5484e-04,2.4014e-04,2.3492e-04,2.4895e-04,2.6990e-04,3.4505e-04,3.5557e-04,3.6225e-04,2.4845e-04,2.4071e-04,2.1872e-04,1.9091e-04,2.0075e-04,2.4931e-04,2.4440e-04,2.3554e-04,2.2169e-04,2.1760e-04,2.5595e-04,2.2678e-04,2.2512e-04,2.3392e-04,2.3680e-04
8.07452,2.3428e-04,2.1420e-04,2.5105e-04,2.2954e-04,2.3684e-04,2.6136e-04,2.2180e-04,2.4560e-04,2.3096e-04,2.1881e-04,2.4025e-04,2.5239e-04,2.6873e-04,2.5942e-04,2.5507e-04,2.4134e-04,2.3587e-04,2.4972e-04,2.7169e-04,3.4558e-04,3.5493e-04,3.6214e-04,2.4965e-04,2.4163e-04,2.1998e-04,1.9188e-04,2.0213e-04,2.4961e-04,2.4472e-04,2.3632e-04,2.2223e-04,2.1857e-04,2.5643e-04,2.2737e-04,2.2567e-04,2.3423e-04,2.3698e-04
8.18716,2.3474e-04,2.1460e-04,2.5135e-04,2.3013e-04,2.3767e-04,2.6179e-04,2.2251e-04,2.4618e-04,2.3164e-04,2.1872e-04,2.4067e-04,2.5320e-04,2.6880e-04,2.5988e-04,2.5531e-04,2.4254e-04,2.3681e-04,2.5049e-04,2.7347e-04,3.4611e-04,3.5430e-04,3.6203e-04,2.5085e-04,2.4256e-04,2.2124e-04,1.9284e-04,2.0351e-04,2.4991e-04,2.4503e-04,2.3709e-04,2.2277e-04,2.1953e-04,2.5690e-04,2.2796e-04,2.2622e-04,2.3454e-04,2.3717e-04
8.30136,2.3520e-04,2.1500e-04,2.5166e-04,2.3073e-04,2.3850e-04,2.6223e-04,2.2322e-04,2.4677e-04,2.3231e-04,2.1862e-04,2.4109e-04,2.5402e-04,2.6887e-04,2.6035e-04,2.5554e-04,2.4374e-04,2.3776e-04,2.5126e-04,2.7526e-04,3.4664e-04,3.5366e-04,3.6192e-04,2.5205e-04,2.4348e-04,2.2250e-04,1.9381e-04,2.0490e-04,2.5021e-04,2.4534e-04,2.3787e-04,2.2331e-04,2.2050e-04,2.5738e-04,2.2855e-04,2.2677e-04,2.3486e-04,2.3735e-04
8.41716,2.3566e-04,2.1539e-04,2.5196e-04,2.3133e-04,2.3933e-04,2.6266e-04,2.2393e-04,2.4735e-04,2.3298e-04,2.1853e-04,2.4152e-04,2.5483e-04,2.6894e-04,2.6081e-04,2.5577e-04,2.4494e-04,2.3871e-04,2.5204e-04,2.7705e-04,3.4717e-04,3.5302e-04,3.6181e-04,2.5325e-04,2.4440e-04,2.2376e-04,1.9478e-04,2.0628e-04,2.5051e-04,2.4566e-04,2.3864e-04,2.2385e-04,2.2146e-04,2.5786e-04,2.2914e-04,2.2732e-04,2.3517e-04,2.3753e-04
8.53457,2.3612e-04,2.1579e-04,2.5226e-04,2.3193e-04,2.4016e-04,2.6310e-04,2.2464e-04,2.4793e-04,2.3366e-04,2.1844e-04,2.4194e-04,2.5564e-04,2.6901e-04,2.6128e-04,2.5601e-04,2.4614e-04,2.3966e-04,2.5281e-04,2.7883e-04,3.4770e-04,3.5239e-04,3.6170e-04,2.5445e-04,2.4532e-04,2.2503e-04,1.9575e-04,2.0766e-04,2.5081e-04,2.4597e-04,2.3942e-04,2.2438e-04,2.2243e-04,2.5833e-04,2.2973e-04,2.2787e-04,2.3548e-04,2.3771e-04
8.65362,2.3658e-04,2.1619e-04,2.5256e-04,2.3253e-04,2.4099e-04,2.6353e-04,2.2535e-04,2.4852e-04,2.3433e-04,2.1834e-04,2.4236e-04,2.5646e-04,2.6908e-04,2.6174e-04,2.5624e-04,2.4735e-04,2.4061e-04,2.5358e-04,2.8062e-04,3.4824e-04,3.5175e-04,3.6159e-04,2.5565e-04,2.4624e-04,2.2629e-04,1.9672e-04,2.0904e-04,2.5111e-04,2.4628e-04,2.4019e-04,2.2492e-04,2.2339e-04,2.5881e-04,2.3033e-04,2.2841e-04,2.3579e-04,2.3789e-04
8.77433,2.3704e-04,2.1659e-04,2.5287e-04,2.3313e-04,2.4182e-04,2.6397e-04,2.2606e-04,2.4910e-04,2.3501e-04,2.1825e-04,2.4278e-04,2.5727e-04,2.6914e-04,2.6220e-04,2.5648e-04,2.4855e-04,2.4156e-04,2.5436e-04,2.8240e-04,3.4877e-04,3.5111e-04,3.6148e-04,2.5685e-04,2.4717e-04,2.2755e-04,1.9769e-04,2.1042e-04,2.5141e-04,2.4660e-04,2.4097e-04,2.2546e-04,2.2436e-04,2.5928e-04,2.3092e-04,2.2896e-04,2.3610e-04,2.3807e-04
8.89672,2.3749e-04,2.1699e-04,2.5317e-04,2.3373e-04,2.4265e-04,2.6440e-04,2.2678e-04,2.4968e-04,2.3568e-04,2.1815e-04,2.4320e-04,2.5808e-04,2.6921e-04,2.6267e-04,2.5671e-04,2.4975e-04,2.4251e-04,2.5513e-04,2.8419e-04,3.4930e-04,3.5048e-04,3.6137e-04,2.5805e-04,2.4809e-04,2.2881e-04,1.9866e-04,2.1181e-04,2.5170e-04,2.4691e-04,2.4174e-04,2.2600e-04,2.2532e-04,2.5976e-04,2.3151e-04,2.2951e-04,2.3642e-04,2.3825e-04
9.02082,2.3795e-04,2.1738e-04,2.5347e-04,2.3432e-04,2.4348e-04,2.6483e-04,2.2749e-04,2.5027e-04,2.3635e-04,2.1806e-04,2.4363e-04,2.5890e-04,2.6928e-04,2.6313e-04,2.5694e-04,2.5095e-04,2.4346e-04,2.5590e-04,2.8597e-04,3.4983e-04,3.4984e-04,3.6126e-04,2.5925e-04,2.4901e-04,2.3007e-04,1.9963e-04,2.1319e-04,2.5200e-04,2.4722e-04,2.4252e-04,2.2654e-04,2.2629e-04,2.6023e-04,2.3210e-04,2.3006e-04,2.3673e-04,2.3843e-04
9.14665,2.3841e-04,2.1778e-04,2.5377e-04,2.3492e-04,2.4431e-04,2.6527e-04,2.2820e-04,2.5085e-04,2.3703e-04,2.1797e-04,2.4405e-04,2.5971e-04,2.6935e-04,2.6359e-04,2.5718e-04,2.5215e-04,2.4441e-04,2.5668e-04,2.8776e-04,3.5036e-04,3.4920e-04,3.6115e-04,2.6045e-04,2.4993e-04,2.3133e-04,2.0060e-04,2.1457e-04,2.5230e-04,2.4754e-04,2.4329e-04,2.2707e-04,2.2726e-04,2.6071e-04,2.3269e-04,2.3061e-04,2.3704e-04,2.3861e-04
9.27424,2.3887e-04,2.1818e-04,2.5408e-04,2.3552e-04,2.4513e-04,2.6570e-04,2.2891e-04,2.5143e-04,2.3770e-04,2.1787e-04,2.4447e-04,2.6052e-04,2.6942e-04,2.6406e-04,2.5741e-04,2.5335e-04,2.4536e-04,2.5745e-04,2.8955e-04,3.5089e-04,3.4857e-04,3.6104e-04,2.6165e-04,2.5086e-04,2.3260e-04,2.0157e-04,2.1595e-04,2.5260e-04,2.4785e-04,2.4407e-04,2.2761e-04,2.2822e-04,2.6118e-04,2.3328e-04,2.3115e-04,2.3735e-04,2.3879e-04
9.40361,2.3933e-04,2.1858e-04,2.5438e-04,2.3612e-04,2.4596e-04,2.6614e-04,2.2962e-04,2.5202e-04,2.3837e-04,2.1778e-04,2.4489e-04,2.6134e-04,2.6949e-04,2.6452e-04,2.5765e-04,2.5456e-04,2.4631e-04,2.5822e-04,2.9133e-04,3.5142e-04,3.4793e-04,3.6093e-04,2.6285e-04,2.5178e-04,2.3386e-04,2.0254e-04,2.1733e-04,2.5290e-04,2.4816e-04,2.4484e-04,2.2815e-04,2.2919e-04,2.6166e-04,2.3387e-04,2.3170e-04,2.3766e-04,2.3898e-04
9.53478,2.3979e-04,2.1898e-04,2.5468e-04,2.3672e-04,2.4679e-04,2.6657e-04,2.3033e-04,2.5260e-04,2.3905e-04,2.1768e-04,2.4531e-04,2.6215e-04,2.6956e-04,2.6499e-04,2.5788e-04,2.5576e-04,2.4726e-04,2.5900e-04,2.9312e-04,3.5195e-04,3.4729e-04,3.6082e-04,2.6405e-04,2.5270e-04,2.3512e-04,2.0351e-04,2.1871e-04,2.5320e-04,2.4848e-04,2.4562e-04,2.2869e-04,2.3015e-04,2.6214e-04,2.3446e-04,2.3225e-04,2.3798e-04,2.3916e-04
9.66778,2.4025e-04,2.1937e-04,2.5498e-04,2.3732e-04,2.4762e-04,2.6701e-04,2.3104e-04,2.5318e-04,2.3972e-04,2.1759e-04,2.4574e-04,2.6296e-04,2.6962e-04,2.6545e-04,2.5811e-04,2.5696e-04,2.4821e-04,2.5977e-04,2.9490e-04,3.5248e-04,3.4666e-04,3.6071e-04,2.6525e-04,2.5362e-04,2.3638e-04,2.0447e-04,2.2010e-04,2.5350e-04,2.4879e-04,2.4639e-04,2.2923e-04,2.3112e-04,2.6261e-04,2.3505e-04,2.3280e-04,2.3829e-04,2.3934e-04
9.80264,2.4071e-04,2.1977e-04,2.5529e-04,2.3792e-04,2.4845e-04,2.6744e-04,2.3175e-04,2.5377e-04,2.4039e-04,2.1750e-04,2.4616e-04,2.6378e-04,2.6969e-04,2.6591e-04,2.5835e-04,2.5816e-04,2.4916e-04,2.6054e-04,2.9669e-04,3.5302e-04,3.4602e-04,3.6060e-04,2.6645e-04,2.5455e-04,2.3764e-04,2.0544e-04,2.2148e-04,2.5380e-04,2.4910e-04,2.4717e-04,2.2976e-04,2.3208e-04,2.6309e-04,2.3565e-04,2.3335e-04,2.3860e-04,2.3952e-04
9.93937,2.4116e-04,2.2017e-04,2.5559e-04,2.3851e-04,2.4928e-04,2.6787e-04,2.3246e-04,2.5435e-04,2.4107e-04,2.1740e-04,2.4658e-04,2.6459e-04,2.6976e-04,2.6638e-04,2.5858e-04,2.5936e-04,2.5011e-04,2.6131e-04,2.9848e-04,3.5355e-04,3.4538e-04,3.6049e-04,2.6765e-04,2.5547e-04,2.3891e-04,2.0641e-04,2.2286e-04,2.5410e-04,2.4942e-04,2.4794e-04,2.3030e-04,2.3305e-04,2.6356e-04,2.3624e-04,2.3390e-04,2.3891e-04,2.3970e-04
10.078,2.4162e-04,2.2057e-04,2.5589e-04,2.3911e-04,2.5011e-04,2.6831e-04,2.3317e-04,2.5493e-04,2.4174e-04,2.1731e-04,2.4700e-04,2.6540e-04,2.6983e-04,2.6684e-04,2.5882e-04,2.6056e-04,2.5106e-04,2.6209e-04,3.0026e-04,3.5408e-04,3.4475e-04,3.6038e-04,2.6885e-04,2.5639e-04,2.4017e-04,2.0738e-04,2.2424e-04,2.5440e-04,2.4973e-04,2.4872e-04,2.3084e-04,2.3401e-04,2.6404e-04,2.3683e-04,2.3444e-04,2.3923e-04,2.3988e-04
10.2186,2.4208e-04,2.2097e-04,2.5619e-04,2.3971e-04,2.5094e-04,2.6874e-04,2.3388e-04,2.5552e-04,2.4242e-04,2.1722e-04,2.4742e-04,2.6622e-04,2.6990e-04,2.6730e-04,2.5905e-04,2.6176e-04,2.5201e-04,2.6286e-04,3.0205e-04,3.5461e-04,3.4411e-04,3.6027e-04,2.7005e-04,2.5731e-04,2.4143e-04,2.0835e-04,2.2562e-04,2.5469e-04,2.5004e-04,2.4949e-04,2.3138e-04,2.3498e-04,2.6451e-04,2.3742e-04,2.3499e-04,2.3954e-04,2.4006e-04
10.3611,2.4254e-04,2.2137e-04,2.5650e-04,2.4031e-04,2.5177e-04,2.6918e-04,2.3460e-04,2.5610e-04,2.4309e-04,2.1712e-04,2.4785e-04,2.6703e-04,2.6997e-04,2.6777e-04,2.5928e-04,2.6297e-04,2.5296e-04,2.6363e-04,3.0383e-04,3.5514e-04,3.4348e-04,3.6016e-04,2.7125e-04,2.5824e-04,2.4269e-04,2.0932e-04,2.2701e-04,2.5499e-04,2.5036e-04,2.5027e-04,2.3192e-04,2.3594e-04,2.6499e-04,2.3801e-04,2.3554e-04,2.3985e-04,2.4024e-04
10.5057,2.4300e-04,2.2176e-04,2.5680e-04,2.4091e-04,2.5260e-04,2.6961e-04,2.3531e-04,2.5668e-04,2.4376e-04,2.1703e-04,2.4827e-04,2.6784e-04,2.7004e-04,2.6823e-04,2.5952e-04,2.6417e-04,2.5391e-04,2.6441e-04,3.0562e-04,3.5567e-04,3.4284e-04,3.6005e-04,2.7245e-04,2.5916e-04,2.4395e-04,2.1029e-04,2.2839e-04,2.5529e-04,2.5067e-04,2.5104e-04,2.3246e-04,2.3691e-04,2.6547e-04,2.3860e-04,2.3609e-04,2.4016e-04,2.4042e-04
10.6522,2.4346e-04,2.2216e-04,2.5710e-04,2.4151e-04,2.5343e-04,2.7005e-04,2.3602e-04,2.5726e-04,2.4444e-04,2.1693e-04,2.4869e-04,2.6866e-04,2.7010e-04,2.6870e-04,2.5975e-04,2.6537e-04,2.5486e-04,2.6518e-04,3.0740e-04,3.5620e-04,3.4220e-04,3.5994e-04,2.7365e-04,2.6008e-04,2.4521e-04,2.1126e-04,2.2977e-04,2.5559e-04,2.5098e-04,2.5182e-04,2.3299e-04,2.3787e-04,2.6594e-04,2.3919e-04,2.3664e-04,2.4047e-04,2.4061e-04
10.8008,2.4392e-04,2.2256e-04,2.5740e-04,2.4211e-04,2.5426e-04,2.7048e-04,2.3673e-04,2.5785e-04,2.4511e-04,2.1684e-04,2.4911e-04,2.6947e-04,2.7017e-04,2.6916e-04,2.5999e-04,2.6657e-04,2.5581e-04,2.6595e-04,3.0919e-04,3.5673e-04,3.4157e-04,3.5983e-04,2.7485e-04,2.6100e-04,2.4648e-04,2.1223e-04,2.3115e-04,2.5589e-04,2.5130e-04,2.5259e-04,2.3353e-04,2.3884e-04,2.6642e-04,2.3978e-04,2.3718e-04,2.4079e-04,2.4079e-04
10.9515,2.4438e-04,2.2296e-04,2.5771e-04,2.4270e-04,2.5509e-04,2.7092e-04,2.3744e-04,2.5843e-04,2.4578e-04,2.1675e-04,2.4953e-04,2.7028e-04,2.7024e-04,2.6962e-04,2.6022e-04,2.6777e-04,2.5675e-04,2.6673e-04,3.1098e-04,3.5726e-04,3.4093e-04,3.5972e-04,2.7605e-04,2.6193e-04,2.4774e-04,2.1320e-04,2.3253e-04,2.5619e-04,2.5161e-04,2.5337e-04,2.3407e-04,2.3981e-04,2.6689e-04,2.4037e-04,2.3773e-04,2.4110e-04,2.4097e-04
11.1042,2.4483e-04,2.2336e-04,2.5801e-04,2.4330e-04,2.5592e-04,2.7135e-04,2.3815e-04,2.5901e-04,2.4646e-04,2.1665e-04,2.4995e-04,2.7110e-04,2.7031e-04,2.7009e-04,2.6045e-04,2.6897e-04,2.5770e-04,2.6750e-04,3.1276e-04,3.5780e-04,3.4029e-04,3.5961e-04,2.7725e-04,2.6285e-04,2.4900e-04,2.1417e-04,2.3392e-04,2.5649e-04,2.5192e-04,2.5414e-04,2.3461e-04,2.4077e-04,2.6737e-04,2.4097e-04,2.3828e-04,2.4141e-04,2.4115e-04
11.2591,2.4529e-04,2.2375e-04,2.5831e-04,2.4390e-04,2.5675e-04,2.7178e-04,2.3886e-04,2.5960e-04,2.4713e-04,2.1656e-04,2.5038e-04,2.7191e-04,2.7038e-04,2.7055e-04,2.6069e-04,2.7018e-04,2.5865e-04,2.6827e-04,3.1455e-04,3.5833e-04,3.3966e-04,3.5950e-04,2.7845e-04,2.6377e-04,2.5026e-04,2.1513e-04,2.3530e-04,2.5679e-04,2.5224e-04,2.5492e-04,2.3515e-04,2.4174e-04,2.6784e-04,2.4156e-04,2.3883e-04,2.4172e-04,2.4133e-04
11.4162,2.4575e-04,2.2415e-04,2.5861e-04,2.4450e-04,2.5758e-04,2.7222e-04,2.3957e-04,2.6018e-04,2.4780e-04,2.1647e-04,2.5080e-04,2.7272e-04,2.7045e-04,2.7101e-04,2.6092e-04,2.7138e-04,2.5960e-04,2.6904e-04,3.1633e-04,3.5886e-04,3.3902e-04,3.5939e-04,2.7965e-04,2.6469e-04,2.5152e-04,2.1610e-04,2.3668e-04,2.5709e-04,2.5255e-04,2.5569e-04,2.3568e-04,2.4270e-04,2.6832e-04,2.4215e-04,2.3938e-04,2.4203e-04,2.4151e-04
11.5754,2.4621e-04,2.2455e-04,2.5892e-04,2.4510e-04,2.5840e-04,2.7265e-04,2.4028e-04,2.6076e-04,2.4848e-04,2.1637e-04,2.5122e-04,2.7354e-04,2.7052e-04,2.7148e-04,2.6115e-04,2.7258e-04,2.6055e-04,2.6982e-04,3.1812e-04,3.5939e-04,3.3838e-04,3.5928e-04,2.8085e-04,2.6562e-04,2.5278e-04,2.1707e-04,2.3806e-04,2.5739e-04,2.5286e-04,2.5647e-04,2.3622e-04,2.4367e-04,2.6880e-04,2.4274e-04,2.3993e-04,2.4235e-04,2.4169e-04
11.7369,2.4667e-04,2.2495e-04,2.5922e-04,2.4570e-04,2.5923e-04,2.7309e-04,2.4099e-04,2.6135e-04,2.4915e-04,2.1628e-04,2.5164e-04,2.7435e-04,2.7058e-04,2.7194e-04,2.6139e-04,2.7378e-04,2.6150e-04,2.7059e-04,3.1990e-04,3.5992e-04,3.3775e-04,3.5917e-04,2.8205e-04,2.6654e-04,2.5405e-04,2.1804e-04,2.3944e-04,2.5768e-04,2.5318e-04,2.5724e-04,2.3676e-04,2.4463e-04,2.6927e-04,2.4333e-04,2.4047e-04,2.4266e-04,2.4187e-04
11.9006,2.4713e-04,2.2535e-04,2.5952e-04,2.4630e-04,2.6006e-04,2.7352e-04,2.4170e-04,2.6193e-04,2.4983e-04,2.1618e-04,2.5206e-04,2.7516e-04,2.7065e-04,2.7241e-04,2.6162e-04,2.7498e-04,2.6245e-04,2.7136e-04,3.2169e-04,3.6045e-04,3.3711e-04,3.5906e-04,2.8326e-04,2.6746e-04,2.5531e-04,2.1901e-04,2.4082e-04,2.5798e-04,2.5349e-04,2.5802e-04,2.3730e-04,2.4560e-04,2.6975e-04,2.4392e-04,2.4102e-04,2.4297e-04,2.4205e-04
12.0666,2.4759e-04,2.2574e-04,2.5982e-04,2.4690e-04,2.6089e-04,2.7396e-04,2.4241e-04,2.6251e-04,2.5050e-04,2.1609e-04,2.5249e-04,2.7598e-04,2.7072e-04,2.7287e-04,2.6186e-04,2.7618e-04,2.6340e-04,2.7214e-04,3.2348e-04,3.6098e-04,3.3647e-04,3.5895e-04,2.8446e-04,2.6838e-04,2.5657e-04,2.1998e-04,2.4221e-04,2.5828e-04,2.5380e-04,2.5880e-04,2.3784e-04,2.4656e-04,2.7022e-04,2.4451e-04,2.4157e-04,2.4328e-04,2.4223e-04
12.2349,2.4805e-04,2.2614e-04,2.6013e-04,2.4749e-04,2.6172e-04,2.7439e-04,2.4313e-04,2.6310e-04,2.5117e-04,2.1600e-04,2.5291e-04,2.7679e-04,2.7079e-04,2.7333e-04,2.6209e-04,2.7738e-04,2.6435e-04,2.7291e-04,3.2526e-04,3.6151e-04,3.3584e-04,3.5884e-04,2.8566e-04,2.6931e-04,2.5783e-04,2.2095e-04,2.4359e-04,2.5858e-04,2.5412e-04,2.5957e-04,2.3837e-04,2.4753e-04,2.7070e-04,2.4510e-04,2.4212e-04,2.4359e-04,2.4242e-04
12.4056,2.4854e-04,2.2694e-04,2.6099e-04,2.4861e-04,2.6237e-04,2.7527e-04,2.4438e-04,2.6400e-04,2.5223e-04,2.1767e-04,2.5327e-04,2.7763e-04,2.7126e-04,2.7383e-04,2.6325e-04,2.7864e-04,2.6610e-04,2.7461e-04,3.2665e-04,3.6188e-04,3.3588e-04,3.5857e-04,2.8641e-04,2.7054e-04,2.5914e-04,2.2241e-04,2.4518e-04,2.5963e-04,2.5592e-04,2.6110e-04,2.4009e-04,2.4920e-04,2.7100e-04,2.4617e-04,2.4383e-04,2.4495e-04,2.4389e-04
12.5786,2.4903e-04,2.2775e-04,2.6186e-04,2.4975e-04,2.6300e-04,2.7616e-04,2.4564e-04,2.6491e-04,2.5329e-04,2.1941e-04,2.5363e-04,2.7848e-04,2.7175e-04,2.7433e-04,2.6443e-04,2.7989e-04,2.6786e-04,2.7634e-04,3.2802e-04,3.6224e-04,3.3595e-04,3.5829e-04,2.8716e-04,2.7179e-04,2.6044e-04,2.2389e-04,2.4678e-04,2.6069e-04,2.5776e-04,2.6264e-04,2.4184e-04,2.5090e-04,2.7129e-04,2.4725e-04,2.4558e-04,2.4634e-04,2.4541e-04
12.7541,2.4953e-04,2.2856e-04,2.6274e-04,2.5088e-04,2.6364e-04,2.7705e-04,2.4691e-04,2.6582e-04,2.5436e-04,2.2114e-04,2.5399e-04,2.7932e-04,2.7224e-04,2.7482e-04,2.6562e-04,2.8115e-04,2.6963e-04,2.7807e-04,3.2939e-04,3.6261e-04,3.3602e-04,3.5801e-04,2.8790e-04,2.7304e-04,2.6175e-04,2.2536e-04,2.4839e-04,2.6176e-04,2.5961e-04,2.6419e-04,2.4359e-04,2.5260e-04,2.7158e-04,2.4834e-04,2.4733e-04,2.4773e-04,2.4692e-04
12.932,2.5002e-04,2.2937e-04,2.6362e-04,2.5202e-04,2.6428e-04,2.7794e-04,2.4818e-04,2.6673e-04,2.5543e-04,2.2287e-04,2.5435e-04,2.8016e-04,2.7272e-04,2.7532e-04,2.6680e-04,2.8240e-04,2.7140e-04,2.7980e-04,3.3077e-04,3.6297e-04,3.3608e-04,3.5773e-04,2.8865e-04,2.7429e-04,2.6305e-04,2.2684e-04,2.4999e-04,2.6283e-04,2.6145e-04,2.6574e-04,2.4534e-04,2.5430e-04,2.7187e-04,2.4942e-04,2.4908e-04,2.4912e-04,2.4844e-04
13.1124,2.5051e-04,2.3018e-04,2.6449e-04,2.5315e-04,2.6491e-04,2.7883e-04,2.4945e-04,2.6764e-04,2.5650e-04,2.2461e-04,2.5471e-04,2.8101e-04,2.7321e-04,2.7582e-04,2.6798e-04,2.8366e-04,2.7317e-04,2.8153e-04,3.3214e-04,3.6333e-04,3.3615e-04,3.5746e-04,2.8939e-04,2.7553e-04,2.6436e-04,2.2831e-04,2.5159e-04,2.6390e-04,2.6330e-04,2.6729e-04,2.4709e-04,2.5599e-04,2.7217e-04,2.5050e-04,2.5083e-04,2.5051e-04,2.4995e-04
13.2953,2.5101e-04,2.3099e-04,2.6537e-04,2.5428e-04,2.6555e-04,2.7972e-04,2.5072e-04,2.6855e-04,2.5756e-04,2.2634e-04,2.5507e-04,2.8185e-04,2.7369e-04,2.7631e-04,2.6917e-04,2.8491e-04,2.7494e-04,2.8326e-04,3.3351e-04,3.6369e-04,3.3622e-04,3.5718e-04,2.9014e-04,2.7678e-04,2.6567e-04,2.2979e-04,2.5319e-04,2.6497e-04,2.6514e-04,2.6884e-04,2.4884e-04,2.5769e-04,2.7246e-04,2.5158e-04,2.5258e-04,2.5190e-04,2.5147e-04
13.4808,2.5150e-04,2.3180e-04,2.6624e-04,2.5542e-04,2.6619e-04,2.8061e-04,2.5198e-04,2.6946e-04,2.5863e-04,2.2807e-04,2.5543e-04,2.8270e-04,2.7418e-04,2.7681e-04,2.7035e-04,2.8617e-04,2.7671e-04,2.8499e-04,3.3489e-04,3.6405e-04,3.3628e-04,3.5690e-04,2.9088e-04,2.7803e-04,2.6697e-04,2.3126e-04,2.5479e-04,2.6603e-04,2.6699e-04,2.7039e-04,2.5059e-04,2.5939e-04,2.7275e-04,2.5266e-04,2.5433e-04,2.5329e-04,2.5298e-04
13.6688,2.5200e-04,2.3261e-04,2.6712e-04,2.5655e-04,2.6683e-04,2.8150e-04,2.5325e-04,2.7037e-04,2.5970e-04,2.2981e-04,2.5579e-04,2.8354e-04,2.7466e-04,2.7731e-04,2.7154e-04,2.8742e-04,2.7848e-04,2.8672e-04,3.3626e-04,3.6442e-04,3.3635e-04,3.5662e-04,2.9163e-04,2.7927e-04,2.6828e-04,2.3274e-04,2.5639e-04,2.6710e-04,2.6884e-04,2.7193e-04,2.5234e-04,2.6109e-04,2.7304e-04,2.5375e-04,2.5608e-04,2.5468e-04,2.5450e-04
13.8595,2.5249e-04,2.3341e-04,2.6800e-04,2.5769e-04,2.6746e-04,2.8239e-04,2.5452e-04,2.7128e-04,2.6076e-04,2.3154e-04,2.5615e-04,2.8438e-04,2.7515e-04,2.7780e-04,2.7272e-04,2.8868e-04,2.8025e-04,2.8845e-04,3.3763e-04,3.6478e-04,3.3642e-04,3.5635e-04,2.9237e-04,2.8052e-04,2.6959e-04,2.3421e-04,2.5800e-04,2.6817e-04,2.7068e-04,2.7348e-04,2.5409e-04,2.6278e-04,2.7334e-04,2.5483e-04,2.5783e-04,2.5607e-04,2.5601e-04
14.0528,2.5298e-04,2.3422e-04,2.6887e-04,2.5882e-04,2.6810e-04,2.8328e-04,2.5579e-04,2.7219e-04,2.6183e-04,2.3327e-04,2.5651e-04,2.8523e-04,2.7563e-04,2.7830e-04,2.7391e-04,2.8993e-04,2.8201e-04,2.9018e-04,3.3901e-04,3.6514e-04,3.3648e-04,3.5607e-04,2.9312e-04,2.8177e-04,2.7089e-04,2.3569e-04,2.5960e-04,2.6924e-04,2.7253e-04,2.7503e-04,2.5584e-04,2.6448e-04,2.7363e-04,2.5591e-04,2.5958e-04,2.5746e-04,2.5753e-04
14.2488,2.5348e-04,2.3503e-04,2.6975e-04,2.5996e-04,2.6874e-04,2.8417e-04,2.5705e-04,2.7310e-04,2.6290e-04,2.3501e-04,2.5687e-04,2.8607e-04,2.7612e-04,2.7880e-04,2.7509e-04,2.9119e-04,2.8378e-04,2.9191e-04,3.4038e-04,3.6550e-04,3.3655e-04,3.5579e-04,2.9386e-04,2.8302e-04,2.7220e-04,2.3717e-04,2.6120e-04,2.7030e-04,2.7437e-04,2.7658e-04,2.5759e-04,2.6618e-04,2.7392e-04,2.5699e-04,2.6133e-04,2.5885e-04,2.5905e-04
14.4476,2.5397e-04,2.3584e-04,2.7063e-04,2.6109e-04,2.6938e-04,2.8505e-04,2.5832e-04,2.7402e-04,2.6396e-04,2.3674e-04,2.5722e-04,2.8692e-04,2.7661e-04,2.7929e-04,2.7627e-04,2.9244e-04,2.8555e-04,2.9364e-04,3.4175e-04,3.6586e-04,3.3662e-04,3.5552e-04,2.9461e-04,2.8426e-04,2.7350e-04,2.3864e-04,2.6280e-04,2.7137e-04,2.7622e-04,2.7813e-04,2.5934e-04,2.6788e-04,2.7421e-04,2.5808e-04,2.6308e-04,2.6024e-04,2.6056e-04
14.6491,2.5446e-04,2.3665e-04,2.7150e-04,2.6223e-04,2.7001e-04,2.8594e-04,2.5959e-04,2.7493e-04,2.6503e-04,2.3847e-04,2.5758e-04,2.8776e-04,2.7709e-04,2.7979e-04,2.7746e-04,2.9370e-04,2.8732e-04,2.9537e-04,3.4313e-04,3.6623e-04,3.3669e-04,3.5524e-04,2.9535e-04,2.8551e-04,2.7481e-04,2.4012e-04,2.6440e-04,2.7244e-04,2.7806e-04,2.7968e-04,2.6109e-04,2.6957e-04,2.7451e-04,2.5916e-04,2.6483e-04,2.6163e-04,2.6208e-04
14.8534,2.5496e-04,2.3746e-04,2.7238e-04,2.6336e-04,2.7065e-04,2.8683e-04,2.6086e-04,2.7584e-04,2.6610e-04,2.4021e-04,2.5794e-04,2.8860e-04,2.7758e-04,2.8029e-04,2.7864e-04,2.9495e-04,2.8909e-04,2.9711e-04,3.4450e-04,3.6659e-04,3.3675e-04,3.5496e-04,2.9610e-04,2.8676e-04,2.7612e-04,2.4159e-04,2.6600e-04,2.7351e-04,2.7991e-04,2.8123e-04,2.6284e-04,2.7127e-04,2.7480e-04,2.6024e-04,2.6658e-04,2.6302e-04,2.6359e-04
15.0606,2.5545e-04,2.3827e-04,2.7325e-04,2.6450e-04,2.7129e-04,2.8772e-04,2.6213e-04,2.7675e-04,2.6716e-04,2.4194e-04,2.5830e-04,2.8945e-04,2.7806e-04,2.8078e-04,2.7983e-04,2.9621e-04,2.9086e-04,2.9884e-04,3.4587e-04,3.6695e-04,3.3682e-04,3.5468e-04,2.9684e-04,2.8800e-04,2.7742e-04,2.4307e-04,2.6761e-04,2.7458e-04,2.8175e-04,2.8277e-04,2.6459e-04,2.7297e-04,2.7509e-04,2.6132e-04,2.6833e-04,2.6441e-04,2.6511e-04
15.2707,2.5595e-04,2.3908e-04,2.7413e-04,2.6563e-04,2.7193e-04,2.8861e-04,2.6339e-04,2.7766e-04,2.6823e-04,2.4367e-04,2.5866e-04,2.9029e-04,2.7855e-04,2.8128e-04,2.8101e-04,2.9746e-04,2.9263e-04,3.0057e-04,3.4725e-04,3.6731e-04,3.3689e-04,3.5441e-04,2.9759e-04,2.8925e-04,2.7873e-04,2.4454e-04,2.6921e-04,2.7564e-04,2.8360e-04,2.8432e-04,2.6634e-04,2.7467e-04,2.7538e-04,2.6241e-04,2.7008e-04,2.6580e-04,2.6662e-04
15.4837,2.5644e-04,2.3989e-04,2.7501e-04,2.6676e-04,2.7256e-04,2.8950e-04,2.6466e-04,2.7857e-04,2.6930e-04,2.4540e-04,2.5902e-04,2.9113e-04,2.7903e-04,2.8178e-04,2.8219e-04,2.9872e-04,2.9440e-04,3.0230e-04,3.4862e-04,3.6768e-04,3.3695e-04,3.5413e-04,2.9833e-04,2.9050e-04,2.8003e-04,2.4602e-04,2.7081e-04,2.7671e-04,2.8544e-04,2.8587e-04,2.6809e-04,2.7636e-04,2.7568e-04,2.6349e-04,2.7183e-04,2.6719e-04,2.6814e-04
15.6997,2.5693e-04,2.4070e-04,2.7588e-04,2.6790e-04,2.7320e-04,2.9039e-04,2.6593e-04,2.7948e-04,2.7037e-04,2.4714e-04,2.5938e-04,2.9198e-04,2.7952e-04,2.8228e-04,2.8338e-04,2.9997e-04,2.9616e-04,3.0403e-04,3.4999e-04,3.6804e-04,3.3702e-04,3.5385e-04,2.9908e-04,2.9175e-04,2.8134e-04,2.4749e-04,2.7241e-04,2.7778e-04,2.8729e-04,2.8742e-04,2.6984e-04,2.7806e-04,2.7597e-04,2.6457e-04,2.7358e-04,2.6858e-04,2.6965e-04
15.9187,2.5743e-04,2.4151e-04,2.7676e-04,2.6903e-04,2.7384e-04,2.9128e-04,2.6720e-04,2.8039e-04,2.7143e-04,2.4887e-04,2.5974e-04,2.9282e-04,2.8001e-04,2.8277e-04,2.8456e-04,3.0123e-04,2.9793e-04,3.0576e-04,3.5137e-04,3.6840e-04,3.3709e-04,3.5357e-04,2.9982e-04,2.9299e-04,2.8265e-04,2.4897e-04,2.7401e-04,2.7885e-04,2.8914e-04,2.8897e-04,2.7159e-04,2.7976e-04,2.7626e-04,2.6565e-04,2.7533e-04,2.6997e-04,2.7117e-04
16.1408,2.5792e-04,2.4232e-04,2.7764e-04,2.7017e-04,2.7448e-04,2.9217e-04,2.6846e-04,2.8130e-04,2.7250e-04,2.5060e-04,2.6010e-04,2.9367e-04,2.8049e-04,2.8327e-04,2.8575e-04,3.0248e-04,2.9970e-04,3.0749e-04,3.5274e-04,3.6876e-04,3.3715e-04,3.5330e-04,3.0057e-04,2.9424e-04,2.8395e-04,2.5045e-04,2.7561e-04,2.7991e-04,2.9098e-04,2.9052e-04,2.7334e-04,2.8146e-04,2.7655e-04,2.6674e-04,2.7708e-04,2.7136e-04,2.7268e-04
16.3659,2.5841e-04,2.4313e-04,2.7851e-04,2.7130e-04,2.7511e-04,2.9306e-04,2.6973e-04,2.8221e-04,2.7357e-04,2.5234e-04,2.6046e-04,2.9451e-04,2.8098e-04,2.8377e-04,2.8693e-04,3.0374e-04,3.0147e-04,3.0922e-04,3.5411e-04,3.6912e-04,3.3722e-04,3.5302e-04,3.0132e-04,2.9549e-04,2.8526e-04,2.5192e-04,2.7721e-04,2.8098e-04,2.9283e-04,2.9206e-04,2.7510e-04,2.8315e-04,2.7685e-04,2.6782e-04,2.7883e-04,2.7275e-04,2.7420e-04
16.5942,2.5891e-04,2.4394e-04,2.7939e-04,2.7244e-04,2.7575e-04,2.9395e-04,2.7100e-04,2.8312e-04,2.7463e-04,2.5407e-04,2.6082e-04,2.9535e-04,2.8146e-04,2.8426e-04,2.8812e-04,3.0499e-04,3.0324e-04,3.1095e-04,3.5549e-04,3.6949e-04,3.3729e-04,3.5274e-04,3.0206e-04,2.9673e-04,2.8656e-04,2.5340e-04,2.7882e-04,2.8205e-04,2.9467e-04,2.9361e-04,2.7685e-04,2.8485e-04,2.7714e-04,2.6890e-04,2.8058e-04,2.7414e-04,2.7571e-04
16.8257,2.5940e-04,2.4475e-04,2.8026e-04,2.7357e-04,2.7639e-04,2.9484e-04,2.7227e-04,2.8403e-04,2.7570e-04,2.5580e-04,2.6118e-04,2.9620e-04,2.8195e-04,2.8476e-04,2.8930e-04,3.0625e-04,3.0501e-04,3.1268e-04,3.5686e-04,3.6985e-04,3.3736e-04,3.5247e-04,3.0281e-04,2.9798e-04,2.8787e-04,2.5487e-04,2.8042e-04,2.8312e-04,2.9652e-04,2.9516e-04,2.7860e-04,2.8655e-04,2.7743e-04,2.6998e-04,2.8233e-04,2.7553e-04,2.7723e-04
17.0604,2.5990e-04,2.4555e-04,2.8114e-04,2.7471e-04,2.7703e-04,2.9573e-04,2.7353e-04,2.8494e-04,2.7677e-04,2.5754e-04,2.6154e-04,2.9704e-04,2.8243e-04,2.8526e-04,2.9048e-04,3.0750e-04,3.0678e-04,3.1441e-04,3.5823e-04,3.7021e-04,3.3742e-04,3.5219e-04,3.0355e-04,2.9923e-04,2.8918e-04,2.5635e-04,2.8202e-04,2.8419e-04,2.9836e-04,2.9671e-04,2.8035e-04,2.8825e-04,2.7772e-04,2.7106e-04,2.8408e-04,2.7692e-04,2.7874e-04
17.2984,2.6039e-04,2.4636e-04,2.8202e-04,2.7584e-04,2.7766e-04,2.9662e-04,2.7480e-04,2.8585e-04,2.7783e-04,2.5927e-04,2.6190e-04,2.9789e-04,2.8292e-04,2.8575e-04,2.9167e-04,3.0876e-04,3.0855e-04,3.1614e-04,3.5961e-04,3.7057e-04,3.3749e-04,3.5191e-04,3.0430e-04,3.0048e-04,2.9048e-04,2.5782e-04,2.8362e-04,2.8525e-04,3.0021e-04,2.9826e-04,2.8210e-04,2.8994e-04,2.7802e-04,2.7215e-04,2.8583e-04,2.7831e-04,2.8026e-04
17.5396,2.6088e-04,2.4717e-04,2.8289e-04,2.7697e-04,2.7830e-04,2.9751e-04,2.7607e-04,2.8676e-04,2.7890e-04,2.6100e-04,2.6226e-04,2.9873e-04,2.8341e-04,2.8625e-04,2.9285e-04,3.1001e-04,3.1031e-04,3.1787e-04,3.6098e-04,3.7094e-04,3.3756e-04,3.5163e-04,3.0504e-04,3.0172e-04,2.9179e-04,2.5930e-04,2.8522e-04,2.8632e-04,3.0205e-04,2.9981e-04,2.8385e-04,2.9164e-04,2.7831e-04,2.7323e-04,2.8758e-04,2.7970e-04,2.8178e-04
17.7843,2.6138e-04,2.4798e-04,2.8377e-04,2.7811e-04,2.7894e-04,2.9840e-04,2.7734e-04,2.8768e-04,2.7997e-04,2.6274e-04,2.6262e-04,2.9957e-04,2.8389e-04,2.8675e-04,2.9404e-04,3.1127e-04,3.1208e-04,3.1960e-04,3.6235e-04,3.7130e-04,3.3762e-04,3.5136e-04,3.0579e-04,3.0297e-04,2.9309e-04,2.6077e-04,2.8682e-04,2.8739e-04,3.0390e-04,3.0135e-04,2.8560e-04,2.9334e-04,2.7860e-04,2.7431e-04,2.8933e-04,2.8109e-04,2.8329e-04
18.0324,2.6187e-04,2.4879e-04,2.8465e-04,2.7924e-04,2.7957e-04,2.9929e-04,2.7861e-04,2.8859e-04,2.8103e-04,2.6447e-04,2.6298e-04,3.0042e-04,2.8438e-04,2.8724e-04,2.9522e-04,3.1252e-04,3.1385e-04,3.2133e-04,3.6373e-04,3.7166e-04,3.3769e-04,3.5108e-04,3.0653e-04,3.0422e-04,2.9440e-04,2.6225e-04,2.8843e-04,2.8846e-04,3.0574e-04,3.0290e-04,2.8735e-04,2.9503e-04,2.7889e-04,2.7539e-04,2.9108e-04,2.8248e-04,2.8481e-04
18.2839,2.6237e-04,2.4960e-04,2.8552e-04,2.8038e-04,2.8021e-04,3.0018e-04,2.7987e-04,2.8950e-04,2.8210e-04,2.6620e-04,2.6334e-04,3.0126e-04,2.8486e-04,2.8774e-04,2.9641e-04,3.1378e-04,3.1562e-04,3.2306e-04,3.6510e-04,3.7202e-04,3.3776e-04,3.5080e-04,3.0728e-04,3.0546e-04,2.9571e-04,2.6372e-04,2.9003e-04,2.8952e-04,3.0759e-04,3.0445e-04,2.8910e-04,2.9673e-04,2.7919e-04,2.7648e-04,2.9282e-04,2.8387e-04,2.8632e-04
18.539,2.6286e-04,2.5041e-04,2.8640e-04,2.8151e-04,2.8085e-04,3.0107e-04,2.8114e-04,2.9041e-04,2.8317e-04,2.6793e-04,2.6370e-04,3.0210e-04,2.8535e-04,2.8824e-04,2.9759e-04,3.1503e-04,3.1739e-04,3.2479e-04,3.6647e-04,3.7238e-04,3.3782e-04,3.5052e-04,3.0802e-04,3.0671e-04,2.9701e-04,2.6520e-04,2.9163e-04,2.9059e-04,3.0943e-04,3.0600e-04,2.9085e-04,2.9843e-04,2.7948e-04,2.7756e-04,2.9457e-04,2.8526e-04,2.8784e-04
18.7976,2.6335e-04,2.5122e-04,2.8727e-04,2.8265e-04,2.8149e-04,3.0196e-04,2.8241e-04,2.9132e-04,2.8423e-04,2.6967e-04,2.6406e-04,3.0295e-04,2.8583e-04,2.8873e-04,2.9877e-04,3.1629e-04,3.1916e-04,3.2652e-04,3.6785e-04,3.7275e-04,3.3789e-04,3.5025e-04,3.0877e-04,3.0796e-04,2.9832e-04,2.6668e-04,2.9323e-04,2.9166e-04,3.1128e-04,3.0755e-04,2.9260e-04,3.0013e-04,2.7977e-04,2.7864e-04,2.9632e-04,2.8665e-04,2.8935e-04
19.0598,2.6385e-04,2.5203e-04,2.8815e-04,2.8378e-04,2.8212e-04,3.0285e-04,2.8368e-04,2.9223e-04,2.8530e-04,2.7140e-04,2.6442e-04,3.0379e-04,2.8632e-04,2.8923e-04,2.9996e-04,3.1754e-04,3.2093e-04,3.2825e-04,3.6922e-04,3.7311e-04,3.3796e-04,3.4997e-04,3.0951e-04,3.0921e-04,2.9962e-04,2.6815e-04,2.9483e-04,2.9273e-04,3.1312e-04,3.0910e-04,2.9435e-04,3.0182e-04,2.8006e-04,2.7972e-04,2.9807e-04,2.8804e-04,2.9087e-04
19.3256,2.6434e-04,2.5284e-04,2.8903e-04,2.8492e-04,2.8276e-04,3.0374e-04,2.8494e-04,2.9314e-04,2.8637e-04,2.7313e-04,2.6478e-04,3.0464e-04,2.8681e-04,2.8973e-04,3.0114e-04,3.1880e-04,3.2269e-04,3.2998e-04,3.7059e-04,3.7347e-04,3.3802e-04,3.4969e-04,3.1026e-04,3.1045e-04,3.0093e-04,2.6963e-04,2.9643e-04,2.9380e-04,3.1497e-04,3.1064e-04,2.9610e-04,3.0352e-04,2.8036e-04,2.8081e-04,2.9982e-04,2.8943e-04,2.9238e-04
19.5952,2.6483e-04,2.5365e-04,2.8990e-04,2.8605e-04,2.8340e-04,3.0463e-04,2.8621e-04,2.9405e-04,2.8744e-04,2.7487e-04,2.6513e-04,3.0548e-04,2.8729e-04,2.9022e-04,3.0233e-04,3.2005e-04,3.2446e-04,3.3171e-04,3.7197e-04,3.7383e-04,3.3809e-04,3.4941e-04,3.1100e-04,3.1170e-04,3.0224e-04,2.7110e-04,2.9803e-04,2.9486e-04,3.1682e-04,3.1219e-04,2.9785e-04,3.0522e-04,2.8065e-04,2.8189e-04,3.0157e-04,2.9082e-04,2.9390e-04
19.8685,2.6533e-04,2.5446e-04,2.9078e-04,2.8718e-04,2.8404e-04,3.0552e-04,2.8748e-04,2.9496e-04,2.8850e-04,2.7660e-04,2.6549e-04,3.0632e-04,2.8778e-04,2.9072e-04,3.0351e-04,3.2131e-04,3.2623e-04,3.3344e-04,3.7334e-04,3.7420e-04,3.3816e-04,3.4914e-04,3.1175e-04,3.1295e-04,3.0354e-04,2.7258e-04,2.9964e-04,2.9593e-04,3.1866e-04,3.1374e-04,2.9960e-04,3.0692e-04,2.8094e-04,2.8297e-04,3.0332e-04,2.9221e-04,2.9541e-04
20.1457,2.6582e-04,2.5527e-04,2.9166e-04,2.8832e-04,2.8467e-04,3.0641e-04,2.8875e-04,2.9587e-04,2.8957e-04,2.7833e-04,2.6585e-04,3.0717e-04,2.8826e-04,2.9122e-04,3.0469e-04,3.2256e-04,3.2800e-04,3.3517e-04,3.7471e-04,3.7456e-04,3.3823e-04,3.4886e-04,3.1249e-04,3.1419e-04,3.0485e-04,2.7405e-04,3.0124e-04,2.9700e-04,3.2051e-04,3.1529e-04,3.0135e-04,3.0861e-04,2.8123e-04,2.8405e-04,3.0507e-04,2.9360e-04,2.9693e-04
20.4267,2.6632e-04,2.5608e-04,2.9253e-04,2.8945e-04,2.8531e-04,3.0730e-04,2.9001e-04,2.9678e-04,2.9064e-04,2.8006e-04,2.6621e-04,3.0801e-04,2.8875e-04,2.9172e-04,3.0588e-04,3.2382e-04,3.2977e-04,3.3690e-04,3.7609e-04,3.7492e-04,3.3829e-04,3.4858e-04,3.1324e-04,3.1544e-04,3.0615e-04,2.7553e-04,3.0284e-04,2.9807e-04,3.2235e-04,3.1684e-04,3.0310e-04,3.1031e-04,2.8153e-04,2.8513e-04,3.0682e-04,2.9499e-04,2.9844e-04
20.7116,2.6681e-04,2.5689e-04,2.9341e-04,2.9059e-04,2.8595e-04,3.0819e-04,2.9128e-04,2.9769e-04,2.9170e-04,2.8180e-04,2.6657e-04,3.0885e-04,2.8923e-04,2.9221e-04,3.0706e-04,3.2507e-04,3.3154e-04,3.3863e-04,3.7746e-04,3.7528e-04,3.3836e-04,3.4831e-04,3.1398e-04,3.1669e-04,3.0746e-04,2.7700e-04,3.0444e-04,2.9913e-04,3.2420e-04,3.1839e-04,3.0485e-04,3.1201e-04,2.8182e-04,2.8622e-04,3.0857e-04,2.9637e-04,2.9996e-04
21.0006,2.6750e-04,2.5771e-04,2.9389e-04,2.9177e-04,2.8678e-04,3.0905e-04,2.9235e-04,2.9850e-04,2.9258e-04,2.8326e-04,2.6751e-04,3.0925e-04,2.8935e-04,2.9259e-04,3.0773e-04,3.2530e-04,3.3226e-04,3.3980e-04,3.7776e-04,3.7541e-04,3.3849e-04,3.4819e-04,3.1418e-04,3.1717e-04,3.0813e-04,2.7770e-04,3.0538e-04,3.0006e-04,3.2530e-04,3.1931e-04,3.0632e-04,3.1327e-04,2.8250e-04,2.8739e-04,3.0971e-04,2.9778e-04,3.0121e-04
21.2935,2.6827e-04,2.5854e-04,2.9422e-04,2.9296e-04,2.8768e-04,3.0989e-04,2.9334e-04,2.9927e-04,2.9339e-04,2.8463e-04,2.6866e-04,3.0947e-04,2.8932e-04,2.9291e-04,3.0820e-04,3.2515e-04,3.3260e-04,3.4075e-04,3.7765e-04,3.7544e-04,3.3865e-04,3.4813e-04,3.1416e-04,3.1736e-04,3.0857e-04,2.7811e-04,3.0607e-04,3.0094e-04,3.2613e-04,3.1999e-04,3.0768e-04,3.1437e-04,2.8334e-04,2.8859e-04,3.1061e-04,2.9918e-04,3.0237e-04
21.5905,2.6903e-04,2.5937e-04,2.9455e-04,2.9416e-04,2.8859e-04,3.1074e-04,2.9434e-04,3.0004e-04,2.9419e-04,2.8599e-04,2.6981e-04,3.0970e-04,2.8930e-04,2.9324e-04,3.0867e-04,3.2499e-04,3.3293e-04,3.4170e-04,3.7754e-04,3.7548e-04,3.3881e-04,3.4807e-04,3.1415e-04,3.1755e-04,3.0901e-04,2.7852e-04,3.0676e-04,3.0181e-04,3.2696e-04,3.2067e-04,3.0904e-04,3.1547e-04,2.8417e-04,2.8979e-04,3.1152e-04,3.0059e-04,3.0353e-04
21.8917,2.6980e-04,2.6020e-04,2.9489e-04,2.9535e-04,2.8949e-04,3.1158e-04,2.9533e-04,3.0081e-04,2.9500e-04,2.8736e-04,2.7096e-04,3.0992e-04,2.8927e-04,2.9357e-04,3.0915e-04,3.2484e-04,3.3326e-04,3.4266e-04,3.7743e-04,3.7552e-04,3.3897e-04,3.4801e-04,3.1414e-04,3.1774e-04,3.0945e-04,2.7893e-04,3.0745e-04,3.0269e-04,3.2779e-04,3.2136e-04,3.1040e-04,3.1657e-04,2.8500e-04,2.9099e-04,3.1243e-04,3.0200e-04,3.0469e-04
22.1971,2.7056e-04,2.6103e-04,2.9522e-04,2.9655e-04,2.9039e-04,3.1243e-04,2.9633e-04,3.0157e-04,2.9580e-04,2.8873e-04,2.7211e-04,3.1014e-04,2.8925e-04,2.9389e-04,3.0962e-04,3.2469e-04,3.3360e-04,3.4361e-04,3.7732e-04,3.7555e-04,3.3912e-04,3.4795e-04,3.1413e-04,3.1793e-04,3.0989e-04,2.7934e-04,3.0814e-04,3.0357e-04,3.2862e-04,3.2204e-04,3.1176e-04,3.1766e-04,2.8583e-04,2.9219e-04,3.1333e-04,3.0341e-04,3.0584e-04
22.5067,2.7133e-04,2.6186e-04,2.9555e-04,2.9774e-04,2.9129e-04,3.1327e-04,2.9732e-04,3.0234e-04,2.9661e-04,2.9009e-04,2.7326e-04,3.1037e-04,2.8922e-04,2.9422e-04,3.1009e-04,3.2453e-04,3.3393e-04,3.4457e-04,3.7722e-04,3.7559e-04,3.3928e-04,3.4789e-04,3.1412e-04,3.1812e-04,3.1033e-04,2.7975e-04,3.0883e-04,3.0444e-04,3.2945e-04,3.2273e-04,3.1313e-04,3.1876e-04,2.8667e-04,2.9339e-04,3.1424e-04,3.0481e-04,3.0700e-04
22.8206,2.7209e-04,2.6269e-04,2.9588e-04,2.9894e-04,2.9220e-04,3.1412e-04,2.9831e-04,3.0311e-04,2.9741e-04,2.9146e-04,2.7441e-04,3.1059e-04,2.8920e-04,2.9455e-04,3.1056e-04,3.2438e-04,3.3427e-04,3.4552e-04,3.7711e-04,3.7563e-04,3.3944e-04,3.4783e-04,3.1410e-04,3.1831e-04,3.1077e-04,2.8016e-04,3.0953e-04,3.0532e-04,3.3028e-04,3.2341e-04,3.1449e-04,3.1986e-04,2.8750e-04,2.9459e-04,3.1514e-04,3.0622e-04,3.0816e-04
23.139,2.7286e-04,2.6352e-04,2.9622e-04,3.0013e-04,2.9310e-04,3.1497e-04,2.9931e-04,3.0388e-04,2.9822e-04,2.9282e-04,2.7556e-04,3.1082e-04,2.8917e-04,2.9487e-04,3.1103e-04,3.2422e-04,3.3460e-04,3.4647e-04,3.7700e-04,3.7566e-04,3.3960e-04,3.4777e-04,3.1409e-04,3.1850e-04,3.1121e-04,2.8057e-04,3.1022e-04,3.0619e-04,3.3110e-04,3.2409e-04,3.1585e-04,3.2096e-04,2.8833e-04,2.9580e-04,3.1605e-04,3.0763e-04,3.0932e-04
23.4617,2.7362e-04,2.6435e-04,2.9655e-04,3.0132e-04,2.9400e-04,3.1581e-04,3.0030e-04,3.0465e-04,2.9902e-04,2.9419e-04,2.7671e-04,3.1104e-04,2.8915e-04,2.9520e-04,3.1150e-04,3.2407e-04,3.3493e-04,3.4743e-04,3.7689e-04,3.7570e-04,3.3976e-04,3.4771e-04,3.1408e-04,3.1869e-04,3.1165e-04,2.8098e-04,3.1091e-04,3.0707e-04,3.3193e-04,3.2478e-04,3.1721e-04,3.2206e-04,2.8916e-04,2.9700e-04,3.1696e-04,3.0903e-04,3.1048e-04
23.789,2.7439e-04,2.6518e-04,2.9688e-04,3.0252e-04,2.9491e-04,3.1666e-04,3.0129e-04,3.0542e-04,2.9983e-04,2.9555e-04,2.7786e-04,3.1126e-04,2.8912e-04,2.9553e-04,3.1198e-04,3.2392e-04,3.3527e-04,3.4838e-04,3.7678e-04,3.7574e-04,3.3991e-04,3.4765e-04,3.1407e-04,3.1888e-04,3.1208e-04,2.8139e-04,3.1160e-04,3.0795e-04,3.3276e-04,3.2546e-04,3.1857e-04,3.2316e-04,2.9000e-04,2.9820e-04,3.1786e-04,3.1044e-04,3.1163e-04
24.1208,2.7515e-04,2.6601e-04,2.9721e-04,3.0371e-04,2.9581e-04,3.1750e-04,3.0229e-04,3.0619e-04,3.0064e-04,2.9692e-04,2.7901e-04,3.1149e-04,2.8910e-04,2.9585e-04,3.1245e-04,3.2376e-04,3.3560e-04,3.4933e-04,3.7668e-04,3.7577e-04,3.4007e-04,3.4759e-04,3.1406e-04,3.1907e-04,3.1252e-04,2.8180e-04,3.1229e-04,3.0882e-04,3.3359e-04,3.2615e-04,3.1994e-04,3.2426e-04,2.9083e-04,2.9940e-04,3.1877e-04,3.1185e-04,3.1279e-04
24.4573,2.7592e-04,2.6684e-04,2.9755e-04,3.0491e-04,2.9671e-04,3.1835e-04,3.0328e-04,3.0696e-04,3.0144e-04,2.9829e-04,2.8015e-04,3.1171e-04,2.8907e-04,2.9618e-04,3.1292e-04,3.2361e-04,3.3594e-04,3.5029e-04,3.7657e-04,3.7581e-04,3.4023e-04,3.4754e-04,3.1404e-04,3.1926e-04,3.1296e-04,2.8221e-04,3.1298e-04,3.0970e-04,3.3442e-04,3.2683e-04,3.2130e-04,3.2535e-04,2.9166e-04,3.0060e-04,3.1967e-04,3.1325e-04,3.1395e-04
24.7984,2.7668e-04,2.6767e-04,2.9788e-04,3.0610e-04,2.9762e-04,3.1919e-04,3.0428e-04,3.0772e-04,3.0225e-04,2.9965e-04,2.8130e-04,3.1193e-04,2.8905e-04,2.9651e-04,3.1339e-04,3.2345e-04,3.3627e-04,3.5124e-04,3.7646e-04,3.7585e-04,3.4039e-04,3.4748e-04,3.1403e-04,3.1945e-04,3.1340e-04,2.8262e-04,3.1367e-04,3.1057e-04,3.3525e-04,3.2751e-04,3.2266e-04,3.2645e-04,2.9249e-04,3.0180e-04,3.2058e-04,3.1466e-04,3.1511e-04
25.1444,2.7745e-04,2.6849e-04,2.9821e-04,3.0730e-04,2.9852e-04,3.2004e-04,3.0527e-04,3.0849e-04,3.0305e-04,3.0102e-04,2.8245e-04,3.1216e-04,2.8902e-04,2.9684e-04,3.1386e-04,3.2330e-04,3.3660e-04,3.5220e-04,3.7635e-04,3.7588e-04,3.4055e-04,3.4742e-04,3.1402e-04,3.1964e-04,3.1384e-04,2.8303e-04,3.1436e-04,3.1145e-04,3.3608e-04,3.2820e-04,3.2402e-04,3.2755e-04,2.9333e-04,3.0300e-04,3.2149e-04,3.1607e-04,3.1626e-04
25.4951,2.7821e-04,2.6932e-04,2.9854e-04,3.0849e-04,2.9942e-04,3.2088e-04,3.0626e-04,3.0926e-04,3.0386e-04,3.0238e-04,2.8360e-04,3.1238e-04,2.8900e-04,2.9716e-04,3.1434e-04,3.2314e-04,3.3694e-04,3.5315e-04,3.7624e-04,3.7592e-04,3.4070e-04,3.4736e-04,3.1401e-04,3.1983e-04,3.1428e-04,2.8344e-04,3.1505e-04,3.1232e-04,3.3691e-04,3.2888e-04,3.2538e-04,3.2865e-04,2.9416e-04,3.0421e-04,3.2239e-04,3.1748e-04,3.1742e-04
25.8507,2.7898e-04,2.7015e-04,2.9888e-04,3.0969e-04,3.0033e-04,3.2173e-04,3.0726e-04,3.1003e-04,3.0466e-04,3.0375e-04,2.8475e-04,3.1261e-04,2.8897e-04,2.9749e-04,3.1481e-04,3.2299e-04,3.3727e-04,3.5410e-04,3.7614e-04,3.7596e-04,3.4086e-04,3.4730e-04,3.1400e-04,3.2002e-04,3.1472e-04,2.8385e-04,3.1574e-04,3.1320e-04,3.3774e-04,3.2957e-04,3.2675e-04,3.2975e-04,2.9499e-04,3.0541e-04,3.2330e-04,3.1888e-04,3.1858e-04
26.2113,2.7974e-04,2.7098e-04,2.9921e-04,3.1088e-04,3.0123e-04,3.2257e-04,3.0825e-04,3.1080e-04,3.0547e-04,3.0511e-04,2.8590e-04,3.1283e-04,2.8895e-04,2.9782e-04,3.1528e-04,3.2284e-04,3.3761e-04,3.5506e-04,3.7603e-04,3.7599e-04,3.4102e-04,3.4724e-04,3.1398e-04,3.2021e-04,3.1516e-04,2.8426e-04,3.1644e-04,3.1408e-04,3.3856e-04,3.3025e-04,3.2811e-04,3.3085e-04,2.9582e-04,3.0661e-04,3.2420e-04,3.2029e-04,3.1974e-04
26.5769,2.8051e-04,2.7181e-04,2.9954e-04,3.1208e-04,3.0213e-04,3.2342e-04,3.0924e-04,3.1157e-04,3.0627e-04,3.0648e-04,2.8705e-04,3.1305e-04,2.8892e-04,2.9814e-04,3.1575e-04,3.2268e-04,3.3794e-04,3.5601e-04,3.7592e-04,3.7603e-04,3.4118e-04,3.4718e-04,3.1397e-04,3.2041e-04,3.1560e-04,2.8467e-04,3.1713e-04,3.1495e-04,3.3939e-04,3.3093e-04,3.2947e-04,3.3194e-04,2.9666e-04,3.0781e-04,3.2511e-04,3.2170e-04,3.2089e-04
26.9477,2.8127e-04,2.7264e-04,2.9987e-04,3.1327e-04,3.0303e-04,3.2426e-04,3.1024e-04,3.1234e-04,3.0708e-04,3.0784e-04,2.8820e-04,3.1328e-04,2.8890e-04,2.9847e-04,3.1622e-04,3.2253e-04,3.3827e-04,3.5697e-04,3.7581e-04,3.7606e-04,3.4133e-04,3.4712e-04,3.1396e-04,3.2060e-04,3.1604e-04,2.8508e-04,3.1782e-04,3.1583e-04,3.4022e-04,3.3162e-04,3.3083e-04,3.3304e-04,2.9749e-04,3.0901e-04,3.2602e-04,3.2310e-04,3.2205e-04
27.3236,2.8204e-04,2.7347e-04,3.0021e-04,3.1447e-04,3.0394e-04,3.2511e-04,3.1123e-04,3.1311e-04,3.0789e-04,3.0921e-04,2.8935e-04,3.1350e-04,2.8887e-04,2.9880e-04,3.1670e-04,3.2237e-04,3.3861e-04,3.5792e-04,3.7570e-04,3.7610e-04,3.4149e-04,3.4706e-04,3.1395e-04,3.2079e-04,3.1647e-04,2.8549e-04,3.1851e-04,3.1670e-04,3.4105e-04,3.3230e-04,3.3219e-04,3.3414e-04,2.9832e-04,3.1021e-04,3.2692e-04,3.2451e-04,3.2321e-04
27.7047,2.8280e-04,2.7430e-04,3.0054e-04,3.1566e-04,3.0484e-04,3.2596e-04,3.1223e-04,3.1387e-04,3.0869e-04,3.1058e-04,2.9050e-04,3.1373e-04,2.8885e-04,2.9912e-04,3.1717e-04,3.2222e-04,3.3894e-04,3.5887e-04,3.7560e-04,3.7614e-04,3.4165e-04,3.4700e-04,3.1394e-04,3.2098e-04,3.1691e-04,2.8590e-04,3.1920e-04,3.1758e-04,3.4188e-04,3.3299e-04,3.3356e-04,3.3524e-04,2.9915e-04,3.1141e-04,3.2783e-04,3.2592e-04,3.2437e-04
28.0912,2.8357e-04,2.7513e-04,3.0087e-04,3.1686e-04,3.0574e-04,3.2680e-04,3.1322e-04,3.1464e-04,3.0950e-04,3.1194e-04,2.9165e-04,3.1395e-04,2.8882e-04,2.9945e-04,3.1764e-04,3.2207e-04,3.3927e-04,3.5983e-04,3.7549e-04,3.7617e-04,3.4181e-04,3.4694e-04,3.1393e-04,3.2117e-04,3.1735e-04,2.8631e-04,3.1989e-04,3.1846e-04,3.4271e-04,3.3367e-04,3.3492e-04,3.3634e-04,2.9999e-04,3.1262e-04,3.2873e-04,3.2732e-04,3.2553e-04
28.483,2.8433e-04,2.7596e-04,3.0120e-04,3.1805e-04,3.0665e-04,3.2765e-04,3.1421e-04,3.1541e-04,3.1030e-04,3.1331e-04,2.9280e-04,3.1417e-04,2.8880e-04,2.9978e-04,3.1811e-04,3.2191e-04,3.3961e-04,3.6078e-04,3.7538e-04,3.7621e-04,3.4197e-04,3.4688e-04,3.1391e-04,3.2136e-04,3.1779e-04,2.8672e-04,3.2058e-04,3.1933e-04,3.4354e-04,3.3435e-04,3.3628e-04,3.3744e-04,3.0082e-04,3.1382e-04,3.2964e-04,3.2873e-04,3.2668e-04
28.8803,2.8510e-04,2.7679e-04,3.0154e-04,3.1925e-04,3.0755e-04,3.2849e-04,3.1521e-04,3.1618e-04,3.1111e-04,3.1467e-04,2.9395e-04,3.1440e-04,2.8877e-04,3.0011e-04,3.1858e-04,3.2176e-04,3.3994e-04,3.6173e-04,3.7527e-04,3.7625e-04,3.4212e-04,3.4682e-04,3.1390e-04,3.2155e-04,3.1823e-04,2.8713e-04,3.2127e-04,3.2021e-04,3.4437e-04,3.3504e-04,3.3764e-04,3.3854e-04,3.0165e-04,3.1502e-04,3.3055e-04,3.3014e-04,3.2784e-04
29.2832,2.8586e-04,2.7762e-04,3.0187e-04,3.2044e-04,3.0845e-04,3.2934e-04,3.1620e-04,3.1695e-04,3.1191e-04,3.1604e-04,2.9510e-04,3.1462e-04,2.8875e-04,3.0043e-04,3.1906e-04,3.2160e-04,3.4028e-04,3.6269e-04,3.7516e-04,3.7628e-04,3.4228e-04,3.4677e-04,3.1389e-04,3.2174e-04,3.1867e-04,2.8754e-04,3.2196e-04,3.2108e-04,3.4520e-04,3.3572e-04,3.3900e-04,3.3963e-04,3.0248e-04,3.1622e-04,3.3145e-04,3.3154e-04,3.2900e-04
29.6916,2.8663e-04,2.7845e-04,3.0220e-04,3.2164e-04,3.0936e-04,3.3018e-04,3.1719e-04,3.1772e-04,3.1272e-04,3.1740e-04,2.9625e-04,3.1485e-04,2.8872e-04,3.0076e-04,3.1953e-04,3.2145e-04,3.4061e-04,3.6364e-04,3.7506e-04,3.7632e-04,3.4244e-04,3.4671e-04,3.1388e-04,3.2193e-04,3.1911e-04,2.8795e-04,3.2265e-04,3.2196e-04,3.4602e-04,3.3641e-04,3.4036e-04,3.4073e-04,3.0332e-04,3.1742e-04,3.3236e-04,3.3295e-04,3.3016e-04
30.1058,2.8739e-04,2.7928e-04,3.0253e-04,3.2283e-04,3.1026e-04,3.3103e-04,3.1819e-04,3.1849e-04,3.1352e-04,3.1877e-04,2.9740e-04,3.1507e-04,2.8870e-04,3.0109e-04,3.2000e-04,3.2129e-04,3.4094e-04,3.6460e-04,3.7495e-04,3.7636e-04,3.4260e-04,3.4665e-04,3.1387e-04,3.2212e-04,3.1955e-04,2.8836e-04,3.2334e-04,3.2283e-04,3.4685e-04,3.3709e-04,3.4173e-04,3.4183e-04,3.0415e-04,3.1862e-04,3.3326e-04,3.3436e-04,3.3131e-04
30.5258,2.8816e-04,2.8011e-04,3.0287e-04,3.2402e-04,3.1116e-04,3.3187e-04,3.1918e-04,3.1925e-04,3.1433e-04,3.2013e-04,2.9855e-04,3.1529e-04,2.8867e-04,3.0141e-04,3.2047e-04,3.2114e-04,3.4128e-04,3.6555e-04,3.7484e-04,3.7639e-04,3.4276e-04,3.4659e-04,3.1385e-04,3.2231e-04,3.1999e-04,2.8877e-04,3.2404e-04,3.2371e-04,3.4768e-04,3.3777e-04,3.4309e-04,3.4293e-04,3.0498e-04,3.1982e-04,3.3417e-04,3.3577e-04,3.3247e-04
30.9516,2.8892e-04,2.8094e-04,3.0320e-04,3.2522e-04,3.1207e-04,3.3272e-04,3.2018e-04,3.2002e-04,3.1514e-04,3.2150e-04,2.9970e-04,3.1552e-04,2.8865e-04,3.0174e-04,3.2094e-04,3.2099e-04,3.4161e-04,3.6650e-04,3.7473e-04,3.7643e-04,3.4291e-04,3.4653e-04,3.1384e-04,3.2250e-04,3.2042e-04,2.8918e-04,3.2473e-04,3.2459e-04,3.4851e-04,3.3846e-04,3.4445e-04,3.4403e-04,3.0581e-04,3.2103e-04,3.3508e-04,3.3717e-04,3.3363e-04
31.3833,2.8969e-04,2.8177e-04,3.0353e-04,3.2641e-04,3.1297e-04,3.3356e-04,3.2117e-04,3.2079e-04,3.1594e-04,3.2287e-04,3.0085e-04,3.1574e-04,2.8862e-04,3.0207e-04,3.2141e-04,3.2083e-04,3.4195e-04,3.6746e-04,3.7462e-04,3.7647e-04,3.4307e-04,3.4647e-04,3.1383e-04,3.2269e-04,3.2086e-04,2.8959e-04,3.2542e-04,3.2546e-04,3.4934e-04,3.3914e-04,3.4581e-04,3.4513e-04,3.0665e-04,3.2223e-04,3.3598e-04,3.3858e-04,3.3479e-04
31.8211,2.9045e-04,2.8260e-04,3.0386e-04,3.2761e-04,3.1387e-04,3.3441e-04,3.2216e-04,3.2156e-04,3.1675e-04,3.2423e-04,3.0200e-04,3.1597e-04,2.8860e-04,3.0239e-04,3.2189e-04,3.2068e-04,3.4228e-04,3.6841e-04,3.7452e-04,3.7650e-04,3.4323e-04,3.4641e-04,3.1382e-04,3.2288e-04,3.2130e-04,2.9000e-04,3.2611e-04,3.2634e-04,3.5017e-04,3.3983e-04,3.4717e-04,3.4622e-04,3.0748e-04,3.2343e-04,3.3689e-04,3.3999e-04,3.3594e-04
32.265,2.9122e-04,2.8343e-04,3.0420e-04,3.2880e-04,3.1477e-04,3.3526e-04,3.2316e-04,3.2233e-04,3.1755e-04,3.2560e-04,3.0315e-04,3.1619e-04,2.8857e-04,3.0272e-04,3.2236e-04,3.2052e-04,3.4261e-04,3.6937e-04,3.7441e-04,3.7654e-04,3.4339e-04,3.4635e-04,3.1381e-04,3.2307e-04,3.2174e-04,2.9041e-04,3.2680e-04,3.2721e-04,3.5100e-04,3.4051e-04,3.4854e-04,3.4732e-04,3.0831e-04,3.2463e-04,3.3779e-04,3.4139e-04,3.3710e-04
32.715,2.9198e-04,2.8426e-04,3.0453e-04,3.3000e-04,3.1568e-04,3.3610e-04,3.2415e-04,3.2310e-04,3.1836e-04,3.2696e-04,3.0430e-04,3.1641e-04,2.8855e-04,3.0305e-04,3.2283e-04,3.2037e-04,3.4295e-04,3.7032e-04,3.7430e-04,3.7658e-04,3.4354e-04,3.4629e-04,3.1379e-04,3.2326e-04,3.2218e-04,2.9082e-04,3.2749e-04,3.2809e-04,3.5183e-04,3.4119e-04,3.4990e-04,3.4842e-04,3.0914e-04,3.2583e-04,3.3870e-04,3.4280e-04,3.3826e-04
33.1714,2.9275e-04,2.8509e-04,3.0486e-04,3.3119e-04,3.1658e-04,3.3695e-04,3.2514e-04,3.2387e-04,3.1916e-04,3.2833e-04,3.0545e-04,3.1664e-04,2.8852e-04,3.0337e-04,3.2330e-04,3.2022e-04,3.4328e-04,3.7127e-04,3.7419e-04,3.7661e-04,3.4370e-04,3.4623e-04,3.1378e-04,3.2345e-04,3.2262e-04,2.9123e-04,3.2818e-04,3.2897e-04,3.5265e-04,3.4188e-04,3.5126e-04,3.4952e-04,3.0998e-04,3.2703e-04,3.3961e-04,3.4421e-04,3.3942e-04
33.6341,2.9351e-04,2.8592e-04,3.0519e-04,3.3239e-04,3.1748e-04,3.3779e-04,3.2614e-04,3.2464e-04,3.1997e-04,3.2969e-04,3.0660e-04,3.1686e-04,2.8850e-04,3.0370e-04,3.2377e-04,3.2006e-04,3.4362e-04,3.7223e-04,3.7408e-04,3.7665e-04,3.4386e-04,3.4617e-04,3.1377e-04,3.2364e-04,3.2306e-04,2.9164e-04,3.2887e-04,3.2984e-04,3.5348e-04,3.4256e-04,3.5262e-04,3.5062e-04,3.1081e-04,3.2823e-04,3.4051e-04,3.4561e-04,3.4057e-04
34.1032,2.9428e-04,2.8675e-04,3.0553e-04,3.3358e-04,3.1839e-04,3.3864e-04,3.2713e-04,3.2540e-04,3.2077e-04,3.3106e-04,3.0775e-04,3.1708e-04,2.8847e-04,3.0403e-04,3.2425e-04,3.1991e-04,3.4395e-04,3.7318e-04,3.7398e-04,3.7669e-04,3.4402e-04,3.4611e-04,3.1376e-04,3.2383e-04,3.2350e-04,2.9205e-04,3.2956e-04,3.3072e-04,3.5431e-04,3.4325e-04,3.5398e-04,3.5172e-04,3.1164e-04,3.2944e-04,3.4142e-04,3.4702e-04,3.4173e-04
34.5789,2.9504e-04,2.8758e-04,3.0586e-04,3.3478e-04,3.1929e-04,3.3948e-04,3.2813e-04,3.2617e-04,3.2158e-04,3.3242e-04,3.0890e-04,3.1731e-04,2.8845e-04,3.0436e-04,3.2472e-04,3.1975e-04,3.4428e-04,3.7413e-04,3.7387e-04,3.7672e-04,3.4418e-04,3.4605e-04,3.1375e-04,3.2403e-04,3.2394e-04,2.9246e-04,3.3025e-04,3.3159e-04,3.5514e-04,3.4393e-04,3.5534e-04,3.5282e-04,3.1248e-04,3.3064e-04,3.4232e-04,3.4843e-04,3.4289e-04
35.0613,2.9581e-04,2.8841e-04,3.0619e-04,3.3597e-04,3.2019e-04,3.4033e-04,3.2912e-04,3.2694e-04,3.2239e-04,3.3379e-04,3.1005e-04,3.1753e-04,2.8842e-04,3.0468e-04,3.2519e-04,3.1960e-04,3.4462e-04,3.7509e-04,3.7376e-04,3.7676e-04,3.4433e-04,3.4600e-04,3.1374e-04,3.2422e-04,3.2437e-04,2.9287e-04,3.3095e-04,3.3247e-04,3.5597e-04,3.4461e-04,3.5671e-04,3.5391e-04,3.1331e-04,3.3184e-04,3.4323e-04,3.4983e-04,3.4405e-04
35.5504,2.9692e-04,2.8964e-04,3.0695e-04,3.3682e-04,3.2108e-04,3.4094e-04,3.2994e-04,3.2767e-04,3.2319e-04,3.3475e-04,3.1119e-04,3.1810e-04,2.8921e-04,3.0546e-04,3.2579e-04,3.1993e-04,3.4490e-04,3.7532e-04,3.7345e-04,3.7649e-04,3.4453e-04,3.4605e-04,3.1421e-04,3.2468e-04,3.2497e-04,2.9384e-04,3.3159e-04,3.3319e-04,3.5638e-04,3.4509e-04,3.5739e-04,3.5449e-04,3.1424e-04,3.3274e-04,3.4384e-04,3.5062e-04,3.4478e-04
36.0463,2.9843e-04,2.9134e-04,3.0819e-04,3.3727e-04,3.2195e-04,3.4128e-04,3.3058e-04,3.2837e-04,3.2401e-04,3.3526e-04,3.1232e-04,3.1904e-04,2.9092e-04,3.0674e-04,3.2653e-04,3.2081e-04,3.4512e-04,3.7474e-04,3.7292e-04,3.7587e-04,3.4476e-04,3.4624e-04,3.1525e-04,3.2545e-04,3.2573e-04,2.9543e-04,3.3218e-04,3.3374e-04,3.5631e-04,3.4532e-04,3.5729e-04,3.5447e-04,3.1529e-04,3.3330e-04,3.4410e-04,3.5071e-04,3.4502e-04
36.5491,2.9994e-04,2.9304e-04,3.0943e-04,3.3772e-04,3.2282e-04,3.4162e-04,3.3121e-04,3.2906e-04,3.2482e-04,3.3576e-04,3.1345e-04,3.1999e-04,2.9264e-04,3.0802e-04,3.2728e-04,3.2169e-04,3.4534e-04,3.7415e-04,3.7238e-04,3.7526e-04,3.4499e-04,3.4643e-04,3.1628e-04,3.2623e-04,3.2650e-04,2.9701e-04,3.3277e-04,3.3429e-04,3.5625e-04,3.4555e-04,3.5720e-04,3.5446e-04,3.1634e-04,3.3386e-04,3.4437e-04,3.5079e-04,3.4526e-04
37.0589,3.0145e-04,2.9474e-04,3.1068e-04,3.3817e-04,3.2368e-04,3.4197e-04,3.3184e-04,3.2976e-04,3.2563e-04,3.3627e-04,3.1458e-04,3.2094e-04,2.9435e-04,3.0930e-04,3.2802e-04,3.2257e-04,3.4556e-04,3.7357e-04,3.7184e-04,3.7464e-04,3.4522e-04,3.4662e-04,3.1731e-04,3.2700e-04,3.2726e-04,2.9860e-04,3.3336e-04,3.3483e-04,3.5618e-04,3.4578e-04,3.5711e-04,3.5444e-04,3.1739e-04,3.3442e-04,3.4463e-04,3.5088e-04,3.4550e-04
37.5758,3.0295e-04,2.9644e-04,3.1192e-04,3.3862e-04,3.2455e-04,3.4231e-04,3.3248e-04,3.3045e-04,3.2644e-04,3.3678e-04,3.1571e-04,3.2188e-04,2.9606e-04,3.1058e-04,3.2876e-04,3.2345e-04,3.4578e-04,3.7298e-04,3.7131e-04,3.7403e-04,3.4545e-04,3.4681e-04,3.1834e-04,3.2777e-04,3.2803e-04,3.0019e-04,3.3395e-04,3.3538e-04,3.5611e-04,3.4602e-04,3.5701e-04,3.5442e-04,3.1844e-04,3.3498e-04,3.4490e-04,3.5097e-04,3.4574e-04
38.1,3.0446e-04,2.9815e-04,3.1316e-04,3.3908e-04,3.2542e-04,3.4265e-04,3.3311e-04,3.3114e-04,3.2726e-04,3.3728e-04,3.1684e-04,3.2283e-04,2.9777e-04,3.1187e-04,3.2951e-04,3.2434e-04,3.4600e-04,3.7240e-04,3.7077e-04,3.7341e-04,3.4568e-04,3.4700e-04,3.1937e-04,3.2854e-04,3.2879e-04,3.0178e-04,3.3454e-04,3.3593e-04,3.5605e-04,3.4625e-04,3.5692e-04,3.5441e-04,3.1949e-04,3.3554e-04,3.4517e-04,3.5105e-04,3.4598e-04
38.6314,3.0597e-04,2.9985e-04,3.1440e-04,3.3953e-04,3.2629e-04,3.4299e-04,3.3375e-04,3.3184e-04,3.2807e-04,3.3779e-04,3.1797e-04,3.2378e-04,2.9948e-04,3.1315e-04,3.3025e-04,3.2522e-04,3.4622e-04,3.7181e-04,3.7024e-04,3.7279e-04,3.4591e-04,3.4719e-04,3.2041e-04,3.2932e-04,3.2956e-04,3.0337e-04,3.3513e-04,3.3648e-04,3.5598e-04,3.4648e-04,3.5683e-04,3.5439e-04,3.2054e-04,3.3610e-04,3.4543e-04,3.5114e-04,3.4622e-04
39.1703,3.0748e-04,3.0155e-04,3.1564e-04,3.3998e-04,3.2716e-04,3.4334e-04,3.3438e-04,3.3253e-04,3.2888e-04,3.3830e-04,3.1910e-04,3.2473e-04,3.0119e-04,3.1443e-04,3.3099e-04,3.2610e-04,3.4644e-04,3.7122e-04,3.6970e-04,3.7218e-04,3.4614e-04,3.4738e-04,3.2144e-04,3.3009e-04,3.3032e-04,3.0496e-04,3.3572e-04,3.3702e-04,3.5592e-04,3.4672e-04,3.5674e-04,3.5438e-04,3.2159e-04,3.3666e-04,3.4570e-04,3.5123e-04,3.4646e-04
39.7167,3.0898e-04,3.0325e-04,3.1689e-04,3.4043e-04,3.2803e-04,3.4368e-04,3.3501e-04,3.3322e-04,3.2969e-04,3.3880e-04,3.2023e-04,3.2567e-04,3.0291e-04,3.1571e-04,3.3174e-04,3.2698e-04,3.4666e-04,3.7064e-04,3.6917e-04,3.7156e-04,3.4637e-04,3.4757e-04,3.2247e-04,3.3086e-04,3.3109e-04,3.0655e-04,3.3631e-04,3.3757e-04,3.5585e-04,3.4695e-04,3.5664e-04,3.5436e-04,3.2263e-04,3.3721e-04,3.4596e-04,3.5131e-04,3.4670e-04
40.2707,3.1049e-04,3.0495e-04,3.1813e-04,3.4088e-04,3.2889e-04,3.4402e-04,3.3565e-04,3.3392e-04,3.3050e-04,3.3931e-04,3.2136e-04,3.2662e-04,3.0462e-04,3.1699e-04,3.3248e-04,3.2786e-04,3.4688e-04,3.7005e-04,3.6863e-04,3.7094e-04,3.4660e-04,3.4776e-04,3.2350e-04,3.3164e-04,3.3185e-04,3.0814e-04,3.3690e-04,3.3812e-04,3.5578e-04,3.4718e-04,3.5655e-04,3.5434e-04,3.2368e-04,3.3777e-04,3.4623e-04,3.5140e-04,3.4694e-04
40.8325,3.1200e-04,3.0665e-04,3.1937e-04,3.4133e-04,3.2976e-04,3.4436e-04,3.3628e-04,3.3461e-04,3.3132e-04,3.3981e-04,3.2249e-04,3.2757e-04,3.0633e-04,3.1827e-04,3.3322e-04,3.2874e-04,3.4710e-04,3.6947e-04,3.6810e-04,3.7033e-04,3.4683e-04,3.4795e-04,3.2454e-04,3.3241e-04,3.3262e-04,3.0973e-04,3.3749e-04,3.3867e-04,3.5572e-04,3.4741e-04,3.5646e-04,3.5433e-04,3.2473e-04,3.3833e-04,3.4649e-04,3.5148e-04,3.4719e-04
41.402,3.1351e-04,3.0835e-04,3.2061e-04,3.4179e-04,3.3063e-04,3.4471e-04,3.3691e-04,3.3530e-04,3.3213e-04,3.4032e-04,3.2362e-04,3.2851e-04,3.0804e-04,3.1956e-04,3.3397e-04,3.2962e-04,3.4732e-04,3.6888e-04,3.6756e-04,3.6971e-04,3.4706e-04,3.4814e-04,3.2557e-04,3.3318e-04,3.3338e-04,3.1132e-04,3.3808e-04,3.3921e-04,3.5565e-04,3.4765e-04,3.5637e-04,3.5431e-04,3.2578e-04,3.3889e-04,3.4676e-04,3.5157e-04,3.4743e-04
41.9796,3.1501e-04,3.1005e-04,3.2186e-04,3.4224e-04,3.3150e-04,3.4505e-04,3.3755e-04,3.3600e-04,3.3294e-04,3.4083e-04,3.2475e-04,3.2946e-04,3.0975e-04,3.2084e-04,3.3471e-04,3.3050e-04,3.4754e-04,3.6830e-04,3.6702e-04,3.6910e-04,3.4729e-04,3.4833e-04,3.2660e-04,3.3395e-04,3.3415e-04,3.1291e-04,3.3867e-04,3.3976e-04,3.5559e-04,3.4788e-04,3.5627e-04,3.5430e-04,3.2683e-04,3.3945e-04,3.4703e-04,3.5166e-04,3.4767e-04
42.5651,3.1652e-04,3.1175e-04,3.2310e-04,3.4269e-04,3.3237e-04,3.4539e-04,3.3818e-04,3.3669e-04,3.3375e-04,3.4133e-04,3.2588e-04,3.3041e-04,3.1146e-04,3.2212e-04,3.3545e-04,3.3138e-04,3.4776e-04,3.6771e-04,3.6649e-04,3.6848e-04,3.4752e-04,3.4852e-04,3.2763e-04,3.3473e-04,3.3492e-04,3.1450e-04,3.3926e-04,3.4031e-04,3.5552e-04,3.4811e-04,3.5618e-04,3.5428e-04,3.2788e-04,3.4001e-04,3.4729e-04,3.5174e-04,3.4791e-04
43.1589,3.1803e-04,3.1345e-04,3.2434e-04,3.4314e-04,3.3323e-04,3.4573e-04,3.3881e-04,3.3739e-04,3.3456e-04,3.4184e-04,3.2701e-04,3.3136e-04,3.1318e-04,3.2340e-04,3.3620e-04,3.3226e-04,3.4798e-04,3.6713e-04,3.6595e-04,3.6786e-04,3.4774e-04,3.4871e-04,3.2867e-04,3.3550e-04,3.3568e-04,3.1609e-04,3.3985e-04,3.4086e-04,3.5545e-04,3.4834e-04,3.5609e-04,3.5426e-04,3.2893e-04,3.4057e-04,3.4756e-04,3.5183e-04,3.4815e-04
43.7609,3.1954e-04,3.1515e-04,3.2558e-04,3.4359e-04,3.3410e-04,3.4608e-04,3.3945e-04,3.3808e-04,3.3538e-04,3.4235e-04,3.2814e-04,3.3230e-04,3.1489e-04,3.2468e-04,3.3694e-04,3.3314e-04,3.4820e-04,3.6654e-04,3.6542e-04,3.6725e-04,3.4797e-04,3.4890e-04,3.2970e-04,3.3627e-04,3.3645e-04,3.1767e-04,3.4044e-04,3.4140e-04,3.5539e-04,3.4858e-04,3.5599e-04,3.5425e-04,3.2998e-04,3.4113e-04,3.4782e-04,3.5192e-04,3.4839e-04
44.3713,3.2104e-04,3.1685e-04,3.2682e-04,3.4404e-04,3.3497e-04,3.4642e-04,3.4008e-04,3.3877e-04,3.3619e-04,3.4285e-04,3.2927e-04,3.3325e-04,3.1660e-04,3.2596e-04,3.3769e-04,3.3403e-04,3.4842e-04,3.6596e-04,3.6488e-04,3.6663e-04,3.4820e-04,3.4909e-04,3.3073e-04,3.3705e-04,3.3721e-04,3.1926e-04,3.4103e-04,3.4195e-04,3.5532e-04,3.4881e-04,3.5590e-04,3.5423e-04,3.3103e-04,3.4169e-04,3.4809e-04,3.5200e-04,3.4863e-04
44.9903,3.2255e-04,3.1855e-04,3.2807e-04,3.4450e-04,3.3584e-04,3.4676e-04,3.4071e-04,3.3947e-04,3.3700e-04,3.4336e-04,3.3040e-04,3.3420e-04,3.1831e-04,3.2725e-04,3.3843e-04,3.3491e-04,3.4864e-04,3.6537e-04,3.6435e-04,3.6602e-04,3.4843e-04,3.4927e-04,3.3176e-04,3.3782e-04,3.3798e-04,3.2085e-04,3.4162e-04,3.4250e-04,3.5525e-04,3.4904e-04,3.5581e-04,3.5422e-04,3.3208e-04,3.4225e-04,3.4836e-04,3.5209e-04,3.4887e-04
45.6178,3.2406e-04,3.2025e-04,3.2931e-04,3.4495e-04,3.3671e-04,3.4710e-04,3.4135e-04,3.4016e-04,3.3781e-04,3.4387e-04,3.3153e-04,3.3514e-04,3.2002e-04,3.2853e-04,3.3917e-04,3.3579e-04,3.4886e-04,3.6479e-04,3.6381e-04,3.6540e-04,3.4866e-04,3.4946e-04,3.3279e-04,3.3859e-04,3.3874e-04,3.2244e-04,3.4221e-04,3.4305e-04,3.5519e-04,3.4928e-04,3.5572e-04,3.5420e-04,3.3313e-04,3.4281e-04,3.4862e-04,3.5217e-04,3.4911e-04
46.2542,3.2557e-04,3.2195e-04,3.3055e-04,3.4540e-04,3.3757e-04,3.4745e-04,3.4198e-04,3.4085e-04,3.3863e-04,3.4437e-04,3.3266e-04,3.3609e-04,3.2173e-04,3.2981e-04,3.3992e-04,3.3667e-04,3.4908e-04,3.6420e-04,3.6327e-04,3.6478e-04,3.4889e-04,3.4965e-04,3.3383e-04,3.3936e-04,3.3951e-04,3.2403e-04,3.4280e-04,3.4360e-04,3.5512e-04,3.4951e-04,3.5562e-04,3.5418e-04,3.3418e-04,3.4337e-04,3.4889e-04,3.5226e-04,3.4935e-04
46.8994,3.2707e-04,3.2365e-04,3.3179e-04,3.4585e-04,3.3844e-04,3.4779e-04,3.4261e-04,3.4155e-04,3.3944e-04,3.4488e-04,3.3379e-04,3.3704e-04,3.2344e-04,3.3109e-04,3.4066e-04,3.3755e-04,3.4930e-04,3.6362e-04,3.6274e-04,3.6417e-04,3.4912e-04,3.4984e-04,3.3486e-04,3.4014e-04,3.4027e-04,3.2562e-04,3.4339e-04,3.4414e-04,3.5506e-04,3.4974e-04,3.5553e-04,3.5417e-04,3.3522e-04,3.4393e-04,3.4915e-04,3.5235e-04,3.4960e-04
47.5536,3.2858e-04,3.2535e-04,3.3303e-04,3.4630e-04,3.3931e-04,3.4813e-04,3.4325e-04,3.4224e-04,3.4025e-04,3.4538e-04,3.3492e-04,3.3799e-04,3.2516e-04,3.3237e-04,3.4140e-04,3.3843e-04,3.4952e-04,3.6303e-04,3.6220e-04,3.6355e-04,3.4935e-04,3.5003e-04,3.3589e-04,3.4091e-04,3.4104e-04,3.2721e-04,3.4398e-04,3.4469e-04,3.5499e-04,3.4997e-04,3.5544e-04,3.5415e-04,3.3627e-04,3.4449e-04,3.4942e-04,3.5243e-04,3.4984e-04
48.2169,3.3009e-04,3.2705e-04,3.3428e-04,3.4675e-04,3.4018e-04,3.4847e-04,3.4388e-04,3.4293e-04,3.4106e-04,3.4589e-04,3.3605e-04,3.3893e-04,3.2687e-04,3.3365e-04,3.4215e-04,3.3931e-04,3.4974e-04,3.6245e-04,3.6167e-04,3.6294e-04,3.4958e-04,3.5022e-04,3.3692e-04,3.4168e-04,3.4180e-04,3.2880e-04,3.4457e-04,3.4524e-04,3.5492e-04,3.5021e-04,3.5534e-04,3.5413e-04,3.3732e-04,3.4505e-04,3.4968e-04,3.5252e-04,3.5008e-04
48.8895,3.3160e-04,3.2875e-04,3.3552e-04,3.4720e-04,3.4105e-04,3.4882e-04,3.4452e-04,3.4363e-04,3.4187e-04,3.4640e-04,3.3718e-04,3.3988e-04,3.2858e-04,3.3494e-04,3.4289e-04,3.4019e-04,3.4996e-04,3.6186e-04,3.6113e-04,3.6232e-04,3.4981e-04,3.5041e-04,3.3796e-04,3.4246e-04,3.4257e-04,3.3039e-04,3.4516e-04,3.4579e-04,3.5486e-04,3.5044e-04,3.5525e-04,3.5412e-04,3.3837e-04,3.4561e-04,3.4995e-04,3.5261e-04,3.5032e-04
49.5714,3.3310e-04,3.3045e-04,3.3676e-04,3.4766e-04,3.4192e-04,3.4916e-04,3.4515e-04,3.4432e-04,3.4269e-04,3.4690e-04,3.3831e-04,3.4083e-04,3.3029e-04,3.3622e-04,3.4363e-04,3.4107e-04,3.5018e-04,3.6128e-04,3.6060e-04,3.6170e-04,3.5004e-04,3.5060e-04,3.3899e-04,3.4323e-04,3.4333e-04,3.3198e-04,3.4575e-04,3.4633e-04,3.5479e-04,3.5067e-04,3.5516e-04,3.5410e-04,3.3942e-04,3.4617e-04,3.5022e-04,3.5269e-04,3.5056e-04
50.2629,3.3461e-04,3.3215e-04,3.3800e-04,3.4811e-04,3.4278e-04,3.4950e-04,3.4578e-04,3.4501e-04,3.4350e-04,3.4741e-04,3.3944e-04,3.4177e-04,3.3200e-04,3.3750e-04,3.4438e-04,3.4195e-04,3.5040e-04,3.6069e-04,3.6006e-04,3.6109e-04,3.5027e-04,3.5079e-04,3.4002e-04,3.4400e-04,3.4410e-04,3.3357e-04,3.4634e-04,3.4688e-04,3.5473e-04,3.5091e-04,3.5507e-04,3.5409e-04,3.4047e-04,3.4673e-04,3.5048e-04,3.5278e-04,3.5080e-04
50.964,3.3612e-04,3.3385e-04,3.3925e-04,3.4856e-04,3.4365e-04,3.4984e-04,3.4642e-04,3.4571e-04,3.4431e-04,3.4792e-04,3.4057e-04,3.4272e-04,3.3371e-04,3.3878e-04,3.4512e-04,3.4283e-04,3.5062e-04,3.6011e-04,3.5953e-04,3.6047e-04,3.5050e-04,3.5098e-04,3.4105e-04,3.4477e-04,3.4486e-04,3.3516e-04,3.4693e-04,3.4743e-04,3.5466e-04,3.5114e-04,3.5497e-04,3.5407e-04,3.4152e-04,3.4729e-04,3.5075e-04,3.5286e-04,3.5104e-04
51.6749,3.3763e-04,3.3555e-04,3.4049e-04,3.4901e-04,3.4452e-04,3.5019e-04,3.4705e-04,3.4640e-04,3.4512e-04,3.4842e-04,3.4170e-04,3.4367e-04,3.3543e-04,3.4006e-04,3.4586e-04,3.4372e-04,3.5084e-04,3.5952e-04,3.5899e-04,3.5986e-04,3.5073e-04,3.5117e-04,3.4208e-04,3.4555e-04,3.4563e-04,3.3675e-04,3.4752e-04,3.4798e-04,3.5459e-04,3.5137e-04,3.5488e-04,3.5405e-04,3.4257e-04,3.4785e-04,3.5101e-04,3.5295e-04,3.5128e-04
52.3957,3.3913e-04,3.3725e-04,3.4173e-04,3.4946e-04,3.4539e-04,3.5053e-04,3.4768e-04,3.4710e-04,3.4594e-04,3.4893e-04,3.4283e-04,3.4462e-04,3.3714e-04,3.4134e-04,3.4661e-04,3.4460e-04,3.5106e-04,3.5894e-04,3.5845e-04,3.5924e-04,3.5096e-04,3.5136e-04,3.4312e-04,3.4632e-04,3.4639e-04,3.3833e-04,3.4811e-04,3.4852e-04,3.5453e-04,3.5160e-04,3.5479e-04,3.5404e-04,3.4362e-04,3.4841e-04,3.5128e-04,3.5304e-04,3.5152e-04
53.1266,3.4064e-04,3.3895e-04,3.4297e-04,3.4991e-04,3.4626e-04,3.5087e-04,3.4832e-04,3.4779e-04,3.4675e-04,3.4943e-04,3.4396e-04,3.4556e-04,3.3885e-04,3.4262e-04,3.4735e-04,3.4548e-04,3.5128e-04,3.5835e-04,3.5792e-04,3.5862e-04,3.5119e-04,3.5155e-04,3.4415e-04,3.4709e-04,3.4716e-04,3.3992e-04,3.4870e-04,3.4907e-04,3.5446e-04,3.5184e-04,3.5470e-04,3.5402e-04,3.4467e-04,3.4897e-04,3.5155e-04,3.5312e-04,3.5176e-04
53.8677,3.4215e-04,3.4065e-04,3.4421e-04,3.5037e-04,3.4712e-04,3.5121e-04,3.4895e-04,3.4848e-04,3.4756e-04,3.4994e-04,3.4509e-04,3.4651e-04,3.4056e-04,3.4391e-04,3.4809e-04,3.4636e-04,3.5150e-04,3.5777e-04,3.5738e-04,3.5801e-04,3.5142e-04,3.5174e-04,3.4518e-04,3.4787e-04,3.4792e-04,3.4151e-04,3.4929e-04,3.4962e-04,3.5440e-04,3.5207e-04,3.5460e-04,3.5401e-04,3.4572e-04,3.4953e-04,3.5181e-04,3.5321e-04,3.5200e-04
54.6191,3.4366e-04,3.4235e-04,3.4546e-04,3.5082e-04,3.4799e-04,3.5156e-04,3.4958e-04,3.4918e-04,3.4837e-04,3.5045e-04,3.4622e-04,3.4746e-04,3.4227e-04,3.4519e-04,3.4884e-04,3.4724e-04,3.5172e-04,3.5718e-04,3.5685e-04,3.5739e-04,3.5165e-04,3.5193e-04,3.4621e-04,3.4864e-04,3.4869e-04,3.4310e-04,3.4988e-04,3.5017e-04,3.5433e-04,3.5230e-04,3.5451e-04,3.5399e-04,3.4676e-04,3.5009e-04,3.5208e-04,3.5330e-04,3.5225e-04
55.381,3.4516e-04,3.4405e-04,3.4670e-04,3.5127e-04,3.4886e-04,3.5190e-04,3.5022e-04,3.4987e-04,3.4918e-04,3.5095e-04,3.4735e-04,3.4840e-04,3.4398e-04,3.4647e-04,3.4958e-04,3.4812e-04,3.5194e-04,3.5660e-04,3.5631e-04,3.5678e-04,3.5188e-04,3.5212e-04,3.4724e-04,3.4941e-04,3.4946e-04,3.4469e-04,3.5047e-04,3.5071e-04,3.5426e-04,3.5253e-04,3.5442e-04,3.5397e-04,3.4781e-04,3.5064e-04,3.5234e-04,3.5338e-04,3.5249e-04
56.1535,3.4667e-04,3.4575e-04,3.4794e-04,3.5172e-04,3.4973e-04,3.5224e-04,3.5085e-04,3.5056e-04,3.5000e-04,3.5146e-04,3.4848e-04,3.4935e-04,3.4569e-04,3.4775e-04,3.5032e-04,3.4900e-04,3.5216e-04,3.5601e-04,3.5578e-04,3.5616e-04,3.5211e-04,3.5231e-04,3.4828e-04,3.5018e-04,3.5022e-04,3.4628e-04,3.5106e-04,3.5126e-04,3.5420e-04,3.5277e-04,3.5432e-04,3.5396e-04,3.4886e-04,3.5120e-04,3.5261e-04,3.5347e-04,3.5273e-04
56.9368,3.4818e-04,3.4745e-04,3.4918e-04,3.5217e-04,3.5060e-04,3.5258e-04,3.5148e-04,3.5126e-04,3.5081e-04,3.5197e-04,3.4961e-04,3.5030e-04,3.4741e-04,3.4903e-04,3.5107e-04,3.4988e-04,3.5238e-04,3.5543e-04,3.5524e-04,3.5554e-04,3.5234e-04,3.5250e-04,3.4931e-04,3.5096e-04,3.5099e-04,3.4787e-04,3.5165e-04,3.5181e-04,3.5413e-04,3.5300e-04,3.5423e-04,3.5394e-04,3.4991e-04,3.5176e-04,3.5287e-04,3.5355e-04,3.5297e-04
57.731,3.4969e-04,3.4915e-04,3.5042e-04,3.5262e-04,3.5146e-04,3.5293e-04,3.5212e-04,3.5195e-04,3.5162e-04,3.5247e-04,3.5074e-04,3.5125e-04,3.4912e-04,3.5031e-04,3.5181e-04,3.5076e-04,3.5260e-04,3.5484e-04,3.5470e-04,3.5493e-04,3.5257e-04,3.5269e-04,3.5034e-04,3.5173e-04,3.5175e-04,3.4946e-04,3.5224e-04,3.5236e-04,3.5406e-04,3.5323e-04,3.5414e-04,3.5393e-04,3.5096e-04,3.5232e-04,3.5314e-04,3.5364e-04,3.5321e-04
58.5363,3.5119e-04,3.5085e-04,3.5167e-04,3.5308e-04,3.5233e-04,3.5327e-04,3.5275e-04,3.5264e-04,3.5243e-04,3.5298e-04,3.5187e-04,3.5219e-04,3.5083e-04,3.5160e-04,3.5256e-04,3.5164e-04,3.5282e-04,3.5426e-04,3.5417e-04,3.5431e-04,3.5280e-04,3.5288e-04,3.5137e-04,3.5250e-04,3.5252e-04,3.5105e-04,3.5283e-04,3.5290e-04,3.5400e-04,3.5347e-04,3.5405e-04,3.5391e-04,3.5201e-04,3.5288e-04,3.5341e-04,3.5373e-04,3.5345e-04
59.3528,3.5270e-04,3.5255e-04,3.5291e-04,3.5353e-04,3.5320e-04,3.5361e-04,3.5338e-04,3.5334e-04,3.5324e-04,3.5348e-04,3.5300e-04,3.5314e-04,3.5254e-04,3.5288e-04,3.5330e-04,3.5252e-04,3.5304e-04,3.5367e-04,3.5363e-04,3.5370e-04,3.5303e-04,3.5307e-04,3.5241e-04,3.5328e-04,3.5328e-04,3.5264e-04,3.5342e-04,3.5345e-04,3.5393e-04,3.5370e-04,3.5395e-04,3.5389e-04,3.5306e-04,3.5344e-04,3.5367e-04,3.5381e-04,3.5369e-04
60.1807,3.5388e-04,3.5388e-04,3.5388e-04,3.5388e-04,3.5388e-04,3.5388e-04,3.5388e-04,3.5388e-04,3.5388e-04,3.5388e-04,3.5388e-04,3.5388e-04,3.5388e-04,3.5388e-04,3.5388e-04,3.5321e-04,3.5321e-04,3.5321e-04,3.5321e-04,3.5321e-04,3.5321e-04,3.5321e-04,3.5321e-04,3.5388e-04,3.5388e-04,3.5388e-04,3.5388e-04,3.5388e-04,3.5388e-04,3.5388e-04,3.5388e-04,3.5388e-04,3.5388e-04,3.5388e-04,3.5388e-04,3.5388e-04,3.5388e-04
61.0202,3.5388e-04,3.5388e-04,3.5388e-04,3.5388e-04,3.5388e-04,3.5388e-04,3.5388e-04,3.5388e-04,3.5388e-04,3.5388e-04,3.5388e-04,3.5388e-04,3.5388e-04,3.5388e-04,3.5388e-04,3.5321e-04,3.5321e-04,3.5321e-04,3.5321e-04,3.5321e-04,3.5321e-04,3.5321e-04,3.5321e-04,3.5388e-04,3.5388e-04,3.5388e-04,3.5388e-04,3.5388e-04,3.5388e-04,3.5388e-04,3.5388e-04,3.5388e-04,3.5388e-04,3.5388e-04,3.5388e-04,3.5388e-04,3.5388e-04
61.8714,3.5388e-04,3.5388e-04,3.5388e-04,3.5388e-04,3.5388e-04,3.5388e-04,3.5388e-04,3.5388e-04,3.5388e-04,3.5388e-04,3.5388e-04,3.5388e-04,3.5388e-04,3.5388e-04,3.5388e-04,3.5321e-04,3.5321e-04,3.5321e-04,3.5321e-04,3.5321e-04,3.5321e-04,3.5321e-04,3.5321e-04,3.5388e-04,3.5388e-04,3.5388e-04,3.5388e-04,3.5388e-04,3.5388e-04,3.5388e-04,3.5388e-04,3.5388e-04,3.5388e-04,3.5388e-04,3.5388e-04,3.5388e-04,3.5388e-04
62.7344,3.5388e-04,3.5388e-04,3.5388e-04,3.5388e-04,3.5388e-04,3.5388e-04,3.5388e-04,3.5388e-04,3.5388e-04,3.5388e-04,3.5388e-04,3.5388e-04,3.5388e-04,3.5388e-04,3.5388e-04,3.5321e-04,3.5321e-04,3.5321e-04,3.5321e-04,3.5321e-04,3.5321e-04,3.5321e-04,3.5321e-04,3.5388e-04,3.5388e-04,3.5388e-04,3.5388e-04,3.5388e-04,3.5388e-04,3.5388e-04,3.5388e-04,3.5388e-04,3.5388e-04,3.5388e-04,3.5388e-04,3.5388e-04,3.5388e-04
63.6095,3.5388e-04,3.5388e-04,3.5388e-04,3.5388e-04,3.5388e-04,3.5388e-04,3.5388e-04,3.5388e-04,3.5388e-04,3.5388e-04,3.5388e-04,3.5388e-04,3.5388e-04,3.5388e-04,3.5388e-04,3.5321e-04,3.5321e-04,3.5321e-04,3.5321e-04,3.5321e-04,3.5321e-04,3.5321e-04,3.5321e-04,3.5388e-04,3.5388e-04,3.5388e-04,3.5388e-04,3.5388e-04,3.5388e-04,3.5388e-04,3.5388e-04,3.5388e-04,3.5388e-04,3.5388e-04,3.5388e-04,3.5388e-04,3.5388e-04
64.4968,3.5388e-04,3.5388e-04,3.5388e-04,3.5388e-04,3.5388e-04,3.5388e-04,3.5388e-04,3.5388e-04,3.5388e-04,3.5388e-04,3.5388e-04,3.5388e-04,3.5388e-04,3.5388e-04,3.5388e-04,3.5321e-04,3.5321e-04,3.5321e-04,3.5321e-04,3.5321e-04,3.5321e-04,3.5321e-04,3.5321e-04,3.5388e-04,3.5388e-04,3.5388e-04,3.5388e-04,3.5388e-04,3.5388e-04,3.5388e-04,3.5388e-04,3.5388e-04,3.5388e-04,3.5388e-04,3.5388e-04,3.5388e-04,3.5388e-04
65.3965,3.5388e-04,3.5388e-04,3.5388e-04,3.5388e-04,3.5388e-04,3.5388e-04,3.5388e-04,3.5388e-04,3.5388e-04,3.5388e-04,3.5388e-04,3.5388e-04,3.5388e-04,3.5388e-04,3.5388e-04,3.5321e-04,3.5321e-04,3.5321e-04,3.5321e-04,3.5321e-04,3.5321e-04,3.5321e-04,3.5321e-04,3.5388e-04,3.5388e-04,3.5388e-04,3.5388e-04,3.5388e-04,3.5388e-04,3.5388e-04,3.5388e-04,3.5388e-04,3.5388e-04,3.5388e-04,3.5388e-04,3.5388e-04,3.5388e-04
66.3087,3.5388e-04,3.5388e-04,3.5388e-04,3.5388e-04,3.5388e-04,3.5388e-04,3.5388e-04,3.5388e-04,3.5388e-04,3.5388e-04,3.5388e-04,3.5388e-04,3.5388e-04,3.5388e-04,3.5388e-04,3.5321e-04,3.5321e-04,3.5321e-04,3.5321e-04,3.5321e-04,3.5321e-04,3.5321e-04,3.5321e-04,3.5388e-04,3.5388e-04,3.5388e-04,3.5388e-04,3.5388e-04,3.5388e-04,3.5388e-04,3.5388e-04,3.5388e-04,3.5388e-04,3.5388e-04,3.5388e-04,3.5388e-04,3.5388e-04
67.2336,3.5388e-04,3.5388e-04,3.5388e-04,3.5388e-04,3.5388e-04,3.5388e-04,3.5388e-04,3.5388e-04,3.5388e-04,3.5388e-04,3.5388e-04,3.5388e-04,3.5388e-04,3.5388e-04,3.5388e-04,3.5321e-04,3.5321e-04,3.5321e-04,3.5321e-04,3.5321e-04,3.5321e-04,3.5321e-04,3.5321e-04,3.5388e-04,3.5388e-04,3.5388e-04,3.5388e-04,3.5388e-04,3.5388e-04,3.5388e-04,3.5388e-04,3.5388e-04,3.5388e-04,3.5388e-04,3.5388e-04,3.5388e-04,3.5388e-04
68.1715,3.5388e-04,3.5388e-04,3.5388e-04,3.5388e-04,3.5388e-04,3.5388e-04,3.5388e-04,3.5388e-04,3.5388e-04,3.5388e-04,3.5388e-04,3.5388e-04,3.5388e-04,3.5388e-04,3.5388e-04,3.5321e-04,3.5321e-04,3.5321e-04,3.5321e-04,3.5321e-04,3.5321e-04,3.5321e-04,3.5321e-04,3.5388e-04,3.5388e-04,3.5388e-04,3.5388e-04,3.5388e-04,3.5388e-04,3.5388e-04,3.5388e-04,3.5388e-04,3.5388e-04,3.5388e-04,3.5388e-04,3.5388e-04,3.5388e-04
69.1224,3.5388e-04,3.5388e-04,3.5388e-04,3.5388e-04,3.5388e-04,3.5388e-04,3.5388e-04,3.5388e-04,3.5388e-04,3.5388e-04,3.5388e-04,3.5388e-04,3.5388e-04,3.5388e-04,3.5388e-04,3.5321e-04,3.5321e-04,3.5321e-04,3.5321e-04,3.5321e-04,3.5321e-04,3.5321e-04,3.5321e-04,3.5388e-04,3.5388e-04,3.5388e-04,3.5388e-04,3.5388e-04,3.5388e-04,3.5388e-04,3.5388e-04,3.5388e-04,3.5388e-04,3.5388e-04,3.5388e-04,3.5388e-04,3.5388e-04
70.0866,3.5388e-04,3.5388e-04,3.5388e-04,3.5388e-04,3.5388e-04,3.5388e-04,3.5388e-04,3.5388e-04,3.5388e-04,3.5388e-04,3.5388e-04,3.5388e-04,3.5388e-04,3.5388e-04,3.5388e-04,3.5321e-04,3.5321e-04,3.5321e-04,3.5321e-04,3.5321e-04,3.5321e-04,3.5321e-04,3.5321e-04,3.5388e-04,3.5388e-04,3.5388e-04,3.5388e-04,3.5388e-04,3.5388e-04,3.5388e-04,3.5388e-04,3.5388e-04,3.5388e-04,3.5388e-04,3.5388e-04,3.5388e-04,3.5388e-04
71.0642,3.5388e-04,3.5388e-04,3.5388e-04,3.5388e-04,3.5388e-04,3.5388e-04,3.5388e-04,3.5388e-04,3.5388e-04,3.5388e-04,3.5388e-04,3.5388e-04,3.5388e-04,3.5388e-04,3.5388e-04,3.5321e-04,3.5321e-04,3.5321e-04,3.5321e-04,3.5321e-04,3.5321e-04,3.5321e-04,3.5321e-04,3.5388e-04,3.5388e-04,3.5388e-04,3.5388e-04,3.5388e-04,3.5388e-04,3.5388e-04,3.5388e-04,3.5388e-04,3.5388e-04,3.5388e-04,3.5388e-04,3.5388e-04,3.5388e-04
72.0555,3.5388e-04,3.5388e-04,3.5388e-04,3.5388e-04,3.5388e-04,3.5388e-04,3.5388e-04,3.5388e-04,3.5388e-04,3.5388e-04,3.5388e-04,3.5388e-04,3.5388e-04,3.5388e-04,3.5388e-04,3.5321e-04,3.5321e-04,3.5321e-04,3.5321e-04,3.5321e-04,3.5321e-04,3.5321e-04,3.5321e-04,3.5388e-04,3.5388e-04,3.5388e-04,3.5388e-04,3.5388e-04,3.5388e-04,3.5388e-04,3.5388e-04,3.5388e-04,3.5388e-04,3.5388e-04,3.5388e-04,3.5388e-04,3.5388e-04
73.0606,3.5388e-04,3.5388e-04,3.5388e-04,3.5388e-04,3.5388e-04,3.5388e-04,3.5388e-04,3.5388e-04,3.5388e-04,3.5388e-04,3.5388e-04,3.5388e-04,3.5388e-04,3.5388e-04,3.5388e-04,3.5321e-04,3.5321e-04,3.5321e-04,3.5321e-04,3.5321e-04,3.5321e-04,3.5321e-04,3.5321e-04,3.5388e-04,3.5388e-04,3.5388e-04,3.5388e-04,3.5388e-04,3.5388e-04,3.5388e-04,3.5388e-04,3.5388e-04,3.5388e-04,3.5388e-04,3.5388e-04,3.5388e-04,3.5388e-04
74.0798,3.5388e-04,3.5388e-04,3.5388e-04,3.5388e-04,3.5388e-04,3.5388e-04,3.5388e-04,3.5388e-04,3.5388e-04,3.5388e-04,3.5388e-04,3.5388e-04,3.5388e-04,3.5388e-04,3.5388e-04,3.5321e-04,3.5321e-04,3.5321e-04,3.5321e-04,3.5321e-04,3.5321e-04,3.5321e-04,3.5321e-04,3.5388e-04,3.5388e-04,3.5388e-04,3.5388e-04,3.5388e-04,3.5388e-04,3.5388e-04,3.5388e-04,3.5388e-04,3.5388e-04,3.5388e-04,3.5388e-04,3.5388e-04,3.5388e-04
75.1131,3.5388e-04,3.5388e-04,3.5388e-04,3.5388e-04,3.5388e-04,3.5388e-04,3.5388e-04,3.5388e-04,3.5388e-04,3.5388e-04,3.5388e-04,3.5388e-04,3.5388e-04,3.5388e-04,3.5388e-04,3.5321e-04,3.5321e-04,3.5321e-04,3.5321e-04,3.5321e-04,3.5321e-04,3.5321e-04,3.5321e-04,3.5388e-04,3.5388e-04,3.5388e-04,3.5388e-04,3.5388e-04,3.5388e-04,3.5388e-04,3.5388e-04,3.5388e-04,3.5388e-04,3.5388e-04,3.5388e-04,3.5388e-04,3.5388e-04
76.1609,3.5388e-04,3.5388e-04,3.5388e-04,3.5388e-04,3.5388e-04,3.5388e-04,3.5388e-04,3.5388e-04,3.5388e-04,3.5388e-04,3.5388e-04,3.5388e-04,3.5388e-04,3.5388e-04,3.5388e-04,3.5321e-04,3.5321e-04,3.5321e-04,3.5321e-04,3.5321e-04,3.5321e-04,3.5321e-04,3.5321e-04,3.5388e-04,3.5388e-04,3.5388e-04,3.5388e-04,3.5388e-04,3.5388e-04,3.5388e-04,3.5388e-04,3.5388e-04,3.5388e-04,3.5388e-04,3.5388e-04,3.5388e-04,3.5388e-04
77.2232,3.5388e-04,3.5388e-04,3.5388e-04,3.5388e-04,3.5388e-04,3.5388e-04,3.5388e-04,3.5388e-04,3.5388e-04,3.5388e-04,3.5388e-04,3.5388e-04,3.5388e-04,3.5388e-04,3.5388e-04,3.5321e-04,3.5321e-04,3.5321e-04,3.5321e-04,3.5321e-04,3.5321e-04,3.5321e-04,3.5321e-04,3.5388e-04,3.5388e-04,3.5388e-04,3.5388e-04,3.5388e-04,3.5388e-04,3.5388e-04,3.5388e-04,3.5388e-04,3.5388e-04,3.5388e-04,3.5388e-04,3.5388e-04,3.5388e-04
78.3004,3.5388e-04,3.5388e-04,3.5388e-04,3.5388e-04,3.5388e-04,3.5388e-04,3.5388e-04,3.5388e-04,3.5388e-04,3.5388e-04,3.5388e-04,3.5388e-04,3.5388e-04,3.5388e-04,3.5388e-04,3.5321e-04,3.5321e-04,3.5321e-04,3.5321e-04,3.5321e-04,3.5321e-04,3.5321e-04,3.5321e-04,3.5388e-04,3.5388e-04,3.5388e-04,3.5388e-04,3.5388e-04,3.5388e-04,3.5388e-04,3.5388e-04,3.5388e-04,3.5388e-04,3.5388e-04,3.5388e-04,3.5388e-04,3.5388e-04
79.3926,3.5388e-04,3.5388e-04,3.5388e-04,3.5388e-04,3.5388e-04,3.5388e-04,3.5388e-04,3.5388e-04,3.5388e-04,3.5388e-04,3.5388e-04,3.5388e-04,3.5388e-04,3.5388e-04,3.5388e-04,3.5321e-04,3.5321e-04,3.5321e-04,3.5321e-04,3.5321e-04,3.5321e-04,3.5321e-04,3.5321e-04,3.5388e-04,3.5388e-04,3.5388e-04,3.5388e-04,3.5388e-04,3.5388e-04,3.5388e-04,3.5388e-04,3.5388e-04,3.5388e-04,3.5388e-04,3.5388e-04,3.5388e-04,3.5388e-04
80.5001,3.5388e-04,3.5388e-04,3.5388e-04,3.5388e-04,3.5388e-04,3.5388e-04,3.5388e-04,3.5388e-04,3.5388e-04,3.5388e-04,3.5388e-04,3.5388e-04,3.5388e-04,3.5388e-04,3.5388e-04,3.5321e-04,3.5321e-04,3.5321e-04,3.5321e-04,3.5321e-04,3.5321e-04,3.5321e-04,3.5321e-04,3.5388e-04,3.5388e-04,3.5388e-04,3.5388e-04,3.5388e-04,3.5388e-04,3.5388e-04,3.5388e-04,3.5388e-04,3.5388e-04,3.5388e-04,3.5388e-04,3.5388e-04,3.5388e-04
81.623,3.5388e-04,3.5388e-04,3.5388e-04,3.5388e-04,3.5388e-04,3.5388e-04,3.5388e-04,3.5388e-04,3.5388e-04,3.5388e-04,3.5388e-04,3.5388e-04,3.5388e-04,3.5388e-04,3.5388e-04,3.5321e-04,3.5321e-04,3.5321e-04,3.5321e-04,3.5321e-04,3.5321e-04,3.5321e-04,3.5321e-04,3.5388e-04,3.5388e-04,3.5388e-04,3.5388e-04,3.5388e-04,3.5388e-04,3.5388e-04,3.5388e-04,3.5388e-04,3.5388e-04,3.5388e-04,3.5388e-04,3.5388e-04,3.5388e-04
82.7616,3.5388e-04,3.5388e-04,3.5388e-04,3.5388e-04,3.5388e-04,3.5388e-04,3.5388e-04,3.5388e-04,3.5388e-04,3.5388e-04,3.5388e-04,3.5388e-04,3.5388e-04,3.5388e-04,3.5388e-04,3.5321e-04,3.5321e-04,3.5321e-04,3.5321e-04,3.5321e-04,3.5321e-04,3.5321e-04,3.5321e-04,3.5388e-04,3.5388e-04,3.5388e-04,3.5388e-04,3.5388e-04,3.5388e-04,3.5388e-04,3.5388e-04,3.5388e-04,3.5388e-04,3.5388e-04,3.5388e-04,3.5388e-04,3.5388e-04
83.916,3.5388e-04,3.5388e-04,3.5388e-04,3.5388e-04,3.5388e-04,3.5388e-04,3.5388e-04,3.5388e-04,3.5388e-04,3.5388e-04,3.5388e-04,3.5388e-04,3.5388e-04,3.5388e-04,3.5388e-04,3.5321e-04,3.5321e-04,3.5321e-04,3.5321e-04,3.5321e-04,3.5321e-04,3.5321e-04,3.5321e-04,3.5388e-04,3.5388e-04,3.5388e-04,3.5388e-04,3.5388e-04,3.5388e-04,3.5388e-04,3.5388e-04,3.5388e-04,3.5388e-04,3.5388e-04,3.5388e-04,3.5388e-04,3.5388e-04
85.0866,3.5388e-04,3.5388e-04,3.5388e-04,3.5388e-04,3.5388e-04,3.5388e-04,3.5388e-04,3.5388e-04,3.5388e-04,3.5388e-04,3.5388e-04,3.5388e-04,3.5388e-04,3.5388e-04,3.5388e-04,3.5321e-04,3.5321e-04,3.5321e-04,3.5321e-04,3.5321e-04,3.5321e-04,3.5321e-04,3.5321e-04,3.5388e-04,3.5388e-04,3.5388e-04,3.5388e-04,3.5388e-04,3.5388e-04,3.5388e-04,3.5388e-04,3.5388e-04,3.5388e-04,3.5388e-04,3.5388e-04,3.5388e-04,3.5388e-04
86.2734,3.5388e-04,3.5388e-04,3.5388e-04,3.5388e-04,3.5388e-04,3.5388e-04,3.5388e-04,3.5388e-04,3.5388e-04,3.5388e-04,3.5388e-04,3.5388e-04,3.5388e-04,3.5388e-04,3.5388e-04,3.5321e-04,3.5321e-04,3.5321e-04,3.5321e-04,3.5321e-04,3.5321e-04,3.5321e-04,3.5321e-04,3.5388e-04,3.5388e-04,3.5388e-04,3.5388e-04,3.5388e-04,3.5388e-04,3.5388e-04,3.5388e-04,3.5388e-04,3.5388e-04,3.5388e-04,3.5388e-04,3.5388e-04,3.5388e-04
87.4769,3.5388e-04,3.5388e-04,3.5388e-04,3.5388e-04,3.5388e-04,3.5388e-04,3.5388e-04,3.5388e-04,3.5388e-04,3.5388e-04,3.5388e-04,3.5388e-04,3.5388e-04,3.5388e-04,3.5388e-04,3.5321e-04,3.5321e-04,3.5321e-04,3.5321e-04,3.5321e-04,3.5321e-04,3.5321e-04,3.5321e-04,3.5388e-04,3.5388e-04,3.5388e-04,3.5388e-04,3.5388e-04,3.5388e-04,3.5388e-04,3.5388e-04,3.5388e-04,3.5388e-04,3.5388e-04,3.5388e-04,3.5388e-04,3.5388e-04
88.6971,3.5388e-04,3.5388e-04,3.5388e-04,3.5388e-04,3.5388e-04,3.5388e-04,3.5388e-04,3.5388e-04,3.5388e-04,3.5388e-04,3.5388e-04,3.5388e-04,3.5388e-04,3.5388e-04,3.5388e-04,3.5321e-04,3.5321e-04,3.5321e-04,3.5321e-04,3.5321e-04,3.5321e-04,3.5321e-04,3.5321e-04,3.5388e-04,3.5388e-04,3.5388e-04,3.5388e-04,3.5388e-04,3.5388e-04,3.5388e-04,3.5388e-04,3.5388e-04,3.5388e-04,3.5388e-04,3.5388e-04,3.5388e-04,3.5388e-04
89.9343,3.5388e-04,3.5388e-04,3.5388e-04,3.5388e-04,3.5388e-04,3.5388e-04,3.5388e-04,3.5388e-04,3.5388e-04,3.5388e-04,3.5388e-04,3.5388e-04,3.5388e-04,3.5388e-04,3.5388e-04,3.5321e-04,3.5321e-04,3.5321e-04,3.5321e-04,3.5321e-04,3.5321e-04,3.5321e-04,3.5321e-04,3.5388e-04,3.5388e-04,3.5388e-04,3.5388e-04,3.5388e-04,3.5388e-04,3.5388e-04,3.5388e-04,3.5388e-04,3.5388e-04,3.5388e-04,3.5388e-04,3.5388e-04,3.5388e-04
91.1888,3.5388e-04,3.5388e-04,3.5388e-04,3.5388e-04,3.5388e-04,3.5388e-04,3.5388e-04,3.5388e-04,3.5388e-04,3.5388e-04,3.5388e-04,3.5388e-04,3.5388e-04,3.5388e-04,3.5388e-04,3.5321e-04,3.5321e-04,3.5321e-04,3.5321e-04,3.5321e-04,3.5321e-04,3.5321e-04,3.5321e-04,3.5388e-04,3.5388e-04,3.5388e-04,3.5388e-04,3.5388e-04,3.5388e-04,3.5388e-04,3.5388e-04,3.5388e-04,3.5388e-04,3.5388e-04,3.5388e-04,3.5388e-04,3.5388e-04
92.4608,3.5388e-04,3.5388e-04,3.5388e-04,3.5388e-04,3.5388e-04,3.5388e-04,3.5388e-04,3.5388e-04,3.5388e-04,3.5388e-04,3.5388e-04,3.5388e-04,3.5388e-04,3.5388e-04,3.5388e-04,3.5321e-04,3.5321e-04,3.5321e-04,3.5321e-04,3.5321e-04,3.5321e-04,3.5321e-04,3.5321e-04,3.5388e-04,3.5388e-04,3.5388e-04,3.5388e-04,3.5388e-04,3.5388e-04,3.5388e-04,3.5388e-04,3.5388e-04,3.5388e-04,3.5388e-04,3.5388e-04,3.5388e-04,3.5388e-04
93.7506,3.5388e-04,3.5388e-04,3.5388e-04,3.5388e-04,3.5388e-04,3.5388e-04,3.5388e-04,3.5388e-04,3.5388e-04,3.5388e-04,3.5388e-04,3.5388e-04,3.5388e-04,3.5388e-04,3.5388e-04,3.5321e-04,3.5321e-04,3.5321e-04,3.5321e-04,3.5321e-04,3.5321e-04,3.5321e-04,3.5321e-04,3.5388e-04,3.5388e-04,3.5388e-04,3.5388e-04,3.5388e-04,3.5388e-04,3.5388e-04,3.5388e-04,3.5388e-04,3.5388e-04,3.5388e-04,3.5388e-04,3.5388e-04,3.5388e-04
95.0583,3.5388e-04,3.5388e-04,3.5388e-04,3.5388e-04,3.5388e-04,3.5388e-04,3.5388e-04,3.5388e-04,3.5388e-04,3.5388e-04,3.5388e-04,3.5388e-04,3.5388e-04,3.5388e-04,3.5388e-04,3.5321e-04,3.5321e-04,3.5321e-04,3.5321e-04,3.5321e-04,3.5321e-04,3.5321e-04,3.5321e-04,3.5388e-04,3.5388e-04,3.5388e-04,3.5388e-04,3.5388e-04,3.5388e-04,3.5388e-04,3.5388e-04,3.5388e-04,3.5388e-04,3.5388e-04,3.5388e-04,3.5388e-04,3.5388e-04
96.3843,3.5388e-04,3.5388e-04,3.5388e-04,3.5388e-04,3.5388e-04,3.5388e-04,3.5388e-04,3.5388e-04,3.5388e-04,3.5388e-04,3.5388e-04,3.5388e-04,3.5388e-04,3.5388e-04,3.5388e-04,3.5321e-04,3.5321e-04,3.5321e-04,3.5321e-04,3.5321e-04,3.5321e-04,3.5321e-04,3.5321e-04,3.5388e-04,3.5388e-04,3.5388e-04,3.5388e-04,3.5388e-04,3.5388e-04,3.5388e-04,3.5388e-04,3.5388e-04,3.5388e-04,3.5388e-04,3.5388e-04,3.5388e-04,3.5388e-04
97.7288,3.5388e-04,3.5388e-04,3.5388e-04,3.5388e-04,3.5388e-04,3.5388e-04,3.5388e-04,3.5388e-04,3.5388e-04,3.5388e-04,3.5388e-04,3.5388e-04,3.5388e-04,3.5388e-04,3.5388e-04,3.5321e-04,3.5321e-04,3.5321e-04,3.5321e-04,3.5321e-04,3.5321e-04,3.5321e-04,3.5321e-04,3.5388e-04,3.5388e-04,3.5388e-04,3.5388e-04,3.5388e-04,3.5388e-04,3.5388e-04,3.5388e-04,3.5388e-04,3.5388e-04,3.5388e-04,3.5388e-04,3.5388e-04,3.5388e-04
99.092,3.5388e-04,3.5388e-04,3.5388e-04,3.5388e-04,3.5388e-04,3.5388e-04,3.5388e-04,3.5388e-04,3.5388e-04,3.5388e-04,3.5388e-04,3.5388e-04,3.5388e-04,3.5388e-04,3.5388e-04,3.5321e-04,3.5321e-04,3.5321e-04,3.5321e-04,3.5321e-04,3.5321e-04,3.5321e-04,3.5321e-04,3.5388e-04,3.5388e-04,3.5388e-04,3.5388e-04,3.5388e-04,3.5388e-04,3.5388e-04,3.5388e-04,3.5388e-04,3.5388e-04,3.5388e-04,3.5388e-04,3.5388e-04,3.5388e-04
100.474,3.5388e-04,3.5388e-04,3.5388e-04,3.5388e-04,3.5388e-04,3.5388e-04,3.5388e-04,3.5388e-04,3.5388e-04,3.5388e-04,3.5388e-04,3.5388e-04,3.5388e-04,3.5388e-04,3.5388e-04,3.5321e-04,3.5321e-04,3.5321e-04,3.5321e-04,3.5321e-04,3.5321e-04,3.5321e-04,3.5321e-04,3.5388e-04,3.5388e-04,3.5388e-04,3.5388e-04,3.5388e-04,3.5388e-04,3.5388e-04,3.5388e-04,3.5388e-04,3.5388e-04,3.5388e-04,3.5388e-04,3.5388e-04,3.5388e-04
101.876,3.5388e-04,3.5388e-04,3.5388e-04,3.5388e-04,3.5388e-04,3.5388e-04,3.5388e-04,3.5388e-04,3.5388e-04,3.5388e-04,3.5388e-04,3.5388e-04,3.5388e-04,3.5388e-04,3.5388e-04,3.5321e-04,3.5321e-04,3.5321e-04,3.5321e-04,3.5321e-04,3.5321e-04,3.5321e-04,3.5321e-04,3.5388e-04,3.5388e-04,3.5388e-04,3.5388e-04,3.5388e-04,3.5388e-04,3.5388e-04,3.5388e-04,3.5388e-04,3.5388e-04,3.5388e-04,3.5388e-04,3.5388e-04,3.5388e-04
103.297,3.5388e-04,3.5388e-04,3.5388e-04,3.5388e-04,3.5388e-04,3.5388e-04,3.5388e-04,3.5388e-04,3.5388e-04,3.5388e-04,3.5388e-04,3.5388e-04,3.5388e-04,3.5388e-04,3.5388e-04,3.5321e-04,3.5321e-04,3.5321e-04,3.5321e-04,3.5321e-04,3.5321e-04,3.5321e-04,3.5321e-04,3.5388e-04,3.5388e-04,3.5388e-04,3.5388e-04,3.5388e-04,3.5388e-04,3.5388e-04,3.5388e-04,3.5388e-04,3.5388e-04,3.5388e-04,3.5388e-04,3.5388e-04,3.5388e-04
104.738,3.5388e-04,3.5388e-04,3.5388e-04,3.5388e-04,3.5388e-04,3.5388e-04,3.5388e-04,3.5388e-04,3.5388e-04,3.5388e-04,3.5388e-04,3.5388e-04,3.5388e-04,3.5388e-04,3.5388e-04,3.5321e-04,3.5321e-04,3.5321e-04,3.5321e-04,3.5321e-04,3.5321e-04,3.5321e-04,3.5321e-04,3.5388e-04,3.5388e-04,3.5388e-04,3.5388e-04,3.5388e-04,3.5388e-04,3.5388e-04,3.5388e-04,3.5388e-04,3.5388e-04,3.5388e-04,3.5388e-04,3.5388e-04,3.5388e-04
106.199,3.5388e-04,3.5388e-04,3.5388e-04,3.5388e-04,3.5388e-04,3.5388e-04,3.5388e-04,3.5388e-04,3.5388e-04,3.5388e-04,3.5388e-04,3.5388e-04,3.5388e-04,3.5388e-04,3.5388e-04,3.5321e-04,3.5321e-04,3.5321e-04,3.5321e-04,3.5321e-04,3.5321e-04,3.5321e-04,3.5321e-04,3.5388e-04,3.5388e-04,3.5388e-04,3.5388e-04,3.5388e-04,3.5388e-04,3.5388e-04,3.5388e-04,3.5388e-04,3.5388e-04,3.5388e-04,3.5388e-04,3.5388e-04,3.5388e-04
107.68,3.5388e-04,3.5388e-04,3.5388e-04,3.5388e-04,3.5388e-04,3.5388e-04,3.5388e-04,3.5388e-04,3.5388e-04,3.5388e-04,3.5388e-04,3.5388e-04,3.5388e-04,3.5388e-04,3.5388e-04,3.5321e-04,3.5321e-04,3.5321e-04,3.5321e-04,3.5321e-04,3.5321e-04,3.5321e-04,3.5321e-04,3.5388e-04,3.5388e-04,3.5388e-04,3.5388e-04,3.5388e-04,3.5388e-04,3.5388e-04,3.5388e-04,3.5388e-04,3.5388e-04,3.5388e-04,3.5388e-04,3.5388e-04,3.5388e-04
109.182,3.5388e-04,3.5388e-04,3.5388e-04,3.5388e-04,3.5388e-04,3.5388e-04,3.5388e-04,3.5388e-04,3.5388e-04,3.5388e-04,3.5388e-04,3.5388e-04,3.5388e-04,3.5388e-04,3.5388e-04,3.5321e-04,3.5321e-04,3.5321e-04,3.5321e-04,3.5321e-04,3.5321e-04,3.5321e-04,3.5321e-04,3.5388e-04,3.5388e-04,3.5388e-04,3.5388e-04,3.5388e-04,3.5388e-04,3.5388e-04,3.5388e-04,3.5388e-04,3.5388e-04,3.5388e-04,3.5388e-04,3.5388e-04,3.5388e-04
110.705,3.5388e-04,3.5388e-04,3.5388e-04,3.5388e-04,3.5388e-04,3.5388e-04,3.5388e-04,3.5388e-04,3.5388e-04,3.5388e-04,3.5388e-04,3.5388e-04,3.5388e-04,3.5388e-04,3.5388e-04,3.5321e-04,3.5321e-04,3.5321e-04,3.5321e-04,3.5321e-04,3.5321e-04,3.5321e-04,3.5321e-04,3.5388e-04,3.5388e-04,3.5388e-04,3.5388e-04,3.5388e-04,3.5388e-04,3.5388e-04,3.5388e-04,3.5388e-04,3.5388e-04,3.5388e-04,3.5388e-04,3.5388e-04,3.5388e-04
112.249,3.5388e-04,3.5388e-04,3.5388e-04,3.5388e-04,3.5388e-04,3.5388e-04,3.5388e-04,3.5388e-04,3.5388e-04,3.5388e-04,3.5388e-04,3.5388e-04,3.5388e-04,3.5388e-04,3.5388e-04,3.5321e-04,3.5321e-04,3.5321e-04,3.5321e-04,3.5321e-04,3.5321e-04,3.5321e-04,3.5321e-04,3.5388e-04,3.5388e-04,3.5388e-04,3.5388e-04,3.5388e-04,3.5388e-04,3.5388e-04,3.5388e-04,3.5388e-04,3.5388e-04,3.5388e-04,3.5388e-04,3.5388e-04,3.5388e-04
113.815,3.5388e-04,3.5388e-04,3.5388e-04,3.5388e-04,3.5388e-04,3.5388e-04,3.5388e-04,3.5388e-04,3.5388e-04,3.5388e-04,3.5388e-04,3.5388e-04,3.5388e-04,3.5388e-04,3.5388e-04,3.5321e-04,3.5321e-04,3.5321e-04,3.5321e-04,3.5321e-04,3.5321e-04,3.5321e-04,3.5321e-04,3.5388e-04,3.5388e-04,3.5388e-04,3.5388e-04,3.5388e-04,3.5388e-04,3.5388e-04,3.5388e-04,3.5388e-04,3.5388e-04,3.5388e-04,3.5388e-04,3.5388e-04,3.5388e-04
115.403,3.5388e-04,3.5388e-04,3.5388e-04,3.5388e-04,3.5388e-04,3.5388e-04,3.5388e-04,3.5388e-04,3.5388e-04,3.5388e-04,3.5388e-04,3.5388e-04,3.5388e-04,3.5388e-04,3.5388e-04,3.5321e-04,3.5321e-04,3.5321e-04,3.5321e-04,3.5321e-04,3.5321e-04,3.5321e-04,3.5321e-04,3.5388e-04,3.5388e-04,3.5388e-04,3.5388e-04,3.5388e-04,3.5388e-04,3.5388e-04,3.5388e-04,3.5388e-04,3.5388e-04,3.5388e-04,3.5388e-04,3.5388e-04,3.5388e-04
117.013,3.5388e-04,3.5388e-04,3.5388e-04,3.5388e-04,3.5388e-04,3.5388e-04,3.5388e-04,3.5388e-04,3.5388e-04,3.5388e-04,3.5388e-04,3.5388e-04,3.5388e-04,3.5388e-04,3.5388e-04,3.5321e-04,3.5321e-04,3.5321e-04,3.5321e-04,3.5321e-04,3.5321e-04,3.5321e-04,3.5321e-04,3.5388e-04,3.5388e-04,3.5388e-04,3.5388e-04,3.5388e-04,3.5388e-04,3.5388e-04,3.5388e-04,3.5388e-04,3.5388e-04,3.5388e-04,3.5388e-04,3.5388e-04,3.5388e-04
118.645,3.5388e-04,3.5388e-04,3.5388e-04,3.5388e-04,3.5388e-04,3.5388e-04,3.5388e-04,3.5388e-04,3.5388e-04,3.5388e-04,3.5388e-04,3.5388e-04,3.5388e-04,3.5388e-04,3.5388e-04,3.5321e-04,3.5321e-04,3.5321e-04,3.5321e-04,3.5321e-04,3.5321e-04,3.5321e-04,3.5321e-04,3.5388e-04,3.5388e-04,3.5388e-04,3.5388e-04,3.5388e-04,3.5388e-04,3.5388e-04,3.5388e-04,3.5388e-04,3.5388e-04,3.5388e-04,3.5388e-04,3.5388e-04,3.5388e-04
120.3,3.5388e-04,3.5388e-04,3.5388e-04,3.5388e-04,3.5388e-04,3.5388e-04,3.5388e-04,3.5388e-04,3.5388e-04,3.5388e-04,3.5388e-04,3.5388e-04,3.5388e-04,3.5388e-04,3.5388e-04,3.5321e-04,3.5321e-04,3.5321e-04,3.5321e-04,3.5321e-04,3.5321e-04,3.5321e-04,3.5321e-04,3.5388e-04,3.5388e-04,3.5388e-04,3.5388e-04,3.5388e-04,3.5388e-04,3.5388e-04,3.5388e-04,3.5388e-04,3.5388e-04,3.5388e-04,3.5388e-04,3.5388e-04,3.5388e-04
121.978,3.5388e-04,3.5388e-04,3.5388e-04,3.5388e-04,3.5388e-04,3.5388e-04,3.5388e-04,3.5388e-04,3.5388e-04,3.5388e-04,3.5388e-04,3.5388e-04,3.5388e-04,3.5388e-04,3.5388e-04,3.5321e-04,3.5321e-04,3.5321e-04,3.5321e-04,3.5321e-04,3.5321e-04,3.5321e-04,3.5321e-04,3.5388e-04,3.5388e-04,3.5388e-04,3.5388e-04,3.5388e-04,3.5388e-04,3.5388e-04,3.5388e-04,3.5388e-04,3.5388e-04,3.5388e-04,3.5388e-04,3.5388e-04,3.5388e-04
123.679,3.5388e-04,3.5388e-04,3.5388e-04,3.5388e-04,3.5388e-04,3.5388e-04,3.5388e-04,3.5388e-04,3.5388e-04,3.5388e-04,3.5388e-04,3.5388e-04,3.5388e-04,3.5388e-04,3.5388e-04,3.5321e-04,3.5321e-04,3.5321e-04,3.5321e-04,3.5321e-04,3.5321e-04,3.5321e-04,3.5321e-04,3.5388e-04,3.5388e-04,3.5388e-04,3.5388e-04,3.5388e-04,3.5388e-04,3.5388e-04,3.5388e-04,3.5388e-04,3.5388e-04,3.5388e-04,3.5388e-04,3.5388e-04,3.5388e-04
125.404,3.5388e-04,3.5388e-04,3.5388e-04,3.5388e-04,3.5388e-04,3.5388e-04,3.5388e-04,3.5388e-04,3.5388e-04,3.5388e-04,3.5388e-04,3.5388e-04,3.5388e-04,3.5388e-04,3.5388e-04,3.5321e-04,3.5321e-04,3.5321e-04,3.5321e-04,3.5321e-04,3.5321e-04,3.5321e-04,3.5321e-04,3.5388e-04,3.5388e-04,3.5388e-04,3.5388e-04,3.5388e-04,3.5388e-04,3.5388e-04,3.5388e-04,3.5388e-04,3.5388e-04,3.5388e-04,3.5388e-04,3.5388e-04,3.5388e-04
127.154,3.5388e-04,3.5388e-04,3.5388e-04,3.5388e-04,3.5388e-04,3.5388e-04,3.5388e-04,3.5388e-04,3.5388e-04,3.5388e-04,3.5388e-04,3.5388e-04,3.5388e-04,3.5388e-04,3.5388e-04,3.5321e-04,3.5321e-04,3.5321e-04,3.5321e-04,3.5321e-04,3.5321e-04,3.5321e-04,3.5321e-04,3.5388e-04,3.5388e-04,3.5388e-04,3.5388e-04,3.5388e-04,3.5388e-04,3.5388e-04,3.5388e-04,3.5388e-04,3.5388e-04,3.5388e-04,3.5388e-04,3.5388e-04,3.5388e-04
128.927,3.5388e-04,3.5388e-04,3.5388e-04,3.5388e-04,3.5388e-04,3.5388e-04,3.5388e-04,3.5388e-04,3.5388e-04,3.5388e-04,3.5388e-04,3.5388e-04,3.5388e-04,3.5388e-04,3.5388e-04,3.5321e-04,3.5321e-04,3.5321e-04,3.5321e-04,3.5321e-04,3.5321e-04,3.5321e-04,3.5321e-04,3.5388e-04,3.5388e-04,3.5388e-04,3.5388e-04,3.5388e-04,3.5388e-04,3.5388e-04,3.5388e-04,3.5388e-04,3.5388e-04,3.5388e-04,3.5388e-04,3.5388e-04,3.5388e-04
130.726,3.5388e-04,3.5388e-04,3.5388e-04,3.5388e-04,3.5388e-04,3.5388e-04,3.5388e-04,3.5388e-04,3.5388e-04,3.5388e-04,3.5388e-04,3.5388e-04,3.5388e-04,3.5388e-04,3.5388e-04,3.5321e-04,3.5321e-04,3.5321e-04,3.5321e-04,3.5321e-04,3.5321e-04,3.5321e-04,3.5321e-04,3.5388e-04,3.5388e-04,3.5388e-04,3.5388e-04,3.5388e-04,3.5388e-04,3.5388e-04,3.5388e-04,3.5388e-04,3.5388e-04,3.5388e-04,3.5388e-04,3.5388e-04,3.5388e-04
132.549,3.5388e-04,3.5388e-04,3.5388e-04,3.5388e-04,3.5388e-04,3.5388e-04,3.5388e-04,3.5388e-04,3.5388e-04,3.5388e-04,3.5388e-04,3.5388e-04,3.5388e-04,3.5388e-04,3.5388e-04,3.5321e-04,3.5321e-04,3.5321e-04,3.5321e-04,3.5321e-04,3.5321e-04,3.5321e-04,3.5321e-04,3.5388e-04,3.5388e-04,3.5388e-04,3.5388e-04,3.5388e-04,3.5388e-04,3.5388e-04,3.5388e-04,3.5388e-04,3.5388e-04,3.5388e-04,3.5388e-04,3.5388e-04,3.5388e-04
134.398,3.5388e-04,3.5388e-04,3.5388e-04,3.5388e-04,3.5388e-04,3.5388e-04,3.5388e-04,3.5388e-04,3.5388e-04,3.5388e-04,3.5388e-04,3.5388e-04,3.5388e-04,3.5388e-04,3.5388e-04,3.5321e-04,3.5321e-04,3.5321e-04,3.5321e-04,3.5321e-04,3.5321e-04,3.5321e-04,3.5321e-04,3.5388e-04,3.5388e-04,3.5388e-04,3.5388e-04,3.5388e-04,3.5388e-04,3.5388e-04,3.5388e-04,3.5388e-04,3.5388e-04,3.5388e-04,3.5388e-04,3.5388e-04,3.5388e-04
136.273,3.5388e-04,3.5388e-04,3.5388e-04,3.5388e-04,3.5388e-04,3.5388e-04,3.5388e-04,3.5388e-04,3.5388e-04,3.5388e-04,3.5388e-04,3.5388e-04,3.5388e-04,3.5388e-04,3.5388e-04,3.5321e-04,3.5321e-04,3.5321e-04,3.5321e-04,3.5321e-04,3.5321e-04,3.5321e-04,3.5321e-04,3.5388e-04,3.5388e-04,3.5388e-04,3.5388e-04,3.5388e-04,3.5388e-04,3.5388e-04,3.5388e-04,3.5388e-04,3.5388e-04,3.5388e-04,3.5388e-04,3.5388e-04,3.5388e-04
138.174,3.5388e-04,3.5388e-04,3.5388e-04,3.5388e-04,3.5388e-04,3.5388e-04,3.5388e-04,3.5388e-04,3.5388e-04,3.5388e-04,3.5388e-04,3.5388e-04,3.5388e-04,3.5388e-04,3.5388e-04,3.5321e-04,3.5321e-04,3.5321e-04,3.5321e-04,3.5321e-04,3.5321e-04,3.5321e-04,3.5321e-04,3.5388e-04,3.5388e-04,3.5388e-04,3.5388e-04,3.5388e-04,3.5388e-04,3.5388e-04,3.5388e-04,3.5388e-04,3.5388e-04,3.5388e-04,3.5388e-04,3.5388e-04,3.5388e-04
140.101,3.5388e-04,3.5388e-04,3.5388e-04,3.5388e-04,3.5388e-04,3.5388e-04,3.5388e-04,3.5388e-04,3.5388e-04,3.5388e-04,3.5388e-04,3.5388e-04,3.5388e-04,3.5388e-04,3.5388e-04,3.5321e-04,3.5321e-04,3.5321e-04,3.5321e-04,3.5321e-04,3.5321e-04,3.5321e-04,3.5321e-04,3.5388e-04,3.5388e-04,3.5388e-04,3.5388e-04,3.5388e-04,3.5388e-04,3.5388e-04,3.5388e-04,3.5388e-04,3.5388e-04,3.5388e-04,3.5388e-04,3.5388e-04,3.5388e-04
142.056,3.5388e-04,3.5388e-04,3.5388e-04,3.5388e-04,3.5388e-04,3.5388e-04,3.5388e-04,3.5388e-04,3.5388e-04,3.5388e-04,3.5388e-04,3.5388e-04,3.5388e-04,3.5388e-04,3.5388e-04,3.5321e-04,3.5321e-04,3.5321e-04,3.5321e-04,3.5321e-04,3.5321e-04,3.5321e-04,3.5321e-04,3.5388e-04,3.5388e-04,3.5388e-04,3.5388e-04,3.5388e-04,3.5388e-04,3.5388e-04,3.5388e-04,3.5388e-04,3.5388e-04,3.5388e-04,3.5388e-04,3.5388e-04,3.5388e-04
144.037,3.5388e-04,3.5388e-04,3.5388e-04,3.5388e-04,3.5388e-04,3.5388e-04,3.5388e-04,3.5388e-04,3.5388e-04,3.5388e-04,3.5388e-04,3.5388e-04,3.5388e-04,3.5388e-04,3.5388e-04,3.5321e-04,3.5321e-04,3.5321e-04,3.5321e-04,3.5321e-04,3.5321e-04,3.5321e-04,3.5321e-04,3.5388e-04,3.5388e-04,3.5388e-04,3.5388e-04,3.5388e-04,3.5388e-04,3.5388e-04,3.5388e-04,3.5388e-04,3.5388e-04,3.5388e-04,3.5388e-04,3.5388e-04,3.5388e-04
146.046,3.5388e-04,3.5388e-04,3.5388e-04,3.5388e-04,3.5388e-04,3.5388e-04,3.5388e-04,3.5388e-04,3.5388e-04,3.5388e-04,3.5388e-04,3.5388e-04,3.5388e-04,3.5388e-04,3.5388e-04,3.5321e-04,3.5321e-04,3.5321e-04,3.5321e-04,3.5321e-04,3.5321e-04,3.5321e-04,3.5321e-04,3.5388e-04,3.5388e-04,3.5388e-04,3.5388e-04,3.5388e-04,3.5388e-04,3.5388e-04,3.5388e-04,3.5388e-04,3.5388e-04,3.5388e-04,3.5388e-04,3.5388e-04,3.5388e-04
148.084,3.5388e-04,3.5388e-04,3.5388e-04,3.5388e-04,3.5388e-04,3.5388e-04,3.5388e-04,3.5388e-04,3.5388e-04,3.5388e-04,3.5388e-04,3.5388e-04,3.5388e-04,3.5388e-04,3.5388e-04,3.5321e-04,3.5321e-04,3.5321e-04,3.5321e-04,3.5321e-04,3.5321e-04,3.5321e-04,3.5321e-04,3.5388e-04,3.5388e-04,3.5388e-04,3.5388e-04,3.5388e-04,3.5388e-04,3.5388e-04,3.5388e-04,3.5388e-04,3.5388e-04,3.5388e-04,3.5388e-04,3.5388e-04,3.5388e-04
150.149,3.5388e-04,3.5388e-04,3.5388e-04,3.5388e-04,3.5388e-04,3.5388e-04,3.5388e-04,3.5388e-04,3.5388e-04,3.5388e-04,3.5388e-04,3.5388e-04,3.5388e-04,3.5388e-04,3.5388e-04,3.5321e-04,3.5321e-04,3.5321e-04,3.5321e-04,3.5321e-04,3.5321e-04,3.5321e-04,3.5321e-04,3.5388e-04,3.5388e-04,3.5388e-04,3.5388e-04,3.5388e-04,3.5388e-04,3.5388e-04,3.5388e-04,3.5388e-04,3.5388e-04,3.5388e-04,3.5388e-04,3.5388e-04,3.5388e-04
152.244,3.5388e-04,3.5388e-04,3.5388e-04,3.5388e-04,3.5388e-04,3.5388e-04,3.5388e-04,3.5388e-04,3.5388e-04,3.5388e-04,3.5388e-04,3.5388e-04,3.5388e-04,3.5388e-04,3.5388e-04,3.5321e-04,3.5321e-04,3.5321e-04,3.5321e-04,3.5321e-04,3.5321e-04,3.5321e-04,3.5321e-04,3.5388e-04,3.5388e-04,3.5388e-04,3.5388e-04,3.5388e-04,3.5388e-04,3.5388e-04,3.5388e-04,3.5388e-04,3.5388e-04,3.5388e-04,3.5388e-04,3.5388e-04,3.5388e-04
154.367,3.5388e-04,3.5388e-04,3.5388e-04,3.5388e-04,3.5388e-04,3.5388e-04,3.5388e-04,3.5388e-04,3.5388e-04,3.5388e-04,3.5388e-04,3.5388e-04,3.5388e-04,3.5388e-04,3.5388e-04,3.5321e-04,3.5321e-04,3.5321e-04,3.5321e-04,3.5321e-04,3.5321e-04,3.5321e-04,3.5321e-04,3.5388e-04,3.5388e-04,3.5388e-04,3.5388e-04,3.5388e-04,3.5388e-04,3.5388e-04,3.5388e-04,3.5388e-04,3.5388e-04,3.5388e-04,3.5388e-04,3.5388e-04,3.5388e-04
156.521,3.5388e-04,3.5388e-04,3.5388e-04,3.5388e-04,3.5388e-04,3.5388e-04,3.5388e-04,3.5388e-04,3.5388e-04,3.5388e-04,3.5388e-04,3.5388e-04,3.5388e-04,3.5388e-04,3.5388e-04,3.5321e-04,3.5321e-04,3.5321e-04,3.5321e-04,3.5321e-04,3.5321e-04,3.5321e-04,3.5321e-04,3.5388e-04,3.5388e-04,3.5388e-04,3.5388e-04,3.5388e-04,3.5388e-04,3.5388e-04,3.5388e-04,3.5388e-04,3.5388e-04,3.5388e-04,3.5388e-04,3.5388e-04,3.5388e-04
158.704,3.5388e-04,3.5388e-04,3.5388e-04,3.5388e-04,3.5388e-04,3.5388e-04,3.5388e-04,3.5388e-04,3.5388e-04,3.5388e-04,3.5388e-04,3.5388e-04,3.5388e-04,3.5388e-04,3.5388e-04,3.5321e-04,3.5321e-04,3.5321e-04,3.5321e-04,3.5321e-04,3.5321e-04,3.5321e-04,3.5321e-04,3.5388e-04,3.5388e-04,3.5388e-04,3.5388e-04,3.5388e-04,3.5388e-04,3.5388e-04,3.5388e-04,3.5388e-04,3.5388e-04,3.5388e-04,3.5388e-04,3.5388e-04,3.5388e-04
160.918,3.5388e-04,3.5388e-04,3.5388e-04,3.5388e-04,3.5388e-04,3.5388e-04,3.5388e-04,3.5388e-04,3.5388e-04,3.5388e-04,3.5388e-04,3.5388e-04,3.5388e-04,3.5388e-04,3.5388e-04,3.5321e-04,3.5321e-04,3.5321e-04,3.5321e-04,3.5321e-04,3.5321e-04,3.5321e-04,3.5321e-04,3.5388e-04,3.5388e-04,3.5388e-04,3.5388e-04,3.5388e-04,3.5388e-04,3.5388e-04,3.5388e-04,3.5388e-04,3.5388e-04,3.5388e-04,3.5388e-04,3.5388e-04,3.5388e-04
163.162,3.5388e-04,3.5388e-04,3.5388e-04,3.5388e-04,3.5388e-04,3.5388e-04,3.5388e-04,3.5388e-04,3.5388e-04,3.5388e-04,3.5388e-04,3.5388e-04,3.5388e-04,3.5388e-04,3.5388e-04,3.5321e-04,3.5321e-04,3.5321e-04,3.5321e-04,3.5321e-04,3.5321e-04,3.5321e-04,3.5321e-04,3.5388e-04,3.5388e-04,3.5388e-04,3.5388e-04,3.5388e-04,3.5388e-04,3.5388e-04,3.5388e-04,3.5388e-04,3.5388e-04,3.5388e-04,3.5388e-04,3.5388e-04,3.5388e-04
165.438,3.5388e-04,3.5388e-04,3.5388e-04,3.5388e-04,3.5388e-04,3.5388e-04,3.5388e-04,3.5388e-04,3.5388e-04,3.5388e-04,3.5388e-04,3.5388e-04,3.5388e-04,3.5388e-04,3.5388e-04,3.5321e-04,3.5321e-04,3.5321e-04,3.5321e-04,3.5321e-04,3.5321e-04,3.5321e-04,3.5321e-04,3.5388e-04,3.5388e-04,3.5388e-04,3.5388e-04,3.5388e-04,3.5388e-04,3.5388e-04,3.5388e-04,3.5388e-04,3.5388e-04,3.5388e-04,3.5388e-04,3.5388e-04,3.5388e-04
167.746,3.5388e-04,3.5388e-04,3.5388e-04,3.5388e-04,3.5388e-04,3.5388e-04,3.5388e-04,3.5388e-04,3.5388e-04,3.5388e-04,3.5388e-04,3.5388e-04,3.5388e-04,3.5388e-04,3.5388e-04,3.5321e-04,3.5321e-04,3.5321e-04,3.5321e-04,3.5321e-04,3.5321e-04,3.5321e-04,3.5321e-04,3.5388e-04,3.5388e-04,3.5388e-04,3.5388e-04,3.5388e-04,3.5388e-04,3.5388e-04,3.5388e-04,3.5388e-04,3.5388e-04,3.5388e-04,3.5388e-04,3.5388e-04,3.5388e-04
170.086,3.5388e-04,3.5388e-04,3.5388e-04,3.5388e-04,3.5388e-04,3.5388e-04,3.5388e-04,3.5388e-04,3.5388e-04,3.5388e-04,3.5388e-04,3.5388e-04,3.5388e-04,3.5388e-04,3.5388e-04,3.5321e-04,3.5321e-04,3.5321e-04,3.5321e-04,3.5321e-04,3.5321e-04,3.5321e-04,3.5321e-04,3.5388e-04,3.5388e-04,3.5388e-04,3.5388e-04,3.5388e-04,3.5388e-04,3.5388e-04,3.5388e-04,3.5388e-04,3.5388e-04,3.5388e-04,3.5388e-04,3.5388e-04,3.5388e-04
172.458,3.5388e-04,3.5388e-04,3.5388e-04,3.5388e-04,3.5388e-04,3.5388e-04,3.5388e-04,3.5388e-04,3.5388e-04,3.5388e-04,3.5388e-04,3.5388e-04,3.5388e-04,3.5388e-04,3.5388e-04,3.5321e-04,3.5321e-04,3.5321e-04,3.5321e-04,3.5321e-04,3.5321e-04,3.5321e-04,3.5321e-04,3.5388e-04,3.5388e-04,3.5388e-04,3.5388e-04,3.5388e-04,3.5388e-04,3.5388e-04,3.5388e-04,3.5388e-04,3.5388e-04,3.5388e-04,3.5388e-04,3.5388e-04,3.5388e-04
174.864,3.5388e-04,3.5388e-04,3.5388e-04,3.5388e-04,3.5388e-04,3.5388e-04,3.5388e-04,3.5388e-04,3.5388e-04,3.5388e-04,3.5388e-04,3.5388e-04,3.5388e-04,3.5388e-04,3.5388e-04,3.5321e-04,3.5321e-04,3.5321e-04,3.5321e-04,3.5321e-04,3.5321e-04,3.5321e-04,3.5321e-04,3.5388e-04,3.5388e-04,3.5388e-04,3.5388e-04,3.5388e-04,3.5388e-04,3.5388e-04,3.5388e-04,3.5388e-04,3.5388e-04,3.5388e-04,3.5388e-04,3.5388e-04,3.5388e-04
177.303,3.5388e-04,3.5388e-04,3.5388e-04,3.5388e-04,3.5388e-04,3.5388e-04,3.5388e-04,3.5388e-04,3.5388e-04,3.5388e-04,3.5388e-04,3.5388e-04,3.5388e-04,3.5388e-04,3.5388e-04,3.5321e-04,3.5321e-04,3.5321e-04,3.5321e-04,3.5321e-04,3.5321e-04,3.5321e-04,3.5321e-04,3.5388e-04,3.5388e-04,3.5388e-04,3.5388e-04,3.5388e-04,3.5388e-04,3.5388e-04,3.5388e-04,3.5388e-04,3.5388e-04,3.5388e-04,3.5388e-04,3.5388e-04,3.5388e-04
179.776,3.5388e-04,3.5388e-04,3.5388e-04,3.5388e-04,3.5388e-04,3.5388e-04,3.5388e-04,3.5388e-04,3.5388e-04,3.5388e-04,3.5388e-04,3.5388e-04,3.5388e-04,3.5388e-04,3.5388e-04,3.5321e-04,3.5321e-04,3.5321e-04,3.5321e-04,3.5321e-04,3.5321e-04,3.5321e-04,3.5321e-04,3.5388e-04,3.5388e-04,3.5388e-04,3.5388e-04,3.5388e-04,3.5388e-04,3.5388e-04,3.5388e-04,3.5388e-04,3.5388e-04,3.5388e-04,3.5388e-04,3.5388e-04,3.5388e-04
182.284,3.5388e-04,3.5388e-04,3.5388e-04,3.5388e-04,3.5388e-04,3.5388e-04,3.5388e-04,3.5388e-04,3.5388e-04,3.5388e-04,3.5388e-04,3.5388e-04,3.5388e-04,3.5388e-04,3.5388e-04,3.5321e-04,3.5321e-04,3.5321e-04,3.5321e-04,3.5321e-04,3.5321e-04,3.5321e-04,3.5321e-04,3.5388e-04,3.5388e-04,3.5388e-04,3.5388e-04,3.5388e-04,3.5388e-04,3.5388e-04,3.5388e-04,3.5388e-04,3.5388e-04,3.5388e-04,3.5388e-04,3.5388e-04,3.5388e-04
184.827,3.5388e-04,3.5388e-04,3.5388e-04,3.5388e-04,3.5388e-04,3.5388e-04,3.5388e-04,3.5388e-04,3.5388e-04,3.5388e-04,3.5388e-04,3.5388e-04,3.5388e-04,3.5388e-04,3.5388e-04,3.5321e-04,3.5321e-04,3.5321e-04,3.5321e-04,3.5321e-04,3.5321e-04,3.5321e-04,3.5321e-04,3.5388e-04,3.5388e-04,3.5388e-04,3.5388e-04,3.5388e-04,3.5388e-04,3.5388e-04,3.5388e-04,3.5388e-04,3.5388e-04,3.5388e-04,3.5388e-04,3.5388e-04,3.5388e-04
187.405,3.5388e-04,3.5388e-04,3.5388e-04,3.5388e-04,3.5388e-04,3.5388e-04,3.5388e-04,3.5388e-04,3.5388e-04,3.5388e-04,3.5388e-04,3.5388e-04,3.5388e-04,3.5388e-04,3.5388e-04,3.5321e-04,3.5321e-04,3.5321e-04,3.5321e-04,3.5321e-04,3.5321e-04,3.5321e-04,3.5321e-04,3.5388e-04,3.5388e-04,3.5388e-04,3.5388e-04,3.5388e-04,3.5388e-04,3.5388e-04,3.5388e-04,3.5388e-04,3.5388e-04,3.5388e-04,3.5388e-04,3.5388e-04,3.5388e-04
190.019,3.5388e-04,3.5388e-04,3.5388e-04,3.5388e-04,3.5388e-04,3.5388e-04,3.5388e-04,3.5388e-04,3.5388e-04,3.5388e-04,3.5388e-04,3.5388e-04,3.5388e-04,3.5388e-04,3.5388e-04,3.5321e-04,3.5321e-04,3.5321e-04,3.5321e-04,3.5321e-04,3.5321e-04,3.5321e-04,3.5321e-04,3.5388e-04,3.5388e-04,3.5388e-04,3.5388e-04,3.5388e-04,3.5388e-04,3.5388e-04,3.5388e-04,3.5388e-04,3.5388e-04,3.5388e-04,3.5388e-04,3.5388e-04,3.5388e-04
192.67,3.5388e-04,3.5388e-04,3.5388e-04,3.5388e-04,3.5388e-04,3.5388e-04,3.5388e-04,3.5388e-04,3.5388e-04,3.5388e-04,3.5388e-04,3.5388e-04,3.5388e-04,3.5388e-04,3.5388e-04,3.5321e-04,3.5321e-04,3.5321e-04,3.5321e-04,3.5321e-04,3.5321e-04,3.5321e-04,3.5321e-04,3.5388e-04,3.5388e-04,3.5388e-04,3.5388e-04,3.5388e-04,3.5388e-04,3.5388e-04,3.5388e-04,3.5388e-04,3.5388e-04,3.5388e-04,3.5388e-04,3.5388e-04,3.5388e-04
195.357,3.5388e-04,3.5388e-04,3.5388e-04,3.5388e-04,3.5388e-04,3.5388e-04,3.5388e-04,3.5388e-04,3.5388e-04,3.5388e-04,3.5388e-04,3.5388e-04,3.5388e-04,3.5388e-04,3.5388e-04,3.5321e-04,3.5321e-04,3.5321e-04,3.5321e-04,3.5321e-04,3.5321e-04,3.5321e-04,3.5321e-04,3.5388e-04,3.5388e-04,3.5388e-04,3.5388e-04,3.5388e-04,3.5388e-04,3.5388e-04,3.5388e-04,3.5388e-04,3.5388e-04,3.5388e-04,3.5388e-04,3.5388e-04,3.5388e-04
198.082,3.5388e-04,3.5388e-04,3.5388e-04,3.5388e-04,3.5388e-04,3.5388e-04,3.5388e-04,3.5388e-04,3.5388e-04,3.5388e-04,3.5388e-04,3.5388e-04,3.5388e-04,3.5388e-04,3.5388e-04,3.5321e-04,3.5321e-04,3.5321e-04,3.5321e-04,3.5321e-04,3.5321e-04,3.5321e-04,3.5321e-04,3.5388e-04,3.5388e-04,3.5388e-04,3.5388e-04,3.5388e-04,3.5388e-04,3.5388e-04,3.5388e-04,3.5388e-04,3.5388e-04,3.5388e-04,3.5388e-04,3.5388e-04,3.5388e-04
