pressure_bar,PC_lat-49.3,PC_lat-46.2,PC_lat-43.0,PC_lat-39.9,PC_lat-36.8,PC_lat-33.9,PC_lat-31.1,PC_lat-28.3,PC_lat-25.6,PC_lat-23.0,PC_lat-20.4,PC_lat-17.9,PC_lat-15.4,PC_lat-12.9,PC_lat-10.5,PC_lat-8.1,PC_lat-5.7,PC_lat-3.3,PC_lat-0.9,PC_lat+1.5,PC_lat+3.9,PC_lat+6.3,PC_lat+8.7,PC_lat+11.1,PC_lat+13.6,PC_lat+16.0,PC_lat+18.5,PC_lat+21.1,PC_lat+23.6,PC_lat+26.3,PC_lat+29.0,PC_lat+31.7,PC_lat+34.6,PC_lat+37.6,PC_lat+40.6,PC_lat+43.8,PC_lat+47.0
0.101395,3.0265e-08,7.3125e-09,2.7631e-08,2.5707e-08,2.0325e-08,1.8505e-08,2.8448e-08,2.2415e-08,1.4320e-08,6.2157e-09,9.1351e-09,4.9446e-09,5.3291e-09,7.8171e-09,1.5370e-08,2.2244e-08,3.7377e-08,1.9488e-08,7.9057e-09,1.7090e-08,1.8556e-08,8.9066e-09,3.0641e-09,8.0081e-09,7.8729e-09,1.9819e-08,2.6089e-08,1.4814e-08,1.0841e-08,2.3928e-08,1.8997e-08,2.5305e-08,1.4911e-08,2.9326e-08,2.2560e-08,2.8817e-08,2.1971e-08
0.102809,3.0265e-08,7.4751e-09,2.7631e-08,2.5707e-08,2.0325e-08,1.8505e-08,2.8448e-08,2.2449e-08,1.4392e-08,6.3067e-09,9.1532e-09,4.9645e-09,5.3306e-09,7.8171e-09,1.5370e-08,2.2244e-08,3.7377e-08,1.9539e-08,7.9863e-09,1.7348e-08,1.8452e-08,9.0467e-09,3.1146e-09,8.0978e-09,7.9352e-09,1.9819e-08,2.6089e-08,1.4816e-08,1.0858e-08,2.3928e-08,1.8997e-08,2.5305e-08,1.5094e-08,2.9326e-08,2.2560e-08,2.8817e-08,2.1971e-08
0.104243,3.0265e-08,7.6410e-09,2.7631e-08,2.5707e-08,2.0325e-08,1.8505e-08,2.8448e-08,2.2485e-08,1.4463e-08,6.3989e-09,9.1712e-09,4.9842e-09,5.3321e-09,7.8171e-09,1.5370e-08,2.2244e-08,3.7377e-08,1.9590e-08,8.0676e-09,1.7609e-08,1.8348e-08,9.1889e-09,3.1658e-09,8.1885e-09,7.9978e-09,1.9819e-08,2.6089e-08,1.4817e-08,1.0875e-08,2.3928e-08,1.8997e-08,2.5305e-08,1.5277e-08,2.9326e-08,2.2560e-08,2.8817e-08,2.1971e-08
0.105697,3.0265e-08,7.8103e-09,2.7631e-08,2.5707e-08,2.0325e-08,1.8505e-08,2.8448e-08,2.2519e-08,1.4536e-08,6.4923e-09,9.1893e-09,5.0042e-09,5.3335e-09,7.8171e-09,1.5370e-08,2.2244e-08,3.7377e-08,1.9641e-08,8.1496e-09,1.7873e-08,1.8246e-08,9.3331e-09,3.2179e-09,8.2799e-09,8.0609e-09,1.9819e-08,2.6090e-08,1.4818e-08,1.0893e-08,2.3928e-08,1.8997e-08,2.5305e-08,1.5464e-08,2.9326e-08,2.2560e-08,2.8817e-08,2.1971e-08
0.107172,3.0265e-08,7.9830e-09,2.7631e-08,2.5707e-08,2.0325e-08,1.8505e-08,2.8448e-08,2.2554e-08,1.4608e-08,6.5869e-09,9.2073e-09,5.0240e-09,5.3350e-09,7.8171e-09,1.5370e-08,2.2244e-08,3.7377e-08,1.9691e-08,8.2323e-09,1.8140e-08,1.8143e-08,9.4793e-09,3.2706e-09,8.3723e-09,8.1243e-09,1.9819e-08,2.6090e-08,1.4819e-08,1.0910e-08,2.3928e-08,1.8997e-08,2.5305e-08,1.5651e-08,2.9326e-08,2.2560e-08,2.8817e-08,2.1971e-08
0.108667,3.0265e-08,8.1593e-09,2.7631e-08,2.5707e-08,2.0325e-08,1.8505e-08,2.8448e-08,2.2588e-08,1.4681e-08,6.6826e-09,9.2252e-09,5.0440e-09,5.3364e-09,7.8171e-09,1.5370e-08,2.2244e-08,3.7377e-08,1.9742e-08,8.3156e-09,1.8412e-08,1.8041e-08,9.6278e-09,3.3241e-09,8.4655e-09,8.1881e-09,1.9819e-08,2.6090e-08,1.4820e-08,1.0927e-08,2.3928e-08,1.8997e-08,2.5305e-08,1.5842e-08,2.9326e-08,2.2560e-08,2.8817e-08,2.1971e-08
0.110183,3.0265e-08,8.3391e-09,2.7631e-08,2.5707e-08,2.0325e-08,1.8505e-08,2.8448e-08,2.2622e-08,1.4753e-08,6.7797e-09,9.2431e-09,5.0640e-09,5.3378e-09,7.8171e-09,1.5370e-08,2.2244e-08,3.7377e-08,1.9793e-08,8.3998e-09,1.8687e-08,1.7939e-08,9.7773e-09,3.3785e-09,8.5597e-09,8.2523e-09,1.9819e-08,2.6090e-08,1.4821e-08,1.0944e-08,2.3928e-08,1.8997e-08,2.5305e-08,1.6034e-08,2.9326e-08,2.2560e-08,2.8817e-08,2.1971e-08
0.11172,3.0265e-08,8.5226e-09,2.7631e-08,2.5707e-08,2.0325e-08,1.8505e-08,2.8448e-08,2.2656e-08,1.4826e-08,6.8780e-09,9.2610e-09,5.0840e-09,5.3391e-09,7.8171e-09,1.5370e-08,2.2244e-08,3.7377e-08,1.9843e-08,8.4846e-09,1.8965e-08,1.7838e-08,9.9296e-09,3.4336e-09,8.6546e-09,8.3169e-09,1.9819e-08,2.6090e-08,1.4821e-08,1.0961e-08,2.3928e-08,1.8997e-08,2.5305e-08,1.6228e-08,2.9326e-08,2.2560e-08,2.8817e-08,2.1971e-08
0.113278,3.0265e-08,8.7219e-09,2.7631e-08,2.5707e-08,2.0325e-08,1.8505e-08,2.8462e-08,2.2715e-08,1.4918e-08,6.9885e-09,9.2968e-09,5.1182e-09,5.3551e-09,7.8171e-09,1.5370e-08,2.2244e-08,3.7377e-08,1.9935e-08,8.5848e-09,1.9287e-08,1.7764e-08,1.0102e-08,3.4958e-09,8.7711e-09,8.3961e-09,1.9819e-08,2.6090e-08,1.4849e-08,1.0999e-08,2.3928e-08,1.8997e-08,2.5305e-08,1.6463e-08,2.9326e-08,2.2560e-08,2.8817e-08,2.1971e-08
0.114858,3.0265e-08,8.9946e-09,2.7631e-08,2.5707e-08,2.0391e-08,1.8611e-08,2.8683e-08,2.2913e-08,1.5111e-08,7.1633e-09,9.4334e-09,5.2336e-09,5.4533e-09,7.9119e-09,1.5613e-08,2.2418e-08,3.7520e-08,2.0259e-08,8.7694e-09,1.9837e-08,1.7834e-08,1.0379e-08,3.5951e-09,9.0062e-09,8.5574e-09,1.9939e-08,2.6278e-08,1.5022e-08,1.1159e-08,2.4098e-08,1.9119e-08,2.5365e-08,1.6925e-08,2.9526e-08,2.2560e-08,2.8860e-08,2.1971e-08
0.11646,3.0265e-08,9.2754e-09,2.7631e-08,2.5707e-08,2.0459e-08,1.8718e-08,2.8906e-08,2.3112e-08,1.5305e-08,7.3421e-09,9.5723e-09,5.3513e-09,5.5532e-09,8.0076e-09,1.5860e-08,2.2594e-08,3.7664e-08,2.0589e-08,8.9577e-09,2.0402e-08,1.7904e-08,1.0662e-08,3.6972e-09,9.2471e-09,8.7215e-09,2.0060e-08,2.6468e-08,1.5197e-08,1.1320e-08,2.4268e-08,1.9241e-08,2.5427e-08,1.7400e-08,2.9728e-08,2.2560e-08,2.8903e-08,2.1971e-08
0.118085,3.0265e-08,9.5639e-09,2.7631e-08,2.5707e-08,2.0525e-08,1.8825e-08,2.9130e-08,2.3312e-08,1.5502e-08,7.5251e-09,9.7131e-09,5.4715e-09,5.6546e-09,8.1043e-09,1.6110e-08,2.2770e-08,3.7807e-08,2.0922e-08,9.1496e-09,2.0981e-08,1.7974e-08,1.0953e-08,3.8018e-09,9.4940e-09,8.8883e-09,2.0183e-08,2.6658e-08,1.5374e-08,1.1483e-08,2.4439e-08,1.9363e-08,2.5488e-08,1.7887e-08,2.9930e-08,2.2560e-08,2.8945e-08,2.1972e-08
0.119732,3.0265e-08,9.8614e-09,2.7631e-08,2.5707e-08,2.0592e-08,1.8933e-08,2.9356e-08,2.3513e-08,1.5702e-08,7.7122e-09,9.8549e-09,5.5941e-09,5.7577e-09,8.2021e-09,1.6365e-08,2.2948e-08,3.7951e-08,2.1261e-08,9.3457e-09,2.1576e-08,1.8044e-08,1.1252e-08,3.9092e-09,9.7467e-09,9.0581e-09,2.0305e-08,2.6849e-08,1.5553e-08,1.1649e-08,2.4611e-08,1.9486e-08,2.5549e-08,1.8386e-08,3.0133e-08,2.2560e-08,2.8988e-08,2.1972e-08
0.121402,3.0265e-08,1.0168e-08,2.7631e-08,2.5707e-08,2.0659e-08,1.9041e-08,2.9582e-08,2.3716e-08,1.5903e-08,7.9038e-09,9.9994e-09,5.7192e-09,5.8627e-09,8.3008e-09,1.6622e-08,2.3126e-08,3.8095e-08,2.1604e-08,9.5447e-09,2.2187e-08,1.8114e-08,1.1557e-08,4.0195e-09,1.0007e-08,9.2308e-09,2.0428e-08,2.7042e-08,1.5733e-08,1.1816e-08,2.4784e-08,1.9609e-08,2.5610e-08,1.8898e-08,3.0337e-08,2.2560e-08,2.9030e-08,2.1972e-08
0.123095,3.0265e-08,1.0482e-08,2.7631e-08,2.5707e-08,2.0725e-08,1.9149e-08,2.9810e-08,2.3920e-08,1.6106e-08,8.0996e-09,1.0145e-08,5.8470e-09,5.9693e-09,8.4006e-09,1.6883e-08,2.3307e-08,3.8239e-08,2.1953e-08,9.7484e-09,2.2814e-08,1.8184e-08,1.1870e-08,4.1326e-09,1.0272e-08,9.4063e-09,2.0551e-08,2.7235e-08,1.5915e-08,1.1986e-08,2.4958e-08,1.9733e-08,2.5671e-08,1.9424e-08,3.0542e-08,2.2560e-08,2.9073e-08,2.1972e-08
0.124813,3.0265e-08,1.0807e-08,2.7632e-08,2.5707e-08,2.0792e-08,1.9257e-08,3.0039e-08,2.4126e-08,1.6313e-08,8.3000e-09,1.0293e-08,5.9774e-09,6.0777e-09,8.5014e-09,1.7148e-08,2.3487e-08,3.8382e-08,2.2306e-08,9.9558e-09,2.3457e-08,1.8255e-08,1.2192e-08,4.2487e-09,1.0544e-08,9.5854e-09,2.0674e-08,2.7430e-08,1.6099e-08,1.2157e-08,2.5132e-08,1.9858e-08,2.5732e-08,1.9963e-08,3.0748e-08,2.2560e-08,2.9115e-08,2.1972e-08
0.126554,3.0265e-08,1.1140e-08,2.7632e-08,2.5707e-08,2.0860e-08,1.9367e-08,3.0270e-08,2.4332e-08,1.6521e-08,8.5050e-09,1.0443e-08,6.1104e-09,6.1878e-09,8.6032e-09,1.7417e-08,2.3669e-08,3.8527e-08,2.2665e-08,1.0168e-08,2.4118e-08,1.8325e-08,1.2520e-08,4.3678e-09,1.0824e-08,9.7672e-09,2.0799e-08,2.7626e-08,1.6285e-08,1.2332e-08,2.5308e-08,1.9983e-08,2.5793e-08,2.0516e-08,3.0955e-08,2.2560e-08,2.9157e-08,2.1972e-08
0.128319,3.0265e-08,1.1483e-08,2.7632e-08,2.5707e-08,2.0926e-08,1.9477e-08,3.0502e-08,2.4541e-08,1.6731e-08,8.7146e-09,1.0594e-08,6.2462e-09,6.2998e-09,8.7061e-09,1.7689e-08,2.3851e-08,3.8672e-08,2.3028e-08,1.0383e-08,2.4795e-08,1.8396e-08,1.2859e-08,4.4901e-09,1.1109e-08,9.9518e-09,2.0923e-08,2.7822e-08,1.6472e-08,1.2508e-08,2.5484e-08,2.0109e-08,2.5853e-08,2.1084e-08,3.1164e-08,2.2560e-08,2.9199e-08,2.1972e-08
0.130109,3.0265e-08,1.1819e-08,2.7632e-08,2.5707e-08,2.0979e-08,1.9572e-08,3.0700e-08,2.4714e-08,1.6922e-08,8.9232e-09,1.0752e-08,6.3983e-09,6.4252e-09,8.8213e-09,1.8009e-08,2.4089e-08,3.8891e-08,2.3413e-08,1.0594e-08,2.5498e-08,1.8450e-08,1.3197e-08,4.6123e-09,1.1411e-08,1.0133e-08,2.1019e-08,2.7990e-08,1.6653e-08,1.2685e-08,2.5636e-08,2.0220e-08,2.5899e-08,2.1695e-08,3.1358e-08,2.2560e-08,2.9227e-08,2.1972e-08
0.131924,3.0265e-08,1.2136e-08,2.7632e-08,2.5707e-08,2.1008e-08,1.9644e-08,3.0845e-08,2.4825e-08,1.7079e-08,9.1265e-09,1.0915e-08,6.5767e-09,6.5726e-09,8.9566e-09,1.8408e-08,2.4418e-08,3.9234e-08,2.3830e-08,1.0794e-08,2.6231e-08,1.8476e-08,1.3531e-08,4.7324e-09,1.1739e-08,1.0302e-08,2.1067e-08,2.8107e-08,1.6820e-08,1.2863e-08,2.5748e-08,2.0307e-08,2.5920e-08,2.2372e-08,3.1528e-08,2.2560e-08,2.9232e-08,2.1972e-08
0.133764,3.0265e-08,1.2461e-08,2.7632e-08,2.5707e-08,2.1038e-08,1.9716e-08,3.0989e-08,2.4936e-08,1.7238e-08,9.3345e-09,1.1081e-08,6.7596e-09,6.7231e-09,9.0937e-09,1.8815e-08,2.4749e-08,3.9579e-08,2.4253e-08,1.0997e-08,2.6984e-08,1.8503e-08,1.3873e-08,4.8553e-09,1.2074e-08,1.0476e-08,2.1114e-08,2.8226e-08,1.6989e-08,1.3042e-08,2.5859e-08,2.0394e-08,2.5942e-08,2.3069e-08,3.1698e-08,2.2560e-08,2.9237e-08,2.1972e-08
0.13563,3.0265e-08,1.2794e-08,2.7632e-08,2.5707e-08,2.1067e-08,1.9789e-08,3.1134e-08,2.5047e-08,1.7396e-08,9.5462e-09,1.1250e-08,6.9475e-09,6.8767e-09,9.2328e-09,1.9231e-08,2.5086e-08,3.9927e-08,2.4684e-08,1.1203e-08,2.7757e-08,1.8529e-08,1.4224e-08,4.9812e-09,1.2418e-08,1.0651e-08,2.1162e-08,2.8344e-08,1.7158e-08,1.3225e-08,2.5971e-08,2.0481e-08,2.5962e-08,2.3785e-08,3.1870e-08,2.2560e-08,2.9242e-08,2.1972e-08
0.137522,3.0265e-08,1.3135e-08,2.7632e-08,2.5707e-08,2.1095e-08,1.9861e-08,3.1279e-08,2.5158e-08,1.7557e-08,9.7625e-09,1.1421e-08,7.1400e-09,7.0335e-09,9.3737e-09,1.9656e-08,2.5426e-08,4.0277e-08,2.5121e-08,1.1413e-08,2.8551e-08,1.8555e-08,1.4582e-08,5.1101e-09,1.2773e-08,1.0829e-08,2.1209e-08,2.8462e-08,1.7330e-08,1.3409e-08,2.6083e-08,2.0569e-08,2.5983e-08,2.4522e-08,3.2041e-08,2.2560e-08,2.9247e-08,2.1972e-08
0.13944,3.0265e-08,1.3484e-08,2.7632e-08,2.5707e-08,2.1124e-08,1.9934e-08,3.1424e-08,2.5170e-08,1.7718e-08,9.9836e-09,1.1593e-08,7.3376e-09,7.1937e-09,9.5164e-09,2.0088e-08,2.5770e-08,4.0629e-08,2.5566e-08,1.1627e-08,2.9366e-08,1.8581e-08,1.4949e-08,5.2421e-09,1.3135e-08,1.1009e-08,2.1257e-08,2.8581e-08,1.7502e-08,1.3595e-08,2.6194e-08,2.0656e-08,2.6003e-08,2.5282e-08,3.2214e-08,2.2560e-08,2.9251e-08,2.1972e-08
0.141385,3.0265e-08,1.3842e-08,2.7632e-08,2.5707e-08,2.1153e-08,2.0006e-08,3.1570e-08,2.5170e-08,1.7880e-08,1.0209e-08,1.1768e-08,7.5403e-09,7.3573e-09,9.6609e-09,2.0529e-08,2.6117e-08,4.0984e-08,2.6017e-08,1.1845e-08,3.0202e-08,1.8607e-08,1.5324e-08,5.3773e-09,1.3508e-08,1.1193e-08,2.1304e-08,2.8700e-08,1.7677e-08,1.3785e-08,2.6307e-08,2.0744e-08,2.6024e-08,2.6063e-08,3.2386e-08,2.2560e-08,2.9255e-08,2.1972e-08
0.143357,3.0265e-08,1.4210e-08,2.7632e-08,2.5707e-08,2.1182e-08,2.0079e-08,3.1716e-08,2.5170e-08,1.8044e-08,1.0439e-08,1.1947e-08,7.7481e-09,7.5242e-09,9.8082e-09,2.0980e-08,2.6469e-08,4.1341e-08,2.6476e-08,1.2065e-08,3.1060e-08,1.8633e-08,1.5708e-08,5.5157e-09,1.3891e-08,1.1380e-08,2.1352e-08,2.8819e-08,1.7852e-08,1.3976e-08,2.6420e-08,2.0832e-08,2.6043e-08,2.6866e-08,3.2560e-08,2.2560e-08,2.9260e-08,2.1972e-08
0.145357,3.0265e-08,1.4586e-08,2.7632e-08,2.5707e-08,2.1211e-08,2.0152e-08,3.1862e-08,2.5170e-08,1.8209e-08,1.0674e-08,1.2126e-08,7.9613e-09,7.6946e-09,9.9565e-09,2.1440e-08,2.6826e-08,4.1702e-08,2.6942e-08,1.2291e-08,3.1941e-08,1.8659e-08,1.6102e-08,5.6573e-09,1.4283e-08,1.1568e-08,2.1399e-08,2.8938e-08,1.8029e-08,1.4169e-08,2.6533e-08,2.0919e-08,2.6064e-08,2.7692e-08,3.2733e-08,2.2560e-08,2.9263e-08,2.1972e-08
0.147385,3.0266e-08,1.4971e-08,2.7632e-08,2.5707e-08,2.1239e-08,2.0224e-08,3.2009e-08,2.5170e-08,1.8375e-08,1.0913e-08,1.2308e-08,8.1800e-09,7.8686e-09,1.0108e-08,2.1908e-08,2.7186e-08,4.2064e-08,2.7415e-08,1.2519e-08,3.2846e-08,1.8685e-08,1.6503e-08,5.8024e-09,1.4686e-08,1.1760e-08,2.1446e-08,2.9058e-08,1.8207e-08,1.4365e-08,2.6646e-08,2.1008e-08,2.6071e-08,2.8543e-08,3.2909e-08,2.2560e-08,2.9267e-08,2.1972e-08
0.14944,3.0266e-08,1.5335e-08,2.7632e-08,2.5707e-08,2.1273e-08,2.0289e-08,3.2116e-08,2.5170e-08,1.8517e-08,1.1153e-08,1.2509e-08,8.4232e-09,8.0657e-09,1.0278e-08,2.2450e-08,2.7631e-08,4.2569e-08,2.7925e-08,1.2734e-08,3.3775e-08,1.8697e-08,1.6898e-08,5.9382e-09,1.5097e-08,1.1936e-08,2.1466e-08,2.9156e-08,1.8376e-08,1.4558e-08,2.6726e-08,2.1077e-08,2.6071e-08,2.9434e-08,3.3064e-08,2.2560e-08,2.9279e-08,2.1972e-08
0.151525,3.0266e-08,1.5689e-08,2.7632e-08,2.5707e-08,2.1308e-08,2.0348e-08,3.2197e-08,2.5170e-08,1.8641e-08,1.1392e-08,1.2722e-08,8.6861e-09,8.2807e-09,1.0463e-08,2.3049e-08,2.8134e-08,4.3174e-08,2.8462e-08,1.2942e-08,3.4727e-08,1.8699e-08,1.7289e-08,6.0683e-09,1.5519e-08,1.2104e-08,2.1467e-08,2.9240e-08,1.8539e-08,1.4752e-08,2.6784e-08,2.1135e-08,2.6071e-08,3.0364e-08,3.3209e-08,2.2560e-08,2.9297e-08,2.1972e-08
0.153639,3.0266e-08,1.6050e-08,2.7632e-08,2.5707e-08,2.1344e-08,2.0405e-08,3.2277e-08,2.5170e-08,1.8766e-08,1.1636e-08,1.2939e-08,8.9567e-09,8.5010e-09,1.0651e-08,2.3663e-08,2.8646e-08,4.3787e-08,2.9009e-08,1.3152e-08,3.5706e-08,1.8702e-08,1.7689e-08,6.2012e-09,1.5951e-08,1.2274e-08,2.1468e-08,2.9324e-08,1.8704e-08,1.4948e-08,2.6842e-08,2.1192e-08,2.6071e-08,3.1321e-08,3.3353e-08,2.2560e-08,2.9314e-08,2.1972e-08
0.155782,3.0266e-08,1.6418e-08,2.7632e-08,2.5708e-08,2.1380e-08,2.0464e-08,3.2357e-08,2.5170e-08,1.8892e-08,1.1885e-08,1.3159e-08,9.2352e-09,8.7267e-09,1.0842e-08,2.4291e-08,2.9167e-08,4.4408e-08,2.9566e-08,1.3366e-08,3.6709e-08,1.8704e-08,1.8097e-08,6.3365e-09,1.6394e-08,1.2445e-08,2.1468e-08,2.9408e-08,1.8869e-08,1.5146e-08,2.6899e-08,2.1248e-08,2.6071e-08,3.2307e-08,3.3498e-08,2.2560e-08,2.9331e-08,2.1972e-08
0.157955,3.0266e-08,1.6795e-08,2.7632e-08,2.5708e-08,2.1415e-08,2.0523e-08,3.2438e-08,2.5170e-08,1.9019e-08,1.2140e-08,1.3383e-08,9.5220e-09,8.9581e-09,1.1036e-08,2.4936e-08,2.9696e-08,4.5036e-08,3.0131e-08,1.3583e-08,3.7740e-08,1.8706e-08,1.8515e-08,6.4747e-09,1.6849e-08,1.2619e-08,2.1468e-08,2.9492e-08,1.9035e-08,1.5346e-08,2.6956e-08,2.1305e-08,2.6071e-08,3.3321e-08,3.3643e-08,2.2560e-08,2.9347e-08,2.1972e-08
0.160158,3.0266e-08,1.7179e-08,2.7632e-08,2.5708e-08,2.1451e-08,2.0582e-08,3.2518e-08,2.5170e-08,1.9146e-08,1.2398e-08,1.3609e-08,9.8166e-09,9.1950e-09,1.1234e-08,2.5596e-08,3.0234e-08,4.5672e-08,3.0707e-08,1.3802e-08,3.8796e-08,1.8708e-08,1.8941e-08,6.6156e-09,1.7315e-08,1.2794e-08,2.1469e-08,2.9576e-08,1.9202e-08,1.5549e-08,2.7014e-08,2.1363e-08,2.6071e-08,3.4365e-08,3.3788e-08,2.2560e-08,2.9364e-08,2.1972e-08
0.162392,3.0266e-08,1.7571e-08,2.7632e-08,2.5708e-08,2.1486e-08,2.0640e-08,3.2598e-08,2.5170e-08,1.9273e-08,1.2662e-08,1.3840e-08,1.0120e-08,9.4380e-09,1.1435e-08,2.6272e-08,3.0780e-08,4.6315e-08,3.1293e-08,1.4025e-08,3.9880e-08,1.8710e-08,1.9375e-08,6.7593e-09,1.7793e-08,1.2972e-08,2.1469e-08,2.9660e-08,1.9371e-08,1.5754e-08,2.7071e-08,2.1420e-08,2.6071e-08,3.5439e-08,3.3934e-08,2.2560e-08,2.9381e-08,2.1972e-08
0.164657,3.0266e-08,1.7972e-08,2.7632e-08,2.5708e-08,2.1522e-08,2.0698e-08,3.2678e-08,2.5170e-08,1.9401e-08,1.2931e-08,1.4073e-08,1.0432e-08,9.6861e-09,1.1639e-08,2.6965e-08,3.1335e-08,4.6967e-08,3.1889e-08,1.4251e-08,4.0993e-08,1.8712e-08,1.9820e-08,6.9059e-09,1.8284e-08,1.3152e-08,2.1469e-08,2.9744e-08,1.9541e-08,1.5961e-08,2.7129e-08,2.1477e-08,2.6071e-08,3.6545e-08,3.4080e-08,2.2560e-08,2.9397e-08,2.1972e-08
0.166954,3.0266e-08,1.8380e-08,2.7632e-08,2.5708e-08,2.1556e-08,2.0757e-08,3.2758e-08,2.5170e-08,1.9530e-08,1.3205e-08,1.4310e-08,1.0754e-08,9.9416e-09,1.1846e-08,2.7674e-08,3.1899e-08,4.7626e-08,3.2495e-08,1.4481e-08,4.2134e-08,1.8714e-08,2.0273e-08,7.0554e-09,1.8787e-08,1.3335e-08,2.1469e-08,2.9828e-08,1.9712e-08,1.6171e-08,2.7186e-08,2.1534e-08,2.6071e-08,3.7683e-08,3.4226e-08,2.2560e-08,2.9413e-08,2.1972e-08
0.169283,3.0266e-08,1.8798e-08,2.7632e-08,2.5708e-08,2.1592e-08,2.0816e-08,3.2838e-08,2.5170e-08,1.9659e-08,1.3485e-08,1.4551e-08,1.1084e-08,1.0203e-08,1.2056e-08,2.8401e-08,3.2473e-08,4.8293e-08,3.3111e-08,1.4713e-08,4.3304e-08,1.8716e-08,2.0736e-08,7.2078e-09,1.9302e-08,1.3519e-08,2.1469e-08,2.9911e-08,1.9884e-08,1.6383e-08,2.7244e-08,2.1591e-08,2.6071e-08,3.8853e-08,3.4373e-08,2.2560e-08,2.9429e-08,2.1972e-08
0.171644,3.0266e-08,1.9216e-08,2.7632e-08,2.5708e-08,2.1688e-08,2.0907e-08,3.2924e-08,2.5170e-08,1.9796e-08,1.3785e-08,1.4843e-08,1.1444e-08,1.0484e-08,1.2292e-08,2.9189e-08,3.3140e-08,4.9135e-08,3.3789e-08,1.4946e-08,4.4478e-08,1.8738e-08,2.1180e-08,7.3291e-09,1.9778e-08,1.3666e-08,2.1479e-08,3.0017e-08,2.0059e-08,1.6583e-08,2.7283e-08,2.1652e-08,2.6128e-08,3.9969e-08,3.4531e-08,2.2608e-08,2.9515e-08,2.2019e-08
0.174039,3.0266e-08,1.9643e-08,2.7632e-08,2.5714e-08,2.1798e-08,2.1007e-08,3.3010e-08,2.5170e-08,1.9934e-08,1.4094e-08,1.5150e-08,1.1821e-08,1.0777e-08,1.2537e-08,3.0007e-08,3.3839e-08,5.0026e-08,3.4489e-08,1.5181e-08,4.5675e-08,1.8765e-08,2.1627e-08,7.4448e-09,2.0253e-08,1.3805e-08,2.1489e-08,3.0127e-08,2.0238e-08,1.6781e-08,2.7318e-08,2.1714e-08,2.6198e-08,4.1093e-08,3.4693e-08,2.2674e-08,2.9618e-08,2.2087e-08
0.176466,3.0266e-08,2.0078e-08,2.7632e-08,2.5722e-08,2.1909e-08,2.1107e-08,3.3097e-08,2.5170e-08,2.0072e-08,1.4409e-08,1.5462e-08,1.2208e-08,1.1076e-08,1.2787e-08,3.0845e-08,3.4551e-08,5.0931e-08,3.5203e-08,1.5419e-08,4.6901e-08,1.8792e-08,2.2082e-08,7.5621e-09,2.0739e-08,1.3946e-08,2.1500e-08,3.0238e-08,2.0417e-08,1.6981e-08,2.7354e-08,2.1775e-08,2.6268e-08,4.2248e-08,3.4856e-08,2.2741e-08,2.9719e-08,2.2154e-08
0.178928,3.0266e-08,2.0521e-08,2.7632e-08,2.5728e-08,2.2020e-08,2.1206e-08,3.3183e-08,2.5170e-08,2.0211e-08,1.4732e-08,1.5781e-08,1.2607e-08,1.1384e-08,1.3040e-08,3.1706e-08,3.5276e-08,5.1851e-08,3.5930e-08,1.5661e-08,4.8158e-08,1.8819e-08,2.2545e-08,7.6811e-09,2.1235e-08,1.4089e-08,2.1511e-08,3.0349e-08,2.0597e-08,1.7184e-08,2.7388e-08,2.1838e-08,2.6338e-08,4.3433e-08,3.5019e-08,2.2808e-08,2.9821e-08,2.2222e-08
0.181424,3.0266e-08,2.0974e-08,2.7632e-08,2.5735e-08,2.2131e-08,2.1307e-08,3.3269e-08,2.5170e-08,2.0351e-08,1.5060e-08,1.6106e-08,1.3019e-08,1.1700e-08,1.3300e-08,3.2589e-08,3.6016e-08,5.2786e-08,3.6671e-08,1.5907e-08,4.9445e-08,1.8846e-08,2.3018e-08,7.8017e-09,2.1743e-08,1.4231e-08,2.1522e-08,3.0460e-08,2.0777e-08,1.7388e-08,2.7424e-08,2.1899e-08,2.6408e-08,4.4648e-08,3.5182e-08,2.2875e-08,2.9924e-08,2.2290e-08
0.183954,3.0266e-08,2.1436e-08,2.7632e-08,2.5741e-08,2.2242e-08,2.1408e-08,3.3355e-08,2.5170e-08,2.0493e-08,1.5396e-08,1.6437e-08,1.3443e-08,1.2024e-08,1.3563e-08,3.3494e-08,3.6769e-08,5.3737e-08,3.7426e-08,1.6156e-08,5.0765e-08,1.8873e-08,2.3500e-08,7.9240e-09,2.2261e-08,1.4376e-08,2.1532e-08,3.0571e-08,2.0960e-08,1.7595e-08,2.7458e-08,2.1961e-08,2.6477e-08,4.5895e-08,3.5345e-08,2.2941e-08,3.0026e-08,2.2358e-08
0.18652,3.0266e-08,2.1907e-08,2.7632e-08,2.5748e-08,2.2353e-08,2.1509e-08,3.3442e-08,2.5170e-08,2.0634e-08,1.5738e-08,1.6774e-08,1.3881e-08,1.2356e-08,1.3830e-08,3.4423e-08,3.7537e-08,5.4702e-08,3.8194e-08,1.6408e-08,5.2118e-08,1.8900e-08,2.3991e-08,8.0480e-09,2.2791e-08,1.4521e-08,2.1542e-08,3.0682e-08,2.1145e-08,1.7803e-08,2.7493e-08,2.2022e-08,2.6547e-08,4.7173e-08,3.5509e-08,2.3008e-08,3.0128e-08,2.2426e-08
0.189122,3.0266e-08,2.2388e-08,2.7632e-08,2.5754e-08,2.2465e-08,2.1609e-08,3.3528e-08,2.5170e-08,2.0777e-08,1.6087e-08,1.7117e-08,1.4331e-08,1.2696e-08,1.4103e-08,3.5376e-08,3.8319e-08,5.5684e-08,3.8978e-08,1.6664e-08,5.3504e-08,1.8926e-08,2.4491e-08,8.1737e-09,2.3332e-08,1.4668e-08,2.1552e-08,3.0793e-08,2.1330e-08,1.8013e-08,2.7527e-08,2.2085e-08,2.6617e-08,4.8485e-08,3.5674e-08,2.3074e-08,3.0230e-08,2.2494e-08
0.19176,3.0266e-08,2.2878e-08,2.7632e-08,2.5760e-08,2.2578e-08,2.1711e-08,3.3615e-08,2.5170e-08,2.0919e-08,1.6443e-08,1.7467e-08,1.4794e-08,1.3046e-08,1.4381e-08,3.6352e-08,3.9117e-08,5.6680e-08,3.9775e-08,1.6923e-08,5.4924e-08,1.8952e-08,2.5001e-08,8.3012e-09,2.3885e-08,1.4816e-08,2.1563e-08,3.0904e-08,2.1516e-08,1.8226e-08,2.7562e-08,2.2146e-08,2.6687e-08,4.9831e-08,3.5839e-08,2.3141e-08,3.0333e-08,2.2562e-08
0.194435,3.0266e-08,2.3381e-08,2.7632e-08,2.5779e-08,2.2699e-08,2.1818e-08,3.3707e-08,2.5170e-08,2.1068e-08,1.6811e-08,1.7829e-08,1.5273e-08,1.3405e-08,1.4666e-08,3.7353e-08,3.9933e-08,5.7704e-08,4.0595e-08,1.7189e-08,5.6376e-08,1.8986e-08,2.5521e-08,8.4287e-09,2.4447e-08,1.4964e-08,2.1578e-08,3.1024e-08,2.1707e-08,1.8442e-08,2.7603e-08,2.2213e-08,2.6765e-08,5.1207e-08,3.6010e-08,2.3217e-08,3.0445e-08,2.2641e-08
0.197147,3.0519e-08,2.3971e-08,2.7745e-08,2.6071e-08,2.3014e-08,2.2057e-08,3.3942e-08,2.5185e-08,2.1337e-08,1.7268e-08,1.8333e-08,1.5778e-08,1.3779e-08,1.4987e-08,3.8341e-08,4.0867e-08,5.8998e-08,4.1583e-08,1.7530e-08,5.7815e-08,1.9164e-08,2.6060e-08,8.5187e-09,2.4949e-08,1.5103e-08,2.1718e-08,3.1342e-08,2.1978e-08,1.8673e-08,2.7785e-08,2.2390e-08,2.7047e-08,5.2533e-08,3.6343e-08,2.3499e-08,3.0779e-08,2.2964e-08
0.199897,3.0773e-08,2.4575e-08,2.7859e-08,2.6366e-08,2.3333e-08,2.2299e-08,3.4179e-08,2.5201e-08,2.1609e-08,1.7737e-08,1.8850e-08,1.6299e-08,1.4163e-08,1.5315e-08,3.9352e-08,4.1821e-08,6.0319e-08,4.2595e-08,1.7877e-08,5.9287e-08,1.9344e-08,2.6609e-08,8.6094e-09,2.5459e-08,1.5243e-08,2.1859e-08,3.1663e-08,2.2251e-08,1.8907e-08,2.7969e-08,2.2568e-08,2.7330e-08,5.3889e-08,3.6678e-08,2.3784e-08,3.1115e-08,2.3292e-08
0.202686,3.1030e-08,2.5192e-08,2.7972e-08,2.6664e-08,2.3655e-08,2.2543e-08,3.4416e-08,2.5217e-08,2.1883e-08,1.8219e-08,1.9381e-08,1.6835e-08,1.4558e-08,1.5650e-08,4.0389e-08,4.2795e-08,6.1667e-08,4.3628e-08,1.8230e-08,6.0794e-08,1.9527e-08,2.7170e-08,8.7009e-09,2.5979e-08,1.5384e-08,2.2001e-08,3.1986e-08,2.2526e-08,1.9143e-08,2.8154e-08,2.2747e-08,2.7617e-08,5.5278e-08,3.7015e-08,2.4072e-08,3.1455e-08,2.3624e-08
0.205513,3.1287e-08,2.5823e-08,2.8086e-08,2.6966e-08,2.3982e-08,2.2789e-08,3.4654e-08,2.5232e-08,2.2161e-08,1.8712e-08,1.9926e-08,1.7388e-08,1.4962e-08,1.5991e-08,4.1450e-08,4.3790e-08,6.3042e-08,4.4685e-08,1.8590e-08,6.2336e-08,1.9710e-08,2.7741e-08,8.7933e-09,2.6509e-08,1.5526e-08,2.2144e-08,3.2313e-08,2.2806e-08,1.9381e-08,2.8339e-08,2.2928e-08,2.7906e-08,5.6699e-08,3.7356e-08,2.4364e-08,3.1798e-08,2.3960e-08
0.20838,3.1547e-08,2.6470e-08,2.8199e-08,2.7270e-08,2.4313e-08,2.3037e-08,3.4895e-08,2.5247e-08,2.2442e-08,1.9217e-08,2.0486e-08,1.7958e-08,1.5377e-08,1.6339e-08,4.2538e-08,4.4806e-08,6.4445e-08,4.5766e-08,1.8955e-08,6.3914e-08,1.9894e-08,2.8323e-08,8.8865e-09,2.7049e-08,1.5668e-08,2.2286e-08,3.2642e-08,2.3087e-08,1.9623e-08,2.8526e-08,2.3109e-08,2.8197e-08,5.8155e-08,3.7698e-08,2.4658e-08,3.2144e-08,2.4301e-08
0.211286,3.1808e-08,2.7131e-08,2.8313e-08,2.7576e-08,2.4646e-08,2.3288e-08,3.5135e-08,2.5262e-08,2.2726e-08,1.9735e-08,2.1059e-08,1.8544e-08,1.5802e-08,1.6694e-08,4.3651e-08,4.5844e-08,6.5877e-08,4.6870e-08,1.9328e-08,6.5529e-08,2.0080e-08,2.8915e-08,8.9805e-09,2.7599e-08,1.5813e-08,2.2430e-08,3.2974e-08,2.3372e-08,1.9867e-08,2.8713e-08,2.3292e-08,2.8490e-08,5.9645e-08,3.8043e-08,2.4955e-08,3.2493e-08,2.4646e-08
0.214234,3.2070e-08,2.7808e-08,2.8428e-08,2.7886e-08,2.4985e-08,2.3541e-08,3.5378e-08,2.5277e-08,2.3013e-08,2.0266e-08,2.1648e-08,1.9149e-08,1.6239e-08,1.7056e-08,4.4792e-08,4.6903e-08,6.7338e-08,4.7999e-08,1.9707e-08,6.7182e-08,2.0268e-08,2.9520e-08,9.0753e-09,2.8158e-08,1.5958e-08,2.2574e-08,3.3308e-08,2.3660e-08,2.0114e-08,2.8901e-08,2.3475e-08,2.8787e-08,6.1170e-08,3.8390e-08,2.5255e-08,3.2845e-08,2.4994e-08
0.217222,3.2335e-08,2.8500e-08,2.8542e-08,2.8198e-08,2.5328e-08,2.3796e-08,3.5621e-08,2.5292e-08,2.3303e-08,2.0811e-08,2.2251e-08,1.9773e-08,1.6687e-08,1.7425e-08,4.5960e-08,4.7986e-08,6.8828e-08,4.9153e-08,2.0093e-08,6.8873e-08,2.0456e-08,3.0135e-08,9.1710e-09,2.8728e-08,1.6104e-08,2.2719e-08,3.3645e-08,2.3951e-08,2.0362e-08,2.9090e-08,2.3660e-08,2.9085e-08,6.2730e-08,3.8741e-08,2.5558e-08,3.3200e-08,2.5347e-08
0.220252,3.2601e-08,2.9207e-08,2.8656e-08,2.8514e-08,2.5674e-08,2.4053e-08,3.5867e-08,2.5307e-08,2.3596e-08,2.1369e-08,2.2870e-08,2.0416e-08,1.7145e-08,1.7802e-08,4.7157e-08,4.9090e-08,7.0349e-08,5.0332e-08,2.0485e-08,7.0602e-08,2.0646e-08,3.0763e-08,9.2675e-09,2.9309e-08,1.6251e-08,2.2864e-08,3.3986e-08,2.4245e-08,2.0614e-08,2.9280e-08,2.3845e-08,2.9387e-08,6.4327e-08,3.9093e-08,2.5865e-08,3.3559e-08,2.5705e-08
0.223324,3.3018e-08,2.9992e-08,2.8899e-08,2.8958e-08,2.6113e-08,2.4377e-08,3.6212e-08,2.5406e-08,2.3980e-08,2.1995e-08,2.3572e-08,2.1090e-08,1.7625e-08,1.8209e-08,4.8399e-08,5.0293e-08,7.2036e-08,5.1624e-08,2.0941e-08,7.2462e-08,2.0920e-08,3.1448e-08,9.3653e-09,2.9898e-08,1.6421e-08,2.3091e-08,3.4453e-08,2.4603e-08,2.0894e-08,2.9570e-08,2.4108e-08,2.9809e-08,6.5960e-08,3.9542e-08,2.6273e-08,3.4035e-08,2.6182e-08
0.22644,3.3856e-08,3.0965e-08,2.9497e-08,2.9763e-08,2.6809e-08,2.4883e-08,3.6838e-08,2.5740e-08,2.4618e-08,2.2798e-08,2.4482e-08,2.1817e-08,1.8138e-08,1.8692e-08,4.9724e-08,5.1730e-08,7.4147e-08,5.3191e-08,2.1564e-08,7.4622e-08,2.1426e-08,3.2277e-08,9.4662e-09,3.0493e-08,1.6652e-08,2.3542e-08,3.5275e-08,2.5137e-08,2.1247e-08,3.0143e-08,2.4585e-08,3.0564e-08,6.7624e-08,4.0258e-08,2.6963e-08,3.4836e-08,2.6997e-08
0.229598,3.4713e-08,3.1969e-08,3.0108e-08,3.0589e-08,2.7521e-08,2.5399e-08,3.7473e-08,2.6080e-08,2.5271e-08,2.3627e-08,2.5426e-08,2.2568e-08,1.8666e-08,1.9188e-08,5.1082e-08,5.3204e-08,7.6315e-08,5.4803e-08,2.2205e-08,7.6840e-08,2.1944e-08,3.3125e-08,9.5671e-09,3.1100e-08,1.6886e-08,2.4001e-08,3.6115e-08,2.5683e-08,2.1606e-08,3.0725e-08,2.5070e-08,3.1337e-08,6.9325e-08,4.0985e-08,2.7670e-08,3.5655e-08,2.7835e-08
0.232801,3.5591e-08,3.3002e-08,3.0730e-08,3.1436e-08,2.8252e-08,2.5924e-08,3.8120e-08,2.6422e-08,2.5941e-08,2.4485e-08,2.6403e-08,2.3343e-08,1.9208e-08,1.9695e-08,5.2474e-08,5.4718e-08,7.8542e-08,5.6460e-08,2.2864e-08,7.9120e-08,2.2473e-08,3.3994e-08,9.6699e-09,3.1717e-08,1.7123e-08,2.4469e-08,3.6973e-08,2.6238e-08,2.1970e-08,3.1317e-08,2.5564e-08,3.2129e-08,7.1067e-08,4.1725e-08,2.8393e-08,3.6491e-08,2.8697e-08
0.236048,3.6489e-08,3.4066e-08,3.1363e-08,3.2304e-08,2.8999e-08,2.6459e-08,3.8774e-08,2.6768e-08,2.6627e-08,2.5373e-08,2.7416e-08,2.4142e-08,1.9765e-08,2.0214e-08,5.3901e-08,5.6271e-08,8.0829e-08,5.8163e-08,2.3540e-08,8.1462e-08,2.3013e-08,3.4884e-08,9.7727e-09,3.2345e-08,1.7363e-08,2.4945e-08,3.7851e-08,2.6805e-08,2.2340e-08,3.1920e-08,2.6067e-08,3.2939e-08,7.2848e-08,4.2476e-08,2.9135e-08,3.7346e-08,2.9584e-08
0.239341,3.7408e-08,3.5163e-08,3.2010e-08,3.3195e-08,2.9765e-08,2.7005e-08,3.9440e-08,2.7119e-08,2.7329e-08,2.6290e-08,2.8465e-08,2.4967e-08,2.0336e-08,2.0747e-08,5.5364e-08,5.7866e-08,8.3178e-08,5.9914e-08,2.4235e-08,8.3869e-08,2.3566e-08,3.5796e-08,9.8764e-09,3.2985e-08,1.7606e-08,2.5429e-08,3.8747e-08,2.7383e-08,2.2715e-08,3.2533e-08,2.6579e-08,3.3767e-08,7.4671e-08,4.3239e-08,2.9894e-08,3.8217e-08,3.0496e-08
0.242679,3.8348e-08,3.6293e-08,3.2667e-08,3.4109e-08,3.0550e-08,2.7561e-08,4.0116e-08,2.7473e-08,2.8049e-08,2.7238e-08,2.9552e-08,2.5820e-08,2.0923e-08,2.1292e-08,5.6864e-08,5.9502e-08,8.5590e-08,6.1714e-08,2.4950e-08,8.6342e-08,2.4132e-08,3.6730e-08,9.9819e-09,3.3636e-08,1.7851e-08,2.5921e-08,3.9663e-08,2.7973e-08,2.3096e-08,3.3157e-08,2.7099e-08,3.4616e-08,7.6536e-08,4.4015e-08,3.0671e-08,3.9109e-08,3.1434e-08
0.246065,3.9309e-08,3.7456e-08,3.3337e-08,3.5045e-08,3.1354e-08,2.8127e-08,4.0801e-08,2.7831e-08,2.8787e-08,2.8219e-08,3.0678e-08,2.6698e-08,2.1526e-08,2.1851e-08,5.8401e-08,6.1181e-08,8.8067e-08,6.3564e-08,2.5684e-08,8.8883e-08,2.4709e-08,3.7685e-08,1.0088e-08,3.4298e-08,1.8100e-08,2.6422e-08,4.0598e-08,2.8574e-08,2.3483e-08,3.3792e-08,2.7630e-08,3.5483e-08,7.8443e-08,4.4803e-08,3.1467e-08,4.0019e-08,3.2400e-08
0.249497,4.0294e-08,3.8654e-08,3.4019e-08,3.6006e-08,3.2178e-08,2.8703e-08,4.1498e-08,2.8193e-08,2.9542e-08,2.9232e-08,3.1844e-08,2.7605e-08,2.2145e-08,2.2422e-08,5.9977e-08,6.2904e-08,9.0610e-08,6.5467e-08,2.6438e-08,9.1492e-08,2.5300e-08,3.8665e-08,1.0194e-08,3.4972e-08,1.8351e-08,2.6932e-08,4.1554e-08,2.9187e-08,2.3874e-08,3.4437e-08,2.8169e-08,3.6371e-08,8.0393e-08,4.5604e-08,3.2282e-08,4.0949e-08,3.3394e-08
0.252977,4.1300e-08,3.9888e-08,3.4714e-08,3.6990e-08,3.3021e-08,2.9290e-08,4.2205e-08,2.8559e-08,3.0315e-08,3.0280e-08,3.3051e-08,2.8541e-08,2.2781e-08,2.3008e-08,6.1592e-08,6.4671e-08,9.3221e-08,6.7421e-08,2.7212e-08,9.4176e-08,2.5903e-08,3.9667e-08,1.0302e-08,3.5659e-08,1.8606e-08,2.7452e-08,4.2531e-08,2.9812e-08,2.4273e-08,3.5094e-08,2.8718e-08,3.7278e-08,8.2389e-08,4.6418e-08,3.3116e-08,4.1898e-08,3.4415e-08
0.256506,4.2766e-08,4.1437e-08,3.5851e-08,3.8385e-08,3.4166e-08,3.0126e-08,4.3316e-08,2.9283e-08,3.1459e-08,3.1596e-08,3.4576e-08,2.9625e-08,2.3539e-08,2.3799e-08,6.3674e-08,6.6932e-08,9.6456e-08,6.9908e-08,2.8258e-08,9.7549e-08,2.6827e-08,4.1034e-08,1.0483e-08,3.6531e-08,1.9029e-08,2.8281e-08,4.3987e-08,3.0699e-08,2.4826e-08,3.6150e-08,2.9565e-08,3.8606e-08,8.4786e-08,4.7603e-08,3.4285e-08,4.3283e-08,3.5848e-08
0.260084,4.4753e-08,4.3344e-08,3.7488e-08,4.0248e-08,3.5651e-08,3.1240e-08,4.4874e-08,3.0404e-08,3.3024e-08,3.3221e-08,3.6466e-08,3.0878e-08,2.4436e-08,2.4820e-08,6.6285e-08,6.9750e-08,1.0041e-07,7.2998e-08,2.9613e-08,1.0172e-07,2.8116e-08,4.2814e-08,1.0743e-08,3.7609e-08,1.9638e-08,2.9462e-08,4.5988e-08,3.1879e-08,2.5551e-08,3.7657e-08,3.0744e-08,4.0413e-08,8.7629e-08,4.9203e-08,3.5836e-08,4.5160e-08,3.7755e-08
0.263712,4.6827e-08,4.5334e-08,3.9196e-08,4.2197e-08,3.7197e-08,3.2393e-08,4.6485e-08,3.1565e-08,3.4665e-08,3.4926e-08,3.8453e-08,3.2179e-08,2.5365e-08,2.5883e-08,6.8997e-08,7.2679e-08,1.0450e-07,7.6216e-08,3.1030e-08,1.0604e-07,2.9463e-08,4.4666e-08,1.1009e-08,3.8717e-08,2.0265e-08,3.0689e-08,4.8074e-08,3.3103e-08,2.6295e-08,3.9222e-08,3.1969e-08,4.2298e-08,9.0561e-08,5.0851e-08,3.7452e-08,4.7114e-08,3.9759e-08
0.267391,4.8992e-08,4.7411e-08,4.0977e-08,4.4234e-08,3.8807e-08,3.3586e-08,4.8151e-08,3.2767e-08,3.6380e-08,3.6712e-08,4.0544e-08,3.3532e-08,2.6327e-08,2.6989e-08,7.1812e-08,7.5724e-08,1.0875e-07,7.9570e-08,3.2510e-08,1.1055e-07,3.0872e-08,4.6594e-08,1.1282e-08,3.9855e-08,2.0910e-08,3.1964e-08,5.0250e-08,3.4370e-08,2.7059e-08,4.0849e-08,3.3239e-08,4.4267e-08,9.3588e-08,5.2551e-08,3.9136e-08,4.9148e-08,4.1863e-08
0.27112,5.1251e-08,4.9577e-08,4.2834e-08,4.6364e-08,4.0482e-08,3.4819e-08,4.9872e-08,3.4013e-08,3.8177e-08,3.8586e-08,4.2742e-08,3.4939e-08,2.7323e-08,2.8139e-08,7.4736e-08,7.8889e-08,1.1317e-07,8.3060e-08,3.4058e-08,1.1523e-07,3.2344e-08,4.8600e-08,1.1560e-08,4.1023e-08,2.1575e-08,3.3289e-08,5.2519e-08,3.5683e-08,2.7844e-08,4.2539e-08,3.4556e-08,4.6321e-08,9.6702e-08,5.4304e-08,4.0892e-08,5.1263e-08,4.4073e-08
0.274902,5.3608e-08,5.1837e-08,4.4771e-08,4.8591e-08,4.2224e-08,3.6096e-08,5.1651e-08,3.5302e-08,4.0058e-08,4.0550e-08,4.5054e-08,3.6402e-08,2.8355e-08,2.9335e-08,7.7771e-08,8.2177e-08,1.1776e-07,8.6695e-08,3.5675e-08,1.2009e-07,3.3882e-08,5.0686e-08,1.1844e-08,4.2224e-08,2.2258e-08,3.4665e-08,5.4883e-08,3.7042e-08,2.8650e-08,4.4295e-08,3.5923e-08,4.8466e-08,9.9910e-08,5.6112e-08,4.2722e-08,5.3465e-08,4.6392e-08
0.278737,5.6068e-08,5.4192e-08,4.6790e-08,5.0918e-08,4.4037e-08,3.7415e-08,5.3489e-08,3.6639e-08,4.2026e-08,4.2608e-08,4.7483e-08,3.7921e-08,2.9423e-08,3.0579e-08,8.0921e-08,8.5595e-08,1.2251e-07,9.0480e-08,3.7364e-08,1.2516e-07,3.5490e-08,5.2857e-08,1.2135e-08,4.3456e-08,2.2962e-08,3.6096e-08,5.7349e-08,3.8452e-08,2.9478e-08,4.6119e-08,3.7340e-08,5.0704e-08,1.0323e-07,5.7976e-08,4.4629e-08,5.5756e-08,4.8828e-08
0.282625,5.8633e-08,5.6651e-08,4.8895e-08,5.3351e-08,4.5925e-08,3.8781e-08,5.5388e-08,3.8022e-08,4.4086e-08,4.4765e-08,5.0035e-08,3.9501e-08,3.0529e-08,3.1874e-08,8.4192e-08,8.9145e-08,1.2746e-07,9.4419e-08,3.9129e-08,1.3042e-07,3.7170e-08,5.5116e-08,1.2433e-08,4.4723e-08,2.3688e-08,3.7581e-08,5.9918e-08,3.9910e-08,3.0327e-08,4.8014e-08,3.8810e-08,5.3040e-08,1.0664e-07,5.9898e-08,4.6618e-08,5.8139e-08,5.1383e-08
0.286567,6.1308e-08,5.9212e-08,5.1088e-08,5.5894e-08,4.7888e-08,4.0193e-08,5.7351e-08,3.9454e-08,4.6240e-08,4.7025e-08,5.2719e-08,4.1142e-08,3.1674e-08,3.3218e-08,8.7586e-08,9.2834e-08,1.3258e-07,9.8521e-08,4.0972e-08,1.3589e-07,3.8924e-08,5.7466e-08,1.2737e-08,4.6024e-08,2.4434e-08,3.9124e-08,6.2596e-08,4.1421e-08,3.1200e-08,4.9981e-08,4.0333e-08,5.5477e-08,1.1016e-07,6.1878e-08,4.8688e-08,6.0617e-08,5.4066e-08
0.290565,6.4100e-08,6.1884e-08,5.3375e-08,5.8550e-08,4.9929e-08,4.1652e-08,5.9378e-08,4.0937e-08,4.8495e-08,4.9393e-08,5.5538e-08,4.2847e-08,3.2858e-08,3.4617e-08,9.1108e-08,9.6661e-08,1.3789e-07,1.0279e-07,4.2898e-08,1.4157e-07,4.0757e-08,5.9909e-08,1.3048e-08,4.7359e-08,2.5202e-08,4.0726e-08,6.5386e-08,4.2984e-08,3.2096e-08,5.2024e-08,4.1914e-08,5.8019e-08,1.1379e-07,6.3920e-08,5.0846e-08,6.3195e-08,5.6880e-08
0.294618,6.7998e-08,6.5611e-08,5.6762e-08,6.2216e-08,5.2767e-08,4.3886e-08,6.2692e-08,4.3463e-08,5.1870e-08,5.2583e-08,5.9336e-08,4.5302e-08,3.4692e-08,3.6795e-08,9.6525e-08,1.0217e-07,1.4524e-07,1.0874e-07,4.5751e-08,1.4993e-07,4.3584e-08,6.3644e-08,1.3672e-08,4.9527e-08,2.6552e-08,4.3241e-08,6.9491e-08,4.5366e-08,3.3607e-08,5.5183e-08,4.4388e-08,6.1804e-08,1.1919e-07,6.7128e-08,5.3957e-08,6.7062e-08,6.0745e-08
0.298727,7.2551e-08,6.9959e-08,6.0793e-08,6.6485e-08,5.6067e-08,4.6549e-08,6.6711e-08,4.6570e-08,5.5916e-08,5.6278e-08,6.3748e-08,4.8185e-08,3.6884e-08,3.9420e-08,1.0302e-07,1.0864e-07,1.5374e-07,1.1566e-07,4.9152e-08,1.5979e-07,4.6998e-08,6.8120e-08,1.4457e-08,5.2129e-08,2.8211e-08,4.6275e-08,7.4362e-08,4.8203e-08,3.5439e-08,5.8974e-08,4.7365e-08,6.6315e-08,1.2556e-07,7.0963e-08,5.7626e-08,7.1670e-08,6.5259e-08
0.302894,7.7480e-08,7.4626e-08,6.5247e-08,7.1069e-08,5.9516e-08,4.9349e-08,7.0852e-08,4.9910e-08,6.0315e-08,6.0275e-08,6.8451e-08,5.1188e-08,3.9093e-08,4.2265e-08,1.1003e-07,1.1548e-07,1.6280e-07,1.2284e-07,5.2799e-08,1.7017e-07,5.0667e-08,7.2900e-08,1.5323e-08,5.4977e-08,3.0050e-08,4.9532e-08,7.9366e-08,5.1216e-08,3.7523e-08,6.2953e-08,5.0473e-08,7.1102e-08,1.3258e-07,7.4992e-08,6.1639e-08,7.6471e-08,7.0113e-08
0.30712,8.2768e-08,7.9608e-08,7.0083e-08,7.5972e-08,6.3145e-08,5.2301e-08,7.5178e-08,5.3489e-08,6.5070e-08,6.4570e-08,7.3473e-08,5.4342e-08,4.1372e-08,4.5322e-08,1.1754e-07,1.2271e-07,1.7242e-07,1.3037e-07,5.6706e-08,1.8113e-07,5.4609e-08,7.8002e-08,1.6258e-08,5.8025e-08,3.2041e-08,5.3016e-08,8.4598e-08,5.4413e-08,3.9795e-08,6.7158e-08,5.3746e-08,7.6198e-08,1.4012e-07,7.9232e-08,6.5967e-08,8.1526e-08,7.5321e-08
0.311404,8.8399e-08,8.4906e-08,7.5261e-08,8.1196e-08,6.6982e-08,5.5422e-08,7.9753e-08,5.7312e-08,7.0183e-08,6.9157e-08,7.8845e-08,5.7680e-08,4.3776e-08,4.8591e-08,1.2554e-07,1.3038e-07,1.8258e-07,1.3833e-07,6.0887e-08,1.9277e-07,5.8842e-08,8.3442e-08,1.7245e-08,6.1233e-08,3.4159e-08,5.6733e-08,9.0153e-08,5.7798e-08,4.2198e-08,7.1629e-08,5.7220e-08,8.1640e-08,1.4807e-07,8.3698e-08,7.0585e-08,8.6898e-08,8.0896e-08
0.315747,9.4390e-08,9.0539e-08,8.0802e-08,8.6762e-08,7.1040e-08,5.8718e-08,8.4591e-08,6.1394e-08,7.5678e-08,7.4052e-08,8.4591e-08,6.1212e-08,4.6311e-08,5.2083e-08,1.3405e-07,1.3850e-07,1.9330e-07,1.4676e-07,6.5360e-08,2.0511e-07,6.3388e-08,8.9243e-08,1.8291e-08,6.4609e-08,3.6408e-08,6.0697e-08,9.6050e-08,6.1382e-08,4.4738e-08,7.6382e-08,6.0907e-08,8.7451e-08,1.5644e-07,8.8403e-08,7.5510e-08,9.2603e-08,8.6862e-08
0.320152,1.0078e-07,9.6525e-08,8.6731e-08,9.2689e-08,7.5330e-08,6.2200e-08,8.9704e-08,6.5752e-08,8.1581e-08,7.9278e-08,9.0734e-08,6.4947e-08,4.8982e-08,5.5815e-08,1.4311e-07,1.4709e-07,2.0462e-07,1.5566e-07,7.0146e-08,2.1820e-07,6.8268e-08,9.5428e-08,1.9395e-08,6.8161e-08,3.8799e-08,6.4924e-08,1.0232e-07,6.5177e-08,4.7421e-08,8.1432e-08,6.4818e-08,9.3653e-08,1.6526e-07,9.3355e-08,8.0761e-08,9.8661e-08,9.3247e-08
0.324618,1.0757e-07,1.0289e-07,9.3073e-08,9.8996e-08,7.9865e-08,6.5877e-08,9.5108e-08,7.0404e-08,8.7924e-08,8.4853e-08,9.7299e-08,6.8898e-08,5.1797e-08,5.9800e-08,1.5276e-07,1.5619e-07,2.1657e-07,1.6507e-07,7.5266e-08,2.3208e-07,7.3505e-08,1.0201e-07,2.0563e-08,7.1897e-08,4.1339e-08,6.9430e-08,1.0896e-07,6.9195e-08,5.0258e-08,8.6800e-08,6.8966e-08,1.0027e-07,1.7455e-07,9.8577e-08,8.6360e-08,1.0509e-07,1.0008e-07
0.329146,1.1478e-07,1.0965e-07,9.9854e-08,1.0572e-07,8.4657e-08,6.9760e-08,1.0081e-07,7.5369e-08,9.4735e-08,9.0801e-08,1.0432e-07,7.3076e-08,5.4763e-08,6.4056e-08,1.6300e-07,1.6584e-07,2.2917e-07,1.7502e-07,8.0740e-08,2.4679e-07,7.9124e-08,1.0903e-07,2.1798e-08,7.5827e-08,4.4035e-08,7.4233e-08,1.1601e-07,7.3447e-08,5.3254e-08,9.2500e-08,7.3366e-08,1.0734e-07,1.8433e-07,1.0407e-07,9.2326e-08,1.1192e-07,1.0738e-07
0.333737,1.2247e-07,1.1684e-07,1.0711e-07,1.1287e-07,8.9720e-08,7.3858e-08,1.0685e-07,8.0667e-08,1.0205e-07,9.7141e-08,1.1182e-07,7.7492e-08,5.7887e-08,6.8599e-08,1.7391e-07,1.7603e-07,2.4248e-07,1.8553e-07,8.6593e-08,2.6239e-07,8.5151e-08,1.1652e-07,2.3103e-08,7.9961e-08,4.6899e-08,7.9351e-08,1.2348e-07,7.7947e-08,5.6419e-08,9.8558e-08,7.8030e-08,1.1488e-07,1.9464e-07,1.0985e-07,9.8689e-08,1.1917e-07,1.1519e-07
0.338392,1.3242e-07,1.2704e-07,1.1640e-07,1.2186e-07,9.6851e-08,8.0180e-08,1.1650e-07,8.8799e-08,1.1223e-07,1.0567e-07,1.2176e-07,8.4582e-08,6.3125e-08,7.5545e-08,1.9041e-07,1.9015e-07,2.6084e-07,2.0025e-07,9.5167e-08,2.8548e-07,9.4102e-08,1.2732e-07,2.5386e-08,8.6613e-08,5.1350e-08,8.6600e-08,1.3373e-07,8.4715e-08,6.1700e-08,1.0695e-07,8.5085e-08,1.2534e-07,2.0984e-07,1.1893e-07,1.0710e-07,1.2917e-07,1.2443e-07
0.343113,1.4327e-07,1.3829e-07,1.2658e-07,1.3163e-07,1.0466e-07,8.7169e-08,1.2722e-07,9.7905e-08,1.2355e-07,1.1505e-07,1.3270e-07,9.2475e-08,6.8961e-08,8.3325e-08,2.0877e-07,2.0559e-07,2.8088e-07,2.1633e-07,1.0472e-07,3.1102e-07,1.0414e-07,1.3928e-07,2.7956e-08,9.3970e-08,5.6313e-08,9.4623e-08,1.4495e-07,9.2196e-08,6.7602e-08,1.1618e-07,9.2909e-08,1.3689e-07,2.2653e-07,1.2897e-07,1.1632e-07,1.4015e-07,1.3442e-07
0.347899,1.5498e-07,1.5050e-07,1.3760e-07,1.4216e-07,1.1306e-07,9.4735e-08,1.3889e-07,1.0790e-07,1.3596e-07,1.2522e-07,1.4457e-07,1.0107e-07,7.5307e-08,9.1869e-08,2.2882e-07,2.2223e-07,3.0235e-07,2.3365e-07,1.1520e-07,3.3873e-07,1.1520e-07,1.5233e-07,3.0774e-08,1.0192e-07,6.1732e-08,1.0334e-07,1.5705e-07,1.0030e-07,7.4041e-08,1.2616e-07,1.0141e-07,1.4946e-07,2.4446e-07,1.3980e-07,1.2630e-07,1.5201e-07,1.4518e-07
0.352752,1.6758e-07,1.6372e-07,1.4954e-07,1.5348e-07,1.2209e-07,1.0293e-07,1.5156e-07,1.1888e-07,1.4957e-07,1.3624e-07,1.5745e-07,1.1042e-07,8.2203e-08,1.0124e-07,2.5070e-07,2.4014e-07,3.2539e-07,2.5227e-07,1.2666e-07,3.6877e-07,1.2738e-07,1.6654e-07,3.3861e-08,1.1051e-07,6.7648e-08,1.1283e-07,1.7012e-07,1.0910e-07,8.1066e-08,1.3696e-07,1.1066e-07,1.6313e-07,2.6374e-07,1.5151e-07,1.3710e-07,1.6482e-07,1.5677e-07
0.357672,1.8116e-07,1.7806e-07,1.6246e-07,1.6566e-07,1.3182e-07,1.1179e-07,1.6534e-07,1.3091e-07,1.6447e-07,1.4819e-07,1.7142e-07,1.2059e-07,8.9697e-08,1.1154e-07,2.7456e-07,2.5942e-07,3.5011e-07,2.7230e-07,1.3923e-07,4.0135e-07,1.4079e-07,1.8200e-07,3.7244e-08,1.1979e-07,7.4104e-08,1.2315e-07,1.8421e-07,1.1862e-07,8.8724e-08,1.4863e-07,1.2071e-07,1.7799e-07,2.8447e-07,1.6413e-07,1.4877e-07,1.7866e-07,1.6922e-07
0.362661,1.9579e-07,1.9358e-07,1.7644e-07,1.7875e-07,1.4228e-07,1.2139e-07,1.8029e-07,1.4409e-07,1.8078e-07,1.6113e-07,1.8656e-07,1.3165e-07,9.7831e-08,1.2282e-07,3.0059e-07,2.8017e-07,3.7659e-07,2.9382e-07,1.5297e-07,4.3666e-07,1.5554e-07,1.9883e-07,4.0950e-08,1.2981e-07,8.1146e-08,1.3437e-07,1.9940e-07,1.2892e-07,9.7075e-08,1.6125e-07,1.3162e-07,1.9412e-07,3.0674e-07,1.7777e-07,1.6139e-07,1.9359e-07,1.8262e-07
0.36772,2.1154e-07,2.1040e-07,1.9158e-07,1.9283e-07,1.5353e-07,1.3176e-07,1.9653e-07,1.5855e-07,1.9863e-07,1.7516e-07,2.0298e-07,1.4367e-07,1.0667e-07,1.3520e-07,3.2896e-07,3.0249e-07,4.0498e-07,3.1697e-07,1.6800e-07,4.7490e-07,1.7177e-07,2.1713e-07,4.5007e-08,1.4062e-07,8.8825e-08,1.4655e-07,2.1577e-07,1.4008e-07,1.0617e-07,1.7488e-07,1.4347e-07,2.1165e-07,3.3066e-07,1.9247e-07,1.7502e-07,2.0970e-07,1.9702e-07
0.372849,2.2849e-07,2.2860e-07,2.0793e-07,2.0796e-07,1.6562e-07,1.4296e-07,2.1415e-07,1.7438e-07,2.1815e-07,1.9033e-07,2.2077e-07,1.5674e-07,1.1626e-07,1.4876e-07,3.5987e-07,3.2649e-07,4.3540e-07,3.4183e-07,1.8444e-07,5.1633e-07,1.8960e-07,2.3703e-07,4.9445e-08,1.5230e-07,9.7197e-08,1.5978e-07,2.3340e-07,1.5217e-07,1.1607e-07,1.8961e-07,1.5633e-07,2.3068e-07,3.5636e-07,2.0833e-07,1.8976e-07,2.2709e-07,2.1250e-07
0.37805,2.4674e-07,2.4829e-07,2.2562e-07,2.2421e-07,1.7861e-07,1.5508e-07,2.3327e-07,1.9173e-07,2.3951e-07,2.0676e-07,2.4004e-07,1.7093e-07,1.2665e-07,1.6361e-07,3.9354e-07,3.5229e-07,4.6798e-07,3.6853e-07,2.0240e-07,5.6117e-07,2.0920e-07,2.5867e-07,5.4302e-08,1.6489e-07,1.0632e-07,1.7415e-07,2.5240e-07,1.6523e-07,1.2686e-07,2.0550e-07,1.7028e-07,2.5133e-07,3.8395e-07,2.2543e-07,2.0567e-07,2.4583e-07,2.2913e-07
0.383324,2.6670e-07,2.7017e-07,2.4488e-07,2.4185e-07,1.9309e-07,1.6865e-07,2.5476e-07,2.1128e-07,2.6315e-07,2.2492e-07,2.6139e-07,1.8708e-07,1.3852e-07,1.8035e-07,4.3113e-07,3.8040e-07,5.0382e-07,3.9797e-07,2.2245e-07,6.1051e-07,2.3125e-07,2.8241e-07,5.9832e-08,1.7903e-07,1.1646e-07,1.9010e-07,2.7321e-07,1.7992e-07,1.3922e-07,2.2298e-07,1.8589e-07,2.7402e-07,4.1430e-07,2.4461e-07,2.2308e-07,2.6629e-07,2.4679e-07
0.388671,2.9023e-07,2.9727e-07,2.6644e-07,2.6186e-07,2.1178e-07,1.8621e-07,2.8267e-07,2.3622e-07,2.9076e-07,2.4691e-07,2.8733e-07,2.0912e-07,1.5498e-07,2.0155e-07,4.7760e-07,4.1280e-07,5.4781e-07,4.3415e-07,2.4689e-07,6.6874e-07,2.5865e-07,3.0955e-07,6.7229e-08,1.9762e-07,1.2882e-07,2.0955e-07,2.9780e-07,1.9915e-07,1.5646e-07,2.4376e-07,2.0574e-07,3.0033e-07,4.5123e-07,2.6983e-07,2.4330e-07,2.8986e-07,2.6454e-07
0.394092,3.1572e-07,3.2695e-07,2.8980e-07,2.8344e-07,2.3218e-07,2.0550e-07,3.1348e-07,2.6396e-07,3.2112e-07,2.7095e-07,3.1573e-07,2.3362e-07,1.7331e-07,2.2513e-07,5.2882e-07,4.4781e-07,5.9546e-07,4.7343e-07,2.7386e-07,7.3224e-07,2.8914e-07,3.3916e-07,7.5496e-08,2.1804e-07,1.4242e-07,2.3087e-07,3.2448e-07,2.2034e-07,1.7573e-07,2.6636e-07,2.2761e-07,3.2904e-07,4.9128e-07,2.9752e-07,2.6527e-07,3.1542e-07,2.8350e-07
0.39959,3.4334e-07,3.5946e-07,3.1512e-07,3.0670e-07,2.5445e-07,2.2669e-07,3.4747e-07,2.9479e-07,3.5451e-07,2.9720e-07,3.4679e-07,2.6085e-07,1.9367e-07,2.5134e-07,5.8527e-07,4.8564e-07,6.4704e-07,5.1608e-07,3.0364e-07,8.0145e-07,3.2307e-07,3.7145e-07,8.4732e-08,2.4048e-07,1.5739e-07,2.5427e-07,3.5341e-07,2.4366e-07,1.9728e-07,2.9096e-07,2.5168e-07,3.6035e-07,5.3471e-07,3.2791e-07,2.8914e-07,3.4308e-07,3.0373e-07
0.405163,3.7326e-07,3.9502e-07,3.4252e-07,3.3177e-07,2.7874e-07,2.4995e-07,3.8494e-07,3.2906e-07,3.9119e-07,3.2589e-07,3.8076e-07,2.9110e-07,2.1632e-07,2.8045e-07,6.4744e-07,5.2650e-07,7.0286e-07,5.6236e-07,3.3650e-07,8.7686e-07,3.6077e-07,4.0668e-07,9.5045e-08,2.6510e-07,1.7385e-07,2.7991e-07,3.8478e-07,2.6932e-07,2.2134e-07,3.1771e-07,2.7816e-07,3.9448e-07,5.8177e-07,3.6125e-07,3.1503e-07,3.7305e-07,3.2534e-07
0.410815,4.0566e-07,4.3394e-07,3.7220e-07,3.5880e-07,3.0524e-07,2.7548e-07,4.2625e-07,3.6710e-07,4.3149e-07,3.5719e-07,4.1788e-07,3.2468e-07,2.4145e-07,3.1276e-07,7.1588e-07,5.7061e-07,7.6323e-07,6.1257e-07,3.7275e-07,9.5895e-07,4.0266e-07,4.4506e-07,1.0656e-07,2.9212e-07,1.9195e-07,3.0802e-07,4.1876e-07,2.9757e-07,2.4820e-07,3.4679e-07,3.0729e-07,4.3169e-07,6.3277e-07,3.9780e-07,3.4313e-07,4.0550e-07,3.4840e-07
0.416546,4.4072e-07,4.7650e-07,4.0431e-07,3.8790e-07,3.3412e-07,3.0349e-07,4.7175e-07,4.0934e-07,4.7572e-07,3.9136e-07,4.5844e-07,3.6192e-07,2.6934e-07,3.4861e-07,7.9119e-07,6.1821e-07,8.2853e-07,6.6701e-07,4.1270e-07,1.0484e-06,4.4918e-07,4.8689e-07,1.1938e-07,3.2177e-07,2.1184e-07,3.3880e-07,4.5557e-07,3.2862e-07,2.7815e-07,3.7838e-07,3.3932e-07,4.7222e-07,6.8801e-07,4.3786e-07,3.7361e-07,4.4061e-07,3.7301e-07
0.422356,4.7865e-07,5.2301e-07,4.3906e-07,4.1924e-07,3.6559e-07,3.3421e-07,5.2186e-07,4.5619e-07,5.2427e-07,4.2862e-07,5.0273e-07,4.0323e-07,3.0027e-07,3.8838e-07,8.7401e-07,6.6957e-07,8.9911e-07,7.2602e-07,4.5672e-07,1.1457e-06,5.0081e-07,5.3243e-07,1.3370e-07,3.5426e-07,2.3370e-07,3.7250e-07,4.9544e-07,3.6275e-07,3.1155e-07,4.1271e-07,3.7450e-07,5.1635e-07,7.4782e-07,4.8176e-07,4.0666e-07,4.7859e-07,3.9926e-07
0.428248,5.1968e-07,5.7384e-07,4.7664e-07,4.5298e-07,3.9987e-07,3.6786e-07,5.7700e-07,5.0813e-07,5.7752e-07,4.6926e-07,5.5108e-07,4.4900e-07,3.3456e-07,4.3245e-07,9.6506e-07,7.2496e-07,9.7540e-07,7.8996e-07,5.0520e-07,1.2515e-06,5.5807e-07,5.8201e-07,1.4963e-07,3.8989e-07,2.5769e-07,4.0939e-07,5.3859e-07,4.0026e-07,3.4877e-07,4.4998e-07,4.1314e-07,5.6440e-07,8.1257e-07,5.2983e-07,4.4249e-07,5.1967e-07,4.2725e-07
0.434221,5.6405e-07,6.2937e-07,5.1728e-07,4.8929e-07,4.3720e-07,4.0473e-07,6.3765e-07,5.6570e-07,6.3591e-07,5.1357e-07,6.0384e-07,4.9970e-07,3.7253e-07,4.8127e-07,1.0651e-06,7.8469e-07,1.0578e-06,8.5923e-07,5.5856e-07,1.3666e-06,6.2156e-07,6.3598e-07,1.6738e-07,4.2890e-07,2.8402e-07,4.4974e-07,5.8527e-07,4.4144e-07,3.9022e-07,4.9043e-07,4.5556e-07,6.1668e-07,8.8262e-07,5.8245e-07,4.8131e-07,5.6406e-07,4.5710e-07
0.440278,6.1216e-07,6.8749e-07,5.6010e-07,5.2963e-07,4.7864e-07,4.4420e-07,7.0169e-07,6.2712e-07,6.9868e-07,5.6239e-07,6.6480e-07,5.5549e-07,4.1399e-07,5.3293e-07,1.1666e-06,8.4538e-07,1.1453e-06,9.3265e-07,6.1574e-07,1.4808e-06,6.8992e-07,6.8985e-07,1.8607e-07,4.7003e-07,3.1133e-07,4.9366e-07,6.3446e-07,4.8679e-07,4.3605e-07,5.3419e-07,5.0200e-07,6.7253e-07,9.5555e-07,6.3893e-07,5.2432e-07,6.1142e-07,4.8955e-07
0.44642,6.6445e-07,7.4627e-07,6.0436e-07,5.7538e-07,5.2528e-07,4.8567e-07,7.6708e-07,6.9062e-07,7.6513e-07,6.1665e-07,7.3777e-07,6.1662e-07,4.5875e-07,5.8556e-07,1.2623e-06,9.0402e-07,1.2367e-06,1.0092e-06,6.7569e-07,1.5848e-06,7.6179e-07,7.3949e-07,2.0487e-07,5.1204e-07,3.3833e-07,5.4129e-07,6.8525e-07,5.3686e-07,4.8641e-07,5.8140e-07,5.5273e-07,7.3139e-07,1.0293e-06,6.9863e-07,5.7266e-07,6.6139e-07,5.2528e-07
0.452647,7.2096e-07,8.0981e-07,6.5192e-07,6.2487e-07,5.7622e-07,5.3083e-07,8.3823e-07,7.6024e-07,8.3758e-07,6.7587e-07,8.1834e-07,6.8411e-07,5.0806e-07,6.4310e-07,1.3654e-06,9.6652e-07,1.3351e-06,1.0917e-06,7.4116e-07,1.6957e-06,8.4077e-07,7.9251e-07,2.2546e-07,5.5760e-07,3.6753e-07,5.9328e-07,7.3987e-07,5.9180e-07,5.4231e-07,6.3255e-07,6.0832e-07,7.9513e-07,1.1084e-06,7.6362e-07,6.2524e-07,7.1521e-07,5.6347e-07
0.458961,7.8203e-07,8.7847e-07,7.0305e-07,6.7839e-07,6.3184e-07,5.7995e-07,9.1559e-07,8.3651e-07,9.1654e-07,7.4049e-07,9.0725e-07,7.5859e-07,5.6236e-07,7.0602e-07,1.4765e-06,1.0330e-06,1.4409e-06,1.1806e-06,8.1265e-07,1.8139e-06,9.2751e-07,8.4911e-07,2.4803e-07,6.0701e-07,3.9914e-07,6.5000e-07,7.9856e-07,6.5208e-07,6.0431e-07,6.8795e-07,6.6919e-07,8.6412e-07,1.1933e-06,8.3434e-07,6.8240e-07,7.7317e-07,6.0429e-07
0.465363,8.4800e-07,9.5266e-07,7.5795e-07,7.3625e-07,6.9254e-07,6.3338e-07,9.9966e-07,9.2002e-07,1.0026e-06,8.1096e-07,1.0053e-06,8.4074e-07,6.2211e-07,7.7477e-07,1.5961e-06,1.1039e-06,1.5545e-06,1.2762e-06,8.9069e-07,1.9400e-06,1.0228e-06,9.0953e-07,2.7274e-07,6.6058e-07,4.3330e-07,7.1187e-07,8.6163e-07,7.1819e-07,6.7305e-07,7.4793e-07,7.3583e-07,9.3877e-07,1.2842e-06,9.1126e-07,7.4450e-07,8.3555e-07,6.4791e-07
0.471854,9.1923e-07,1.0328e-06,8.1692e-07,7.9879e-07,7.5875e-07,6.9146e-07,1.0910e-06,1.0114e-06,1.0962e-06,8.8780e-07,1.1134e-06,9.3132e-07,6.8784e-07,8.4985e-07,1.7249e-06,1.1794e-06,1.6767e-06,1.3791e-06,9.7577e-07,2.0741e-06,1.1272e-06,9.7400e-07,2.9978e-07,7.1861e-07,4.7025e-07,7.7931e-07,9.2936e-07,7.9064e-07,7.4921e-07,8.1286e-07,8.0875e-07,1.0195e-06,1.3817e-06,9.9491e-07,8.1198e-07,9.0267e-07,6.9448e-07
0.478436,9.9612e-07,1.1192e-06,8.8023e-07,8.6635e-07,8.3095e-07,7.5458e-07,1.1904e-06,1.1115e-06,1.1982e-06,9.7150e-07,1.2326e-06,1.0311e-06,7.6010e-07,9.3185e-07,1.8635e-06,1.2596e-06,1.8078e-06,1.4899e-06,1.0686e-06,2.2171e-06,1.2419e-06,1.0428e-06,3.2936e-07,7.8148e-07,5.1018e-07,8.5280e-07,1.0021e-06,8.7002e-07,8.3357e-07,8.8311e-07,8.8850e-07,1.1068e-06,1.4862e-06,1.0857e-06,8.8525e-07,9.7486e-07,7.4423e-07
0.48511,1.0791e-06,1.2126e-06,9.4819e-07,9.3933e-07,9.0964e-07,8.2315e-07,1.2981e-06,1.2209e-06,1.3091e-06,1.0628e-06,1.3638e-06,1.1410e-06,8.3949e-07,1.0213e-06,2.0126e-06,1.3450e-06,1.9488e-06,1.6090e-06,1.1698e-06,2.3693e-06,1.3676e-06,1.1162e-06,3.6172e-07,8.4955e-07,5.5332e-07,9.3280e-07,1.0801e-06,9.5695e-07,9.2694e-07,9.5910e-07,9.7570e-07,1.2012e-06,1.5982e-06,1.1845e-06,9.6478e-07,1.0525e-06,7.9735e-07
0.491877,1.1686e-06,1.3133e-06,1.0211e-06,1.0181e-06,9.9537e-07,8.9762e-07,1.4151e-06,1.3405e-06,1.4297e-06,1.1621e-06,1.5083e-06,1.2621e-06,9.2666e-07,1.1189e-06,2.1730e-06,1.4359e-06,2.1001e-06,1.7371e-06,1.2802e-06,2.5313e-06,1.5053e-06,1.1944e-06,3.9709e-07,9.2324e-07,5.9991e-07,1.0200e-06,1.1639e-06,1.0522e-06,1.0302e-06,1.0413e-06,1.0709e-06,1.3031e-06,1.7183e-06,1.2917e-06,1.0511e-06,1.1359e-06,8.5404e-07
0.498738,1.2652e-06,1.4218e-06,1.0993e-06,1.1032e-06,1.0888e-06,9.7840e-07,1.5419e-06,1.4711e-06,1.5609e-06,1.2702e-06,1.6672e-06,1.3951e-06,1.0223e-06,1.2254e-06,2.3454e-06,1.5326e-06,2.2626e-06,1.8748e-06,1.4002e-06,2.7036e-06,1.6562e-06,1.2778e-06,4.3573e-07,1.0030e-06,6.5021e-07,1.1148e-06,1.2537e-06,1.1562e-06,1.1445e-06,1.1300e-06,1.1750e-06,1.4132e-06,1.8468e-06,1.4082e-06,1.1447e-06,1.2256e-06,9.1453e-07
0.505695,1.3850e-06,1.5319e-06,1.2004e-06,1.2117e-06,1.1990e-06,1.0720e-06,1.6838e-06,1.6163e-06,1.7204e-06,1.3937e-06,1.8682e-06,1.5345e-06,1.1154e-06,1.3339e-06,2.5021e-06,1.6374e-06,2.4312e-06,2.0152e-06,1.5299e-06,2.8839e-06,1.8224e-06,1.3732e-06,4.7400e-07,1.0847e-06,7.0549e-07,1.2163e-06,1.3595e-06,1.2766e-06,1.2665e-06,1.2433e-06,1.2937e-06,1.5504e-06,1.9825e-06,1.5447e-06,1.2674e-06,1.3384e-06,1.0029e-06
0.512749,1.5273e-06,1.6450e-06,1.3225e-06,1.3432e-06,1.3283e-06,1.1817e-06,1.8433e-06,1.7784e-06,1.9058e-06,1.5321e-06,2.1113e-06,1.6825e-06,1.2120e-06,1.4460e-06,2.6490e-06,1.7524e-06,2.6074e-06,2.1615e-06,1.6706e-06,3.0751e-06,2.0051e-06,1.4804e-06,5.1192e-07,1.1704e-06,7.6858e-07,1.3270e-06,1.4818e-06,1.4137e-06,1.3964e-06,1.3815e-06,1.4287e-06,1.7148e-06,2.1272e-06,1.7017e-06,1.4188e-06,1.4753e-06,1.1177e-06
0.519901,1.6842e-06,1.7655e-06,1.4557e-06,1.4888e-06,1.4745e-06,1.3076e-06,2.0215e-06,1.9587e-06,2.1067e-06,1.6821e-06,2.3832e-06,1.8453e-06,1.3238e-06,1.5668e-06,2.8046e-06,1.8782e-06,2.7949e-06,2.3206e-06,1.8249e-06,3.2817e-06,2.2051e-06,1.5960e-06,5.5145e-07,1.2639e-06,8.4152e-07,1.4506e-06,1.6165e-06,1.5651e-06,1.5365e-06,1.5369e-06,1.5795e-06,1.8981e-06,2.2832e-06,1.8743e-06,1.5886e-06,1.6298e-06,1.2460e-06
0.527153,1.8564e-06,1.8943e-06,1.6015e-06,1.6493e-06,1.6360e-06,1.4462e-06,2.2160e-06,2.1563e-06,2.3277e-06,1.8458e-06,2.6884e-06,2.0229e-06,1.4453e-06,1.6972e-06,2.9242e-06,2.0125e-06,2.9951e-06,2.4908e-06,1.9925e-06,3.5013e-06,2.4241e-06,1.7199e-06,5.9387e-07,1.3646e-06,9.2096e-07,1.5851e-06,1.7628e-06,1.7319e-06,1.6900e-06,1.7087e-06,1.7453e-06,2.1000e-06,2.4499e-06,2.0635e-06,1.7776e-06,1.7996e-06,1.3882e-06
0.534507,2.0452e-06,2.0321e-06,1.7613e-06,1.8262e-06,1.8142e-06,1.5986e-06,2.4283e-06,2.3727e-06,2.5704e-06,2.0248e-06,3.0304e-06,2.2167e-06,1.5774e-06,1.8377e-06,2.9289e-06,2.1559e-06,3.2088e-06,2.6728e-06,2.1746e-06,3.7349e-06,2.6636e-06,1.8531e-06,6.3936e-07,1.4727e-06,1.0074e-06,1.7314e-06,1.9216e-06,1.9155e-06,1.8580e-06,1.8988e-06,1.9277e-06,2.3223e-06,2.5575e-06,2.2708e-06,1.9879e-06,1.9862e-06,1.5459e-06
0.541963,2.2522e-06,2.1792e-06,1.9362e-06,2.0210e-06,2.0110e-06,1.7663e-06,2.6597e-06,2.6097e-06,2.8371e-06,2.2200e-06,3.4136e-06,2.4280e-06,1.7210e-06,1.9893e-06,2.9336e-06,2.3088e-06,3.4370e-06,2.8672e-06,2.3725e-06,3.9831e-06,2.9254e-06,1.9959e-06,6.8813e-07,1.5889e-06,1.1015e-06,1.8905e-06,2.0939e-06,2.1175e-06,2.0418e-06,2.1089e-06,2.1281e-06,2.5669e-06,2.5680e-06,2.4978e-06,2.2218e-06,2.1910e-06,1.7206e-06
0.549522,2.4790e-06,2.3364e-06,2.1274e-06,2.2356e-06,2.2279e-06,1.9506e-06,2.9120e-06,2.8691e-06,3.1299e-06,2.4331e-06,3.8426e-06,2.6139e-06,1.8125e-06,2.1526e-06,2.9383e-06,2.4720e-06,3.6803e-06,3.0750e-06,2.5875e-06,4.2468e-06,3.2117e-06,2.1491e-06,7.4040e-07,1.6597e-06,1.2038e-06,2.0161e-06,2.2808e-06,2.3397e-06,2.2427e-06,2.3410e-06,2.3482e-06,2.8357e-06,2.5784e-06,2.7462e-06,2.4818e-06,2.4159e-06,1.9139e-06
0.557188,2.7275e-06,2.5043e-06,2.3366e-06,2.4717e-06,2.4669e-06,2.1532e-06,3.1869e-06,2.9556e-06,3.4513e-06,2.6655e-06,3.9375e-06,2.6127e-06,1.8196e-06,2.2551e-06,2.9429e-06,2.5431e-06,3.8922e-06,3.2969e-06,2.8210e-06,4.5269e-06,3.5243e-06,2.3135e-06,7.9641e-07,1.6673e-06,1.2268e-06,2.0247e-06,2.4832e-06,2.5839e-06,2.4624e-06,2.5973e-06,2.5898e-06,3.1313e-06,2.5888e-06,3.0179e-06,2.7119e-06,2.6626e-06,2.1278e-06
0.56496,2.7441e-06,2.6835e-06,2.5652e-06,2.5953e-06,2.7303e-06,2.2570e-06,3.2207e-06,2.9642e-06,3.4680e-06,2.9189e-06,3.9329e-06,2.6115e-06,1.8267e-06,2.2576e-06,2.9476e-06,2.5499e-06,3.8942e-06,3.5339e-06,3.0743e-06,4.7364e-06,3.8658e-06,2.4896e-06,8.2413e-07,1.6748e-06,1.2409e-06,2.0333e-06,2.7026e-06,2.8523e-06,2.5844e-06,2.8801e-06,2.8550e-06,3.3477e-06,2.5992e-06,3.2883e-06,2.7210e-06,2.8814e-06,2.3644e-06
0.572841,2.7503e-06,2.8749e-06,2.6194e-06,2.5989e-06,2.8367e-06,2.2713e-06,3.2233e-06,2.9728e-06,3.4634e-06,2.9609e-06,3.9283e-06,2.6102e-06,1.8339e-06,2.2602e-06,2.9523e-06,2.5565e-06,3.8961e-06,3.6267e-06,3.3491e-06,4.7403e-06,4.2385e-06,2.6784e-06,8.2382e-07,1.6823e-06,1.2550e-06,2.0418e-06,2.9402e-06,2.8766e-06,2.5904e-06,3.1921e-06,3.1458e-06,3.3520e-06,2.6096e-06,3.2895e-06,2.7301e-06,2.8875e-06,2.5407e-06
0.580831,2.7563e-06,3.1168e-06,2.6252e-06,2.6027e-06,2.8453e-06,2.2857e-06,3.2257e-06,2.9815e-06,3.4586e-06,2.9608e-06,3.9238e-06,2.6090e-06,1.8410e-06,2.2629e-06,2.9569e-06,2.5632e-06,3.8979e-06,3.6267e-06,3.6522e-06,4.7441e-06,4.6870e-06,2.6970e-06,8.2350e-07,1.6898e-06,1.2691e-06,2.0505e-06,3.0777e-06,2.8785e-06,2.5964e-06,3.2413e-06,3.2508e-06,3.3563e-06,2.6199e-06,3.2906e-06,2.7393e-06,2.8936e-06,2.5455e-06
0.588933,2.7624e-06,3.2880e-06,2.6312e-06,2.6064e-06,2.8538e-06,2.3001e-06,3.2282e-06,2.9900e-06,3.4539e-06,2.9607e-06,3.9191e-06,2.6078e-06,1.8481e-06,2.2654e-06,2.9616e-06,2.5699e-06,3.8997e-06,3.6266e-06,3.6986e-06,4.7481e-06,5.1903e-06,2.6988e-06,8.2319e-07,1.6973e-06,1.2831e-06,2.0591e-06,3.0720e-06,2.8803e-06,2.6024e-06,3.2454e-06,3.2532e-06,3.3606e-06,2.6304e-06,3.2917e-06,2.7483e-06,2.8998e-06,2.5503e-06
0.597148,2.7685e-06,3.2896e-06,2.6371e-06,2.6100e-06,2.8623e-06,2.3144e-06,3.2307e-06,2.9986e-06,3.4491e-06,2.9606e-06,3.9145e-06,2.6065e-06,1.8552e-06,2.2679e-06,2.9662e-06,2.5765e-06,3.9016e-06,3.6266e-06,3.7027e-06,4.7519e-06,5.7446e-06,2.7005e-06,8.2287e-07,1.7047e-06,1.2972e-06,2.0677e-06,3.0663e-06,2.8820e-06,2.6084e-06,3.2494e-06,3.2555e-06,3.3649e-06,2.6407e-06,3.2927e-06,2.7575e-06,2.9058e-06,2.5550e-06
0.605478,2.7745e-06,3.2912e-06,2.6430e-06,2.6138e-06,2.8708e-06,2.3287e-06,3.2331e-06,3.0071e-06,3.4444e-06,2.9604e-06,3.9099e-06,2.6052e-06,1.8621e-06,2.2705e-06,2.9708e-06,2.5831e-06,3.9034e-06,3.6265e-06,3.7069e-06,4.7556e-06,4.9149e-06,2.7021e-06,8.2255e-07,1.7122e-06,1.3113e-06,2.0762e-06,3.0606e-06,2.8838e-06,2.6143e-06,3.2535e-06,3.2579e-06,3.3692e-06,2.6510e-06,3.2938e-06,2.7665e-06,2.9120e-06,2.5598e-06
0.613924,3.1149e-06,3.6889e-06,2.9675e-06,2.9321e-06,3.2255e-06,2.6248e-06,3.6246e-06,3.3783e-06,3.8532e-06,3.3161e-06,4.3748e-06,2.9170e-06,2.0941e-06,2.5463e-06,3.3332e-06,2.9012e-06,4.3747e-06,4.0625e-06,4.1572e-06,5.3318e-06,5.5059e-06,3.0291e-06,9.2110e-07,1.9265e-06,1.4848e-06,2.3354e-06,3.4223e-06,3.2326e-06,2.9354e-06,3.6492e-06,3.6522e-06,3.7791e-06,2.9814e-06,3.6910e-06,3.1094e-06,3.2689e-06,2.8728e-06
0.622488,3.4937e-06,4.1306e-06,3.3285e-06,3.2862e-06,3.6206e-06,2.9556e-06,4.0597e-06,3.7917e-06,4.3065e-06,3.7111e-06,4.8904e-06,3.2631e-06,2.3525e-06,2.8530e-06,3.7362e-06,3.2552e-06,4.8984e-06,4.5465e-06,4.6579e-06,5.9720e-06,6.1621e-06,3.3922e-06,1.0304e-06,2.1655e-06,1.6793e-06,2.6245e-06,3.8230e-06,3.6200e-06,3.2927e-06,4.0893e-06,4.0904e-06,4.2349e-06,3.3497e-06,4.1323e-06,3.4914e-06,3.6662e-06,3.2212e-06
0.631171,3.9148e-06,4.6208e-06,3.7299e-06,3.6794e-06,4.0601e-06,3.3248e-06,4.5427e-06,4.2515e-06,4.8084e-06,4.1493e-06,5.4616e-06,3.6467e-06,2.6402e-06,3.1935e-06,4.1840e-06,3.6491e-06,5.4795e-06,5.0835e-06,5.2139e-06,6.6827e-06,6.8900e-06,3.7953e-06,1.1517e-06,2.4317e-06,1.8974e-06,2.9466e-06,4.2665e-06,4.0501e-06,3.6901e-06,4.5779e-06,4.5768e-06,4.7411e-06,3.7598e-06,4.6218e-06,3.9164e-06,4.1077e-06,3.6083e-06
0.639975,4.3825e-06,5.1642e-06,4.1757e-06,4.1159e-06,4.5486e-06,3.7364e-06,5.0781e-06,4.7626e-06,5.3637e-06,4.6346e-06,6.0935e-06,4.0716e-06,2.9604e-06,3.5713e-06,4.6809e-06,4.0865e-06,6.1236e-06,5.6782e-06,5.8306e-06,7.4708e-06,7.6964e-06,4.2421e-06,1.2860e-06,2.7281e-06,2.1414e-06,3.3048e-06,4.7568e-06,4.5269e-06,4.1313e-06,5.1201e-06,5.1161e-06,5.3027e-06,4.2160e-06,5.1644e-06,4.3890e-06,4.5981e-06,4.0380e-06
0.648902,4.9011e-06,5.7659e-06,4.6702e-06,4.5996e-06,5.0909e-06,4.1948e-06,5.6712e-06,5.3297e-06,5.9773e-06,5.1718e-06,6.7919e-06,4.5414e-06,3.3159e-06,3.9898e-06,5.2317e-06,4.5719e-06,6.8367e-06,6.3365e-06,6.5140e-06,8.3437e-06,8.5887e-06,4.7370e-06,1.4346e-06,3.0575e-06,2.4144e-06,3.7029e-06,5.2984e-06,5.0548e-06,4.6208e-06,5.7209e-06,5.7134e-06,5.9250e-06,4.7230e-06,5.7650e-06,4.9138e-06,5.1418e-06,4.5145e-06
0.657954,5.4758e-06,6.4314e-06,5.2181e-06,5.1350e-06,5.6922e-06,4.7045e-06,6.3273e-06,5.9585e-06,6.6546e-06,5.7655e-06,7.5630e-06,5.0605e-06,3.7106e-06,4.4530e-06,5.8416e-06,5.1100e-06,7.6255e-06,7.0642e-06,7.2703e-06,9.3093e-06,9.5755e-06,5.2844e-06,1.5988e-06,3.4232e-06,2.7190e-06,4.1450e-06,5.8958e-06,5.6389e-06,5.1632e-06,6.3859e-06,6.3741e-06,6.6139e-06,5.2856e-06,6.4293e-06,5.4959e-06,5.7443e-06,5.0422e-06
0.667131,6.1119e-06,7.1666e-06,5.8245e-06,5.7271e-06,6.3581e-06,5.2707e-06,7.0525e-06,6.6549e-06,7.4011e-06,6.4210e-06,8.4133e-06,5.6334e-06,4.1480e-06,4.9651e-06,6.5161e-06,5.7057e-06,8.4969e-06,7.8675e-06,8.1063e-06,1.0376e-05,1.0665e-05,5.8893e-06,1.7799e-06,3.8288e-06,3.0589e-06,4.6351e-06,6.5540e-06,6.2842e-06,5.7634e-06,7.1211e-06,7.1043e-06,7.3755e-06,5.9093e-06,7.1629e-06,6.1407e-06,6.4110e-06,5.6261e-06
0.676437,6.8149e-06,7.9778e-06,6.4948e-06,6.3810e-06,7.0948e-06,5.8990e-06,7.8527e-06,7.4252e-06,8.2232e-06,7.1438e-06,9.3494e-06,6.2649e-06,4.6324e-06,5.5305e-06,7.2612e-06,6.3644e-06,9.4578e-06,8.7535e-06,9.0294e-06,1.1554e-05,1.1865e-05,6.5567e-06,1.9796e-06,4.2782e-06,3.4375e-06,5.1778e-06,7.2785e-06,6.9963e-06,6.4271e-06,7.9330e-06,7.9102e-06,8.2166e-06,6.5999e-06,7.9723e-06,6.8544e-06,7.1478e-06,6.2712e-06
0.685873,7.5911e-06,8.8719e-06,7.2350e-06,7.1024e-06,7.9088e-06,6.5953e-06,8.7350e-06,8.2762e-06,9.1275e-06,7.9399e-06,1.0380e-05,6.9601e-06,5.1679e-06,6.1541e-06,8.0833e-06,7.0919e-06,1.0518e-05,9.7297e-06,1.0047e-05,1.2853e-05,1.3188e-05,7.2925e-06,2.1995e-06,4.7754e-06,3.8585e-06,5.7783e-06,8.0748e-06,7.7812e-06,7.1599e-06,8.8286e-06,8.7985e-06,9.1444e-06,7.3636e-06,8.8641e-06,7.6431e-06,7.9612e-06,6.9833e-06
0.69544,8.4470e-06,9.8558e-06,8.0511e-06,7.8973e-06,8.8070e-06,7.3661e-06,9.7066e-06,9.2153e-06,1.0121e-05,8.8159e-06,1.1512e-05,7.7245e-06,5.7595e-06,6.8409e-06,8.9892e-06,7.8945e-06,1.1684e-05,1.0803e-05,1.1168e-05,1.4283e-05,1.4645e-05,8.1025e-06,2.4413e-06,5.3248e-06,4.3263e-06,6.4416e-06,8.9489e-06,8.6453e-06,7.9679e-06,9.8148e-06,9.7765e-06,1.0166e-05,8.2073e-06,9.8455e-06,8.5137e-06,8.8581e-06,7.7682e-06
0.705141,9.3895e-06,1.0938e-05,8.9499e-06,8.7720e-06,9.7970e-06,8.2180e-06,1.0774e-05,1.0250e-05,1.1211e-05,9.7784e-06,1.2754e-05,8.5640e-06,6.4119e-06,7.5965e-06,9.9864e-06,8.7787e-06,1.2966e-05,1.1982e-05,1.2403e-05,1.5856e-05,1.6244e-05,8.9932e-06,2.7069e-06,5.9311e-06,4.8454e-06,7.1734e-06,9.9071e-06,9.5956e-06,8.8580e-06,1.0900e-05,1.0852e-05,1.1291e-05,9.1379e-06,1.0924e-05,9.4735e-06,9.8455e-06,8.6322e-06
0.714977,1.0427e-05,1.2126e-05,9.9388e-06,9.7336e-06,1.0887e-05,9.1586e-06,1.1947e-05,1.1389e-05,1.2404e-05,1.0834e-05,1.4115e-05,9.4847e-06,7.1307e-06,8.4266e-06,1.1082e-05,9.7512e-06,1.4374e-05,1.3277e-05,1.3757e-05,1.7582e-05,1.7999e-05,9.9707e-06,2.9983e-06,6.5994e-06,5.4205e-06,7.9799e-06,1.0957e-05,1.0639e-05,9.8371e-06,1.2093e-05,1.2033e-05,1.2527e-05,1.0164e-05,1.2109e-05,1.0531e-05,1.0932e-05,9.5826e-06
0.72495,1.1565e-05,1.3428e-05,1.1025e-05,1.0788e-05,1.2085e-05,1.0195e-05,1.3234e-05,1.2641e-05,1.3711e-05,1.1991e-05,1.5605e-05,1.0494e-05,7.9215e-06,9.3373e-06,1.2285e-05,1.0821e-05,1.5917e-05,1.4695e-05,1.5245e-05,1.9477e-05,1.9923e-05,1.1044e-05,3.3174e-06,7.3351e-06,6.0568e-06,8.8675e-06,1.2105e-05,1.1783e-05,1.0912e-05,1.3402e-05,1.3329e-05,1.3882e-05,1.1291e-05,1.3407e-05,1.1693e-05,1.2125e-05,1.0626e-05
0.735063,1.2815e-05,1.4855e-05,1.2216e-05,1.1945e-05,1.3399e-05,1.1338e-05,1.4644e-05,1.4015e-05,1.5138e-05,1.3258e-05,1.7233e-05,1.1597e-05,8.7903e-06,1.0336e-05,1.3605e-05,1.1993e-05,1.7608e-05,1.6248e-05,1.6874e-05,2.1552e-05,2.2028e-05,1.2219e-05,3.6665e-06,8.1438e-06,6.7599e-06,9.8427e-06,1.3358e-05,1.3036e-05,1.2093e-05,1.4836e-05,1.4748e-05,1.5369e-05,1.2531e-05,1.4829e-05,1.2969e-05,1.3434e-05,1.1769e-05
0.745316,1.4183e-05,1.6415e-05,1.3522e-05,1.3211e-05,1.4841e-05,1.2593e-05,1.6186e-05,1.5521e-05,1.6696e-05,1.4641e-05,1.9009e-05,1.2802e-05,9.7439e-06,1.1428e-05,1.5048e-05,1.3279e-05,1.9456e-05,1.7945e-05,1.8658e-05,2.3822e-05,2.4329e-05,1.3503e-05,4.0480e-06,9.0315e-06,7.5358e-06,1.0913e-05,1.4725e-05,1.4406e-05,1.3385e-05,1.6407e-05,1.6300e-05,1.6995e-05,1.3891e-05,1.6383e-05,1.4369e-05,1.4867e-05,1.3023e-05
0.755713,1.5679e-05,1.8118e-05,1.4949e-05,1.4595e-05,1.6420e-05,1.3971e-05,1.7870e-05,1.7170e-05,1.8393e-05,1.6152e-05,2.0946e-05,1.4116e-05,1.0788e-05,1.2622e-05,1.6627e-05,1.4686e-05,2.1473e-05,1.9797e-05,2.0606e-05,2.6302e-05,2.6839e-05,1.4907e-05,4.4641e-06,1.0005e-05,8.3905e-06,1.2087e-05,1.6215e-05,1.5903e-05,1.4800e-05,1.8123e-05,1.7995e-05,1.8773e-05,1.5381e-05,1.8080e-05,1.5901e-05,1.6435e-05,1.4393e-05
0.766254,1.7315e-05,1.9976e-05,1.6509e-05,1.6105e-05,1.8145e-05,1.5482e-05,1.9707e-05,1.8972e-05,2.0239e-05,1.7798e-05,2.3055e-05,1.5548e-05,1.1931e-05,1.3923e-05,1.8350e-05,1.6224e-05,2.3674e-05,2.1815e-05,2.2732e-05,2.9007e-05,2.9576e-05,1.6437e-05,4.9174e-06,1.1070e-05,9.3308e-06,1.3371e-05,1.7834e-05,1.7535e-05,1.6345e-05,1.9995e-05,1.9844e-05,2.0713e-05,1.7012e-05,1.9929e-05,1.7578e-05,1.8148e-05,1.5889e-05
0.776943,1.9099e-05,2.1998e-05,1.8211e-05,1.7751e-05,2.0029e-05,1.7136e-05,2.1708e-05,2.0940e-05,2.2246e-05,1.9589e-05,2.5345e-05,1.7105e-05,1.3179e-05,1.5343e-05,2.0228e-05,1.7902e-05,2.6069e-05,2.4011e-05,2.5049e-05,3.1953e-05,3.2554e-05,1.8104e-05,5.4106e-06,1.2235e-05,1.0364e-05,1.4775e-05,1.9591e-05,1.9313e-05,1.8030e-05,2.2035e-05,2.1857e-05,2.2827e-05,1.8794e-05,2.1943e-05,1.9408e-05,2.0016e-05,1.7520e-05
0.78778,1.9437e-05,2.2352e-05,1.8535e-05,1.8052e-05,2.0398e-05,1.7499e-05,2.2062e-05,2.1323e-05,2.2560e-05,1.9893e-05,2.5709e-05,1.7363e-05,1.3432e-05,1.5598e-05,2.0574e-05,1.8225e-05,2.6487e-05,2.4384e-05,2.5467e-05,3.2475e-05,3.6008e-05,1.8396e-05,5.4926e-06,1.2475e-05,1.0620e-05,1.5062e-05,1.9857e-05,1.9625e-05,1.8351e-05,2.2406e-05,2.2214e-05,2.3211e-05,1.9156e-05,2.2292e-05,1.9771e-05,2.0367e-05,1.7825e-05
0.798769,1.9477e-05,2.2363e-05,1.8574e-05,1.8077e-05,2.0455e-05,1.7595e-05,2.2078e-05,2.1381e-05,2.2528e-05,1.9892e-05,2.5677e-05,1.7353e-05,1.3480e-05,1.5616e-05,2.0605e-05,1.8269e-05,2.6499e-05,2.4384e-05,2.5495e-05,3.2500e-05,3.9641e-05,1.8408e-05,5.4904e-06,1.2526e-05,1.0714e-05,1.5120e-05,1.9819e-05,1.9637e-05,1.8391e-05,2.2433e-05,2.2228e-05,2.3239e-05,1.9225e-05,2.2298e-05,1.9832e-05,2.0408e-05,1.7857e-05
0.809911,1.9518e-05,2.2374e-05,1.8614e-05,1.8101e-05,2.0512e-05,1.7692e-05,2.2095e-05,2.1438e-05,2.2495e-05,1.9891e-05,2.5645e-05,1.7345e-05,1.3527e-05,1.5633e-05,2.0636e-05,1.8314e-05,2.6510e-05,2.4383e-05,2.5522e-05,3.2526e-05,3.9644e-05,1.8419e-05,5.4882e-06,1.2576e-05,1.0809e-05,1.5177e-05,1.9781e-05,1.9649e-05,1.8431e-05,2.2460e-05,2.2244e-05,2.3268e-05,1.9295e-05,2.2306e-05,1.9893e-05,2.0449e-05,1.7889e-05
0.821209,1.9558e-05,2.2384e-05,1.8653e-05,1.8125e-05,2.0569e-05,1.7788e-05,2.2111e-05,2.1496e-05,2.2463e-05,1.9890e-05,2.5614e-05,1.7336e-05,1.3575e-05,1.5650e-05,2.0666e-05,1.8359e-05,2.6523e-05,2.4382e-05,2.5550e-05,3.2552e-05,3.9647e-05,1.8431e-05,5.4860e-06,1.2625e-05,1.0903e-05,1.5235e-05,1.9741e-05,1.9660e-05,1.8471e-05,2.2487e-05,2.2260e-05,2.3297e-05,1.9364e-05,2.2312e-05,1.9954e-05,2.0490e-05,1.7920e-05
0.832664,1.9599e-05,2.2395e-05,1.8692e-05,1.8151e-05,2.0625e-05,1.7884e-05,2.2128e-05,2.1553e-05,2.2431e-05,1.9888e-05,2.5583e-05,1.7327e-05,1.3622e-05,1.5666e-05,2.0697e-05,1.8403e-05,2.6535e-05,2.4381e-05,2.5578e-05,3.2577e-05,3.9649e-05,1.8442e-05,5.4837e-06,1.2676e-05,1.0998e-05,1.5292e-05,1.9703e-05,1.9672e-05,1.8511e-05,2.2514e-05,2.2275e-05,2.3326e-05,1.9434e-05,2.2320e-05,2.0015e-05,2.0531e-05,1.7952e-05
0.844279,1.9639e-05,2.2407e-05,1.8732e-05,1.8175e-05,2.0682e-05,1.7981e-05,2.2144e-05,2.1610e-05,2.2399e-05,1.9887e-05,2.5552e-05,1.7319e-05,1.3669e-05,1.5683e-05,2.0728e-05,1.8448e-05,2.6547e-05,2.4381e-05,2.5606e-05,3.2602e-05,3.9653e-05,1.8453e-05,5.4816e-06,1.2726e-05,1.1092e-05,1.5349e-05,1.9664e-05,1.9685e-05,1.8552e-05,2.2542e-05,2.2291e-05,2.3354e-05,1.9503e-05,2.2326e-05,2.0076e-05,2.0571e-05,1.7984e-05
0.856056,1.9680e-05,2.2418e-05,1.8772e-05,1.8200e-05,2.0740e-05,1.8077e-05,2.2160e-05,2.1668e-05,2.2366e-05,1.9886e-05,2.5520e-05,1.7310e-05,1.3716e-05,1.5701e-05,2.0759e-05,1.8492e-05,2.6559e-05,2.4380e-05,2.5633e-05,3.2628e-05,3.9656e-05,1.8465e-05,5.4793e-06,1.2776e-05,1.1187e-05,1.5407e-05,1.9626e-05,1.9696e-05,1.8592e-05,2.2569e-05,2.2307e-05,2.3383e-05,1.9573e-05,2.2333e-05,2.0137e-05,2.0612e-05,1.8015e-05
0.867997,1.9720e-05,2.2428e-05,1.8812e-05,1.8224e-05,2.0797e-05,1.8173e-05,2.2176e-05,2.1725e-05,2.2335e-05,1.9884e-05,2.5489e-05,1.7301e-05,1.3764e-05,1.5718e-05,2.0791e-05,1.8536e-05,2.6571e-05,2.4379e-05,2.5661e-05,3.2653e-05,3.9659e-05,1.8476e-05,5.4771e-06,1.2827e-05,1.1282e-05,1.5465e-05,1.9587e-05,1.9708e-05,1.8632e-05,2.2596e-05,2.2323e-05,2.3412e-05,1.9642e-05,2.2340e-05,2.0197e-05,2.0653e-05,1.8047e-05
0.880105,1.9753e-05,2.2430e-05,1.8849e-05,1.8307e-05,2.0816e-05,1.8245e-05,2.2223e-05,2.1764e-05,2.2333e-05,1.9929e-05,2.5432e-05,1.7364e-05,1.3884e-05,1.5806e-05,2.0830e-05,1.8596e-05,2.6595e-05,2.4388e-05,2.5682e-05,3.2671e-05,3.9664e-05,1.8591e-05,5.5661e-06,1.2835e-05,1.1366e-05,1.5495e-05,1.9534e-05,1.9729e-05,1.8672e-05,2.2586e-05,2.2341e-05,2.3411e-05,1.9705e-05,2.2340e-05,2.0249e-05,2.0685e-05,1.8090e-05
0.892381,1.9784e-05,2.2430e-05,1.8887e-05,1.8401e-05,2.0826e-05,1.8312e-05,2.2276e-05,2.1799e-05,2.2338e-05,1.9982e-05,2.5369e-05,1.7441e-05,1.4019e-05,1.5911e-05,2.0871e-05,1.8659e-05,2.6620e-05,2.4397e-05,2.5701e-05,3.2687e-05,3.9670e-05,1.8728e-05,5.6733e-06,1.2835e-05,1.1450e-05,1.5521e-05,1.9479e-05,1.9754e-05,1.8712e-05,2.2568e-05,2.2361e-05,2.3405e-05,1.9768e-05,2.2339e-05,2.0298e-05,2.0716e-05,1.8136e-05
0.904829,1.9815e-05,2.2430e-05,1.8925e-05,1.8496e-05,2.0837e-05,1.8379e-05,2.2328e-05,2.1833e-05,2.2342e-05,2.0035e-05,2.5307e-05,1.7518e-05,1.4152e-05,1.6014e-05,2.0912e-05,1.8721e-05,2.6646e-05,2.4407e-05,2.5721e-05,3.2704e-05,3.9676e-05,1.8864e-05,5.7804e-06,1.2834e-05,1.1534e-05,1.5546e-05,1.9424e-05,1.9777e-05,1.8752e-05,2.2551e-05,2.2380e-05,2.3399e-05,1.9829e-05,2.2337e-05,2.0348e-05,2.0746e-05,1.8181e-05
0.917451,1.9847e-05,2.2430e-05,1.8962e-05,1.8590e-05,2.0848e-05,1.8446e-05,2.2381e-05,2.1868e-05,2.2347e-05,2.0088e-05,2.5243e-05,1.7596e-05,1.4286e-05,1.6118e-05,2.0953e-05,1.8784e-05,2.6672e-05,2.4417e-05,2.5740e-05,3.2720e-05,3.9682e-05,1.9001e-05,5.8876e-06,1.2834e-05,1.1617e-05,1.5571e-05,1.9369e-05,1.9801e-05,1.8791e-05,2.2533e-05,2.2400e-05,2.3393e-05,1.9891e-05,2.2335e-05,2.0398e-05,2.0776e-05,1.8227e-05
0.930248,1.9878e-05,2.2429e-05,1.8999e-05,1.8684e-05,2.0860e-05,1.8513e-05,2.2434e-05,2.1902e-05,2.2351e-05,2.0142e-05,2.5181e-05,1.7672e-05,1.4420e-05,1.6221e-05,2.0994e-05,1.8846e-05,2.6698e-05,2.4427e-05,2.5759e-05,3.2737e-05,3.9688e-05,1.9136e-05,5.9948e-06,1.2834e-05,1.1701e-05,1.5596e-05,1.9314e-05,1.9825e-05,1.8831e-05,2.2516e-05,2.2419e-05,2.3387e-05,1.9953e-05,2.2333e-05,2.0447e-05,2.0806e-05,1.8273e-05
0.943224,1.9909e-05,2.2429e-05,1.9036e-05,1.8778e-05,2.0870e-05,1.8580e-05,2.2487e-05,2.1937e-05,2.2355e-05,2.0196e-05,2.5118e-05,1.7750e-05,1.4555e-05,1.6325e-05,2.1035e-05,1.8908e-05,2.6723e-05,2.4436e-05,2.5778e-05,3.2752e-05,3.9694e-05,1.9273e-05,6.1019e-06,1.2834e-05,1.1785e-05,1.5622e-05,1.9259e-05,1.9849e-05,1.8871e-05,2.2498e-05,2.2438e-05,2.3381e-05,2.0015e-05,2.2332e-05,2.0497e-05,2.0836e-05,1.8318e-05
0.956381,1.9941e-05,2.2429e-05,1.9074e-05,1.8872e-05,2.0881e-05,1.8647e-05,2.2539e-05,2.1971e-05,2.2360e-05,2.0249e-05,2.5056e-05,1.7827e-05,1.4689e-05,1.6428e-05,2.1076e-05,1.8971e-05,2.6750e-05,2.4447e-05,2.5798e-05,3.2769e-05,3.9700e-05,1.9409e-05,6.2091e-06,1.2834e-05,1.1868e-05,1.5647e-05,1.9204e-05,1.9873e-05,1.8911e-05,2.2480e-05,2.2458e-05,2.3375e-05,2.0077e-05,2.2330e-05,2.0546e-05,2.0867e-05,1.8364e-05
0.969722,1.9972e-05,2.2429e-05,1.9111e-05,1.8967e-05,2.0892e-05,1.8714e-05,2.2592e-05,2.2006e-05,2.2365e-05,2.0302e-05,2.4993e-05,1.7903e-05,1.4823e-05,1.6532e-05,2.1117e-05,1.9033e-05,2.6776e-05,2.4456e-05,2.5817e-05,3.2785e-05,3.9705e-05,1.9545e-05,6.3163e-06,1.2834e-05,1.1952e-05,1.5672e-05,1.9149e-05,1.9897e-05,1.8952e-05,2.2463e-05,2.2477e-05,2.3369e-05,2.0139e-05,2.2328e-05,2.0596e-05,2.0897e-05,1.8411e-05
0.983249,2.0003e-05,2.2429e-05,1.9149e-05,1.9061e-05,2.0902e-05,1.8781e-05,2.2645e-05,2.2040e-05,2.2369e-05,2.0356e-05,2.4930e-05,1.7981e-05,1.4957e-05,1.6635e-05,2.1158e-05,1.9096e-05,2.6801e-05,2.4466e-05,2.5836e-05,3.2801e-05,3.9712e-05,1.9681e-05,6.4234e-06,1.2833e-05,1.2036e-05,1.5698e-05,1.9094e-05,1.9920e-05,1.8992e-05,2.2446e-05,2.2497e-05,2.3362e-05,2.0201e-05,2.2326e-05,2.0645e-05,2.0927e-05,1.8456e-05
0.996964,2.0034e-05,2.2428e-05,1.9187e-05,1.9155e-05,2.0914e-05,1.8848e-05,2.2698e-05,2.2075e-05,2.2374e-05,2.0409e-05,2.4867e-05,1.8058e-05,1.5091e-05,1.6740e-05,2.1199e-05,1.9159e-05,2.6827e-05,2.4476e-05,2.5855e-05,3.2818e-05,3.9718e-05,1.9817e-05,6.5306e-06,1.2833e-05,1.2119e-05,1.5723e-05,1.9039e-05,1.9945e-05,1.9031e-05,2.2428e-05,2.2517e-05,2.3357e-05,2.0263e-05,2.2325e-05,2.0694e-05,2.0957e-05,1.8502e-05
1.01087,2.0066e-05,2.2428e-05,1.9224e-05,1.9249e-05,2.0925e-05,1.8914e-05,2.2751e-05,2.2109e-05,2.2379e-05,2.0462e-05,2.4805e-05,1.8135e-05,1.5225e-05,1.6843e-05,2.1241e-05,1.9221e-05,2.6853e-05,2.4486e-05,2.5874e-05,3.2834e-05,3.9723e-05,1.9954e-05,6.6377e-06,1.2833e-05,1.2203e-05,1.5748e-05,1.8984e-05,1.9968e-05,1.9071e-05,2.2410e-05,2.2536e-05,2.3350e-05,2.0325e-05,2.2323e-05,2.0744e-05,2.0987e-05,1.8548e-05
1.02497,2.0097e-05,2.2428e-05,1.9261e-05,1.9343e-05,2.0936e-05,1.8981e-05,2.2803e-05,2.2144e-05,2.2383e-05,2.0515e-05,2.4743e-05,1.8212e-05,1.5360e-05,1.6947e-05,2.1282e-05,1.9284e-05,2.6879e-05,2.4495e-05,2.5894e-05,3.2851e-05,3.9729e-05,2.0089e-05,6.7449e-06,1.2833e-05,1.2287e-05,1.5774e-05,1.8929e-05,1.9992e-05,1.9111e-05,2.2394e-05,2.2556e-05,2.3345e-05,2.0387e-05,2.2322e-05,2.0793e-05,2.1017e-05,1.8594e-05
1.03927,2.0128e-05,2.2428e-05,1.9298e-05,1.9437e-05,2.0946e-05,1.9049e-05,2.2856e-05,2.2178e-05,2.2387e-05,2.0570e-05,2.4680e-05,1.8289e-05,1.5494e-05,1.7050e-05,2.1323e-05,1.9346e-05,2.6905e-05,2.4505e-05,2.5913e-05,3.2866e-05,3.9735e-05,2.0225e-05,6.8521e-06,1.2833e-05,1.2370e-05,1.5799e-05,1.8874e-05,2.0017e-05,1.9151e-05,2.2376e-05,2.2575e-05,2.3338e-05,2.0449e-05,2.2320e-05,2.0843e-05,2.1048e-05,1.8639e-05
1.05377,2.0159e-05,2.2428e-05,1.9336e-05,1.9532e-05,2.0957e-05,1.9116e-05,2.2908e-05,2.2213e-05,2.2392e-05,2.0623e-05,2.4617e-05,1.8366e-05,1.5628e-05,1.7154e-05,2.1364e-05,1.9408e-05,2.6931e-05,2.4515e-05,2.5932e-05,3.2883e-05,3.9741e-05,2.0362e-05,6.9592e-06,1.2832e-05,1.2454e-05,1.5824e-05,1.8819e-05,2.0040e-05,1.9191e-05,2.2358e-05,2.2595e-05,2.3333e-05,2.0511e-05,2.2318e-05,2.0892e-05,2.1078e-05,1.8685e-05
1.06846,2.0191e-05,2.2427e-05,1.9374e-05,1.9626e-05,2.0969e-05,1.9183e-05,2.2961e-05,2.2247e-05,2.2396e-05,2.0676e-05,2.4554e-05,1.8443e-05,1.5762e-05,1.7257e-05,2.1405e-05,1.9471e-05,2.6957e-05,2.4524e-05,2.5952e-05,3.2899e-05,3.9746e-05,2.0498e-05,7.0664e-06,1.2832e-05,1.2538e-05,1.5849e-05,1.8764e-05,2.0064e-05,1.9231e-05,2.2340e-05,2.2615e-05,2.3326e-05,2.0572e-05,2.2316e-05,2.0942e-05,2.1108e-05,1.8731e-05
1.08337,2.0222e-05,2.2427e-05,1.9411e-05,1.9720e-05,2.0980e-05,1.9249e-05,2.3014e-05,2.2282e-05,2.2401e-05,2.0729e-05,2.4492e-05,1.8520e-05,1.5896e-05,1.7361e-05,2.1446e-05,1.9533e-05,2.6982e-05,2.4534e-05,2.5970e-05,3.2916e-05,3.9753e-05,2.0634e-05,7.1736e-06,1.2832e-05,1.2621e-05,1.5875e-05,1.8709e-05,2.0087e-05,1.9271e-05,2.2323e-05,2.2634e-05,2.3320e-05,2.0635e-05,2.2314e-05,2.0991e-05,2.1138e-05,1.8776e-05
1.09848,2.0253e-05,2.2427e-05,1.9449e-05,1.9814e-05,2.0990e-05,1.9316e-05,2.3067e-05,2.2316e-05,2.2406e-05,2.0783e-05,2.4429e-05,1.8597e-05,1.6030e-05,1.7464e-05,2.1487e-05,1.9596e-05,2.7008e-05,2.4544e-05,2.5990e-05,3.2932e-05,3.9759e-05,2.0770e-05,7.2807e-06,1.2832e-05,1.2705e-05,1.5900e-05,1.8654e-05,2.0112e-05,1.9311e-05,2.2306e-05,2.2654e-05,2.3314e-05,2.0696e-05,2.2313e-05,2.1040e-05,2.1168e-05,1.8822e-05
1.1138,2.0285e-05,2.2427e-05,1.9486e-05,1.9908e-05,2.1001e-05,1.9383e-05,2.3119e-05,2.2351e-05,2.2410e-05,2.0836e-05,2.4367e-05,1.8675e-05,1.6164e-05,1.7569e-05,2.1528e-05,1.9658e-05,2.7035e-05,2.4554e-05,2.6009e-05,3.2948e-05,3.9764e-05,2.0907e-05,7.3879e-06,1.2832e-05,1.2789e-05,1.5926e-05,1.8599e-05,2.0136e-05,1.9351e-05,2.2288e-05,2.2673e-05,2.3307e-05,2.0759e-05,2.2311e-05,2.1090e-05,2.1198e-05,1.8868e-05
1.12934,2.0316e-05,2.2427e-05,1.9523e-05,2.0003e-05,2.1012e-05,1.9450e-05,2.3172e-05,2.2385e-05,2.2415e-05,2.0889e-05,2.4304e-05,1.8751e-05,1.6299e-05,1.7672e-05,2.1569e-05,1.9721e-05,2.7061e-05,2.4563e-05,2.6028e-05,3.2964e-05,3.9771e-05,2.1043e-05,7.4950e-06,1.2832e-05,1.2872e-05,1.5951e-05,1.8544e-05,2.0159e-05,1.9391e-05,2.2270e-05,2.2692e-05,2.3302e-05,2.0820e-05,2.2310e-05,2.1139e-05,2.1229e-05,1.8913e-05
1.14509,2.0348e-05,2.2426e-05,1.9561e-05,2.0097e-05,2.1023e-05,1.9518e-05,2.3224e-05,2.2420e-05,2.2420e-05,2.0943e-05,2.4241e-05,1.8829e-05,1.6433e-05,1.7776e-05,2.1610e-05,1.9784e-05,2.7086e-05,2.4574e-05,2.6048e-05,3.2980e-05,3.9776e-05,2.1178e-05,7.6022e-06,1.2831e-05,1.2955e-05,1.5976e-05,1.8489e-05,2.0183e-05,1.9431e-05,2.2253e-05,2.2712e-05,2.3295e-05,2.0883e-05,2.2308e-05,2.1190e-05,2.1259e-05,1.8959e-05
1.16107,2.0378e-05,2.2426e-05,1.9598e-05,2.0191e-05,2.1034e-05,1.9584e-05,2.3278e-05,2.2454e-05,2.2423e-05,2.0996e-05,2.4178e-05,1.8906e-05,1.6567e-05,1.7879e-05,2.1651e-05,1.9846e-05,2.7112e-05,2.4583e-05,2.6067e-05,3.2997e-05,3.9782e-05,2.1315e-05,7.7094e-06,1.2831e-05,1.3039e-05,1.6001e-05,1.8434e-05,2.0208e-05,1.9471e-05,2.2236e-05,2.2731e-05,2.3290e-05,2.0944e-05,2.2306e-05,2.1239e-05,2.1289e-05,1.9005e-05
1.17726,2.0410e-05,2.2426e-05,1.9636e-05,2.0285e-05,2.1045e-05,1.9651e-05,2.3331e-05,2.2489e-05,2.2428e-05,2.1050e-05,2.4116e-05,1.8982e-05,1.6700e-05,1.7983e-05,2.1692e-05,1.9909e-05,2.7138e-05,2.4593e-05,2.6086e-05,3.3013e-05,3.9789e-05,2.1451e-05,7.8165e-06,1.2831e-05,1.3122e-05,1.6026e-05,1.8379e-05,2.0231e-05,1.9510e-05,2.2218e-05,2.2751e-05,2.3283e-05,2.1007e-05,2.2305e-05,2.1288e-05,2.1319e-05,1.9050e-05
1.19368,2.0441e-05,2.2426e-05,1.9673e-05,2.0379e-05,2.1056e-05,1.9718e-05,2.3383e-05,2.2523e-05,2.2433e-05,2.1103e-05,2.4053e-05,1.9060e-05,1.6835e-05,1.8086e-05,2.1733e-05,1.9970e-05,2.7164e-05,2.4603e-05,2.6105e-05,3.3030e-05,3.9794e-05,2.1588e-05,7.9237e-06,1.2831e-05,1.3206e-05,1.6051e-05,1.8324e-05,2.0255e-05,1.9550e-05,2.2200e-05,2.2770e-05,2.3278e-05,2.1068e-05,2.2303e-05,2.1338e-05,2.1349e-05,1.9096e-05
1.21033,2.0473e-05,2.2425e-05,1.9711e-05,2.0473e-05,2.1067e-05,1.9785e-05,2.3436e-05,2.2558e-05,2.2437e-05,2.1156e-05,2.3991e-05,1.9137e-05,1.6969e-05,1.8190e-05,2.1775e-05,2.0033e-05,2.7190e-05,2.4613e-05,2.6125e-05,3.3046e-05,3.9800e-05,2.1723e-05,8.0309e-06,1.2831e-05,1.3290e-05,1.6078e-05,1.8269e-05,2.0279e-05,1.9590e-05,2.2183e-05,2.2790e-05,2.3271e-05,2.1130e-05,2.2301e-05,2.1387e-05,2.1380e-05,1.9142e-05
1.22722,2.0503e-05,2.2425e-05,1.9748e-05,2.0568e-05,2.1078e-05,1.9852e-05,2.3488e-05,2.2592e-05,2.2442e-05,2.1209e-05,2.3928e-05,1.9214e-05,1.7103e-05,1.8293e-05,2.1816e-05,2.0096e-05,2.7216e-05,2.4622e-05,2.6144e-05,3.3062e-05,3.9806e-05,2.1860e-05,8.1380e-06,1.2831e-05,1.3373e-05,1.6103e-05,1.8214e-05,2.0303e-05,1.9630e-05,2.2165e-05,2.2809e-05,2.3265e-05,2.1192e-05,2.2299e-05,2.1437e-05,2.1410e-05,1.9188e-05
1.24434,2.0535e-05,2.2425e-05,1.9785e-05,2.0662e-05,2.1089e-05,1.9919e-05,2.3541e-05,2.2627e-05,2.2447e-05,2.1263e-05,2.3865e-05,1.9291e-05,1.7238e-05,1.8397e-05,2.1857e-05,2.0158e-05,2.7242e-05,2.4633e-05,2.6163e-05,3.3078e-05,3.9812e-05,2.1996e-05,8.2452e-06,1.2831e-05,1.3457e-05,1.6128e-05,1.8159e-05,2.0327e-05,1.9671e-05,2.2148e-05,2.2829e-05,2.3259e-05,2.1254e-05,2.2297e-05,2.1486e-05,2.1440e-05,1.9233e-05
1.26169,2.0566e-05,2.2425e-05,1.9823e-05,2.0756e-05,2.1100e-05,1.9986e-05,2.3594e-05,2.2661e-05,2.2451e-05,2.1316e-05,2.3803e-05,1.9368e-05,1.7372e-05,1.8501e-05,2.1898e-05,2.0221e-05,2.7267e-05,2.4642e-05,2.6182e-05,3.3094e-05,3.9818e-05,2.2132e-05,8.3524e-06,1.2831e-05,1.3540e-05,1.6153e-05,1.8104e-05,2.0350e-05,1.9711e-05,2.2131e-05,2.2849e-05,2.3253e-05,2.1316e-05,2.2296e-05,2.1536e-05,2.1470e-05,1.9279e-05
1.27929,2.0597e-05,2.2425e-05,1.9861e-05,2.0850e-05,2.1110e-05,2.0053e-05,2.3647e-05,2.2696e-05,2.2456e-05,2.1370e-05,2.3740e-05,1.9445e-05,1.7505e-05,1.8605e-05,2.1939e-05,2.0283e-05,2.7293e-05,2.4652e-05,2.6201e-05,3.3111e-05,3.9824e-05,2.2268e-05,8.4594e-06,1.2831e-05,1.3624e-05,1.6178e-05,1.8049e-05,2.0375e-05,1.9750e-05,2.2113e-05,2.2868e-05,2.3247e-05,2.1378e-05,2.2295e-05,2.1585e-05,2.1500e-05,1.9325e-05
1.29714,2.0629e-05,2.2424e-05,1.9898e-05,2.0944e-05,2.1122e-05,2.0120e-05,2.3699e-05,2.2730e-05,2.2460e-05,2.1423e-05,2.3678e-05,1.9522e-05,1.7640e-05,1.8708e-05,2.1980e-05,2.0346e-05,2.7320e-05,2.4661e-05,2.6221e-05,3.3127e-05,3.9830e-05,2.2404e-05,8.5666e-06,1.2831e-05,1.3708e-05,1.6203e-05,1.7994e-05,2.0398e-05,1.9790e-05,2.2095e-05,2.2888e-05,2.3241e-05,2.1440e-05,2.2293e-05,2.1634e-05,2.1530e-05,1.9370e-05
1.31523,2.0660e-05,2.2424e-05,1.9935e-05,2.1039e-05,2.1133e-05,2.0187e-05,2.3752e-05,2.2765e-05,2.2464e-05,2.1477e-05,2.3614e-05,1.9599e-05,1.7774e-05,1.8812e-05,2.2021e-05,2.0409e-05,2.7346e-05,2.4672e-05,2.6240e-05,3.3144e-05,3.9835e-05,2.2541e-05,8.6737e-06,1.2831e-05,1.3791e-05,1.6229e-05,1.7939e-05,2.0422e-05,1.9830e-05,2.2078e-05,2.2907e-05,2.3235e-05,2.1502e-05,2.2291e-05,2.1684e-05,2.1561e-05,1.9417e-05
1.33358,2.0692e-05,2.2424e-05,1.9973e-05,2.1133e-05,2.1143e-05,2.0253e-05,2.3804e-05,2.2799e-05,2.2469e-05,2.1530e-05,2.3552e-05,1.9676e-05,1.7908e-05,1.8915e-05,2.2062e-05,2.0470e-05,2.7371e-05,2.4681e-05,2.6259e-05,3.3160e-05,3.9842e-05,2.2677e-05,8.7809e-06,1.2830e-05,1.3875e-05,1.6255e-05,1.7884e-05,2.0446e-05,1.9870e-05,2.2061e-05,2.2927e-05,2.3229e-05,2.1565e-05,2.2289e-05,2.1733e-05,2.1591e-05,1.9463e-05
1.35218,2.0722e-05,2.2424e-05,2.0010e-05,2.1227e-05,2.1154e-05,2.0321e-05,2.3858e-05,2.2834e-05,2.2474e-05,2.1583e-05,2.3489e-05,1.9754e-05,1.8042e-05,1.9019e-05,2.2104e-05,2.0533e-05,2.7397e-05,2.4691e-05,2.6279e-05,3.3177e-05,3.9847e-05,2.2813e-05,8.8881e-06,1.2830e-05,1.3959e-05,1.6280e-05,1.7829e-05,2.0470e-05,1.9910e-05,2.2043e-05,2.2946e-05,2.3223e-05,2.1626e-05,2.2287e-05,2.1783e-05,2.1620e-05,1.9508e-05
1.37104,2.0754e-05,2.2424e-05,2.0047e-05,2.1321e-05,2.1165e-05,2.0388e-05,2.3910e-05,2.2868e-05,2.2478e-05,2.1636e-05,2.3427e-05,1.9830e-05,1.8177e-05,1.9122e-05,2.2145e-05,2.0595e-05,2.7423e-05,2.4701e-05,2.6297e-05,3.3192e-05,3.9853e-05,2.2949e-05,8.9952e-06,1.2830e-05,1.4042e-05,1.6305e-05,1.7774e-05,2.0494e-05,1.9950e-05,2.2025e-05,2.2965e-05,2.3216e-05,2.1689e-05,2.2286e-05,2.1832e-05,2.1651e-05,1.9554e-05
1.39017,2.0785e-05,2.2423e-05,2.0085e-05,2.1415e-05,2.1177e-05,2.0455e-05,2.3963e-05,2.2903e-05,2.2483e-05,2.1690e-05,2.3364e-05,1.9907e-05,1.8310e-05,1.9226e-05,2.2186e-05,2.0658e-05,2.7448e-05,2.4711e-05,2.6317e-05,3.3208e-05,3.9860e-05,2.3085e-05,9.1024e-06,1.2830e-05,1.4126e-05,1.6330e-05,1.7719e-05,2.0518e-05,1.9989e-05,2.2008e-05,2.2985e-05,2.3210e-05,2.1750e-05,2.2284e-05,2.1882e-05,2.1681e-05,1.9600e-05
1.40956,2.0817e-05,2.2423e-05,2.0123e-05,2.1509e-05,2.1187e-05,2.0522e-05,2.4016e-05,2.2937e-05,2.2488e-05,2.1744e-05,2.3301e-05,1.9985e-05,1.8444e-05,1.9329e-05,2.2227e-05,2.0721e-05,2.7475e-05,2.4720e-05,2.6337e-05,3.3225e-05,3.9865e-05,2.3222e-05,9.2096e-06,1.2830e-05,1.4210e-05,1.6355e-05,1.7664e-05,2.0542e-05,2.0030e-05,2.1991e-05,2.3004e-05,2.3204e-05,2.1812e-05,2.2283e-05,2.1931e-05,2.1711e-05,1.9645e-05
1.42922,2.0847e-05,2.2423e-05,2.0160e-05,2.1604e-05,2.1198e-05,2.0588e-05,2.4068e-05,2.2972e-05,2.2492e-05,2.1797e-05,2.3238e-05,2.0061e-05,1.8579e-05,1.9434e-05,2.2269e-05,2.0783e-05,2.7501e-05,2.4730e-05,2.6355e-05,3.3241e-05,3.9871e-05,2.3357e-05,9.3167e-06,1.2830e-05,1.4293e-05,1.6381e-05,1.7609e-05,2.0566e-05,2.0070e-05,2.1973e-05,2.3024e-05,2.3198e-05,2.1874e-05,2.2281e-05,2.1981e-05,2.1742e-05,1.9691e-05
1.44916,2.0879e-05,2.2423e-05,2.0197e-05,2.1698e-05,2.1209e-05,2.0655e-05,2.4121e-05,2.3006e-05,2.2497e-05,2.1850e-05,2.3176e-05,2.0139e-05,1.8713e-05,1.9537e-05,2.2310e-05,2.0846e-05,2.7527e-05,2.4740e-05,2.6375e-05,3.3258e-05,3.9877e-05,2.3494e-05,9.4242e-06,1.2829e-05,1.4377e-05,1.6406e-05,1.7554e-05,2.0589e-05,2.0110e-05,2.1955e-05,2.3043e-05,2.3192e-05,2.1936e-05,2.2279e-05,2.2031e-05,2.1772e-05,1.9737e-05
1.46937,2.0910e-05,2.2423e-05,2.0235e-05,2.1792e-05,2.1220e-05,2.0722e-05,2.4174e-05,2.3041e-05,2.2501e-05,2.1904e-05,2.3113e-05,2.0216e-05,1.8847e-05,1.9641e-05,2.2351e-05,2.0908e-05,2.7552e-05,2.4749e-05,2.6394e-05,3.3274e-05,3.9883e-05,2.3630e-05,9.5307e-06,1.2829e-05,1.4461e-05,1.6432e-05,1.7499e-05,2.0613e-05,2.0150e-05,2.1938e-05,2.3063e-05,2.3186e-05,2.1998e-05,2.2278e-05,2.2080e-05,2.1802e-05,1.9782e-05
1.48987,2.0962e-05,2.2440e-05,2.0261e-05,2.1820e-05,2.1242e-05,2.0789e-05,2.4123e-05,2.3057e-05,2.2504e-05,2.1951e-05,2.3104e-05,2.0252e-05,1.8933e-05,1.9740e-05,2.2371e-05,2.0927e-05,2.7499e-05,2.4759e-05,2.6384e-05,3.3228e-05,3.9832e-05,2.3775e-05,9.6643e-06,1.2866e-05,1.4502e-05,1.6438e-05,1.7475e-05,2.0632e-05,2.0228e-05,2.1958e-05,2.3091e-05,2.3177e-05,2.2024e-05,2.2298e-05,2.2121e-05,2.1811e-05,1.9851e-05
1.51065,2.1015e-05,2.2458e-05,2.0287e-05,2.1845e-05,2.1263e-05,2.0854e-05,2.4069e-05,2.3074e-05,2.2506e-05,2.1998e-05,2.3097e-05,2.0289e-05,1.9017e-05,1.9838e-05,2.2392e-05,2.0945e-05,2.7442e-05,2.4768e-05,2.6373e-05,3.3180e-05,3.9777e-05,2.3920e-05,9.7979e-06,1.2904e-05,1.4541e-05,1.6445e-05,1.7452e-05,2.0650e-05,2.0307e-05,2.1979e-05,2.3119e-05,2.3168e-05,2.2050e-05,2.2321e-05,2.2161e-05,2.1818e-05,1.9921e-05
1.53172,2.1067e-05,2.2476e-05,2.0313e-05,2.1870e-05,2.1286e-05,2.0920e-05,2.4016e-05,2.3091e-05,2.2509e-05,2.2045e-05,2.3089e-05,2.0324e-05,1.9101e-05,1.9937e-05,2.2412e-05,2.0963e-05,2.7386e-05,2.4777e-05,2.6362e-05,3.3132e-05,3.9724e-05,2.4065e-05,9.9315e-06,1.2942e-05,1.4581e-05,1.6452e-05,1.7430e-05,2.0668e-05,2.0388e-05,2.2001e-05,2.3148e-05,2.3158e-05,2.2076e-05,2.2342e-05,2.2202e-05,2.1827e-05,1.9991e-05
1.55309,2.1121e-05,2.2493e-05,2.0339e-05,2.1896e-05,2.1308e-05,2.0985e-05,2.3962e-05,2.3108e-05,2.2512e-05,2.2092e-05,2.3083e-05,2.0360e-05,1.9185e-05,2.0036e-05,2.2432e-05,2.0980e-05,2.7330e-05,2.4787e-05,2.6351e-05,3.3084e-05,3.9671e-05,2.4210e-05,1.0065e-05,1.2981e-05,1.4620e-05,1.6458e-05,1.7406e-05,2.0686e-05,2.0467e-05,2.2022e-05,2.3176e-05,2.3149e-05,2.2101e-05,2.2364e-05,2.2243e-05,2.1835e-05,2.0061e-05
1.57475,2.1173e-05,2.2511e-05,2.0365e-05,2.1921e-05,2.1330e-05,2.1052e-05,2.3908e-05,2.3125e-05,2.2515e-05,2.2139e-05,2.3075e-05,2.0395e-05,1.9270e-05,2.0135e-05,2.2452e-05,2.0998e-05,2.7274e-05,2.4796e-05,2.6340e-05,3.3036e-05,3.9618e-05,2.4356e-05,1.0199e-05,1.3019e-05,1.4660e-05,1.6465e-05,1.7384e-05,2.0705e-05,2.0547e-05,2.2044e-05,2.3204e-05,2.3140e-05,2.2127e-05,2.2386e-05,2.2284e-05,2.1842e-05,2.0132e-05
1.59672,2.1226e-05,2.2529e-05,2.0390e-05,2.1947e-05,2.1352e-05,2.1117e-05,2.3854e-05,2.3141e-05,2.2518e-05,2.2187e-05,2.3068e-05,2.0432e-05,1.9354e-05,2.0234e-05,2.2473e-05,2.1016e-05,2.7217e-05,2.4804e-05,2.6329e-05,3.2988e-05,3.9563e-05,2.4501e-05,1.0332e-05,1.3057e-05,1.4699e-05,1.6472e-05,1.7362e-05,2.0722e-05,2.0627e-05,2.2065e-05,2.3232e-05,2.3131e-05,2.2152e-05,2.2408e-05,2.2325e-05,2.1851e-05,2.0202e-05
1.61899,2.1278e-05,2.2546e-05,2.0417e-05,2.1972e-05,2.1374e-05,2.1183e-05,2.3801e-05,2.3158e-05,2.2520e-05,2.2233e-05,2.3060e-05,2.0467e-05,1.9437e-05,2.0333e-05,2.2492e-05,2.1034e-05,2.7161e-05,2.4814e-05,2.6318e-05,3.2939e-05,3.9510e-05,2.4647e-05,1.0466e-05,1.3095e-05,1.4739e-05,1.6479e-05,1.7338e-05,2.0741e-05,2.0707e-05,2.2086e-05,2.3261e-05,2.3122e-05,2.2177e-05,2.2429e-05,2.2366e-05,2.1858e-05,2.0272e-05
1.64157,2.1331e-05,2.2564e-05,2.0443e-05,2.1997e-05,2.1396e-05,2.1249e-05,2.3747e-05,2.3175e-05,2.2523e-05,2.2281e-05,2.3053e-05,2.0502e-05,1.9521e-05,2.0432e-05,2.2513e-05,2.1051e-05,2.7105e-05,2.4823e-05,2.6308e-05,3.2892e-05,3.9457e-05,2.4791e-05,1.0600e-05,1.3133e-05,1.4779e-05,1.6485e-05,1.7316e-05,2.0759e-05,2.0787e-05,2.2107e-05,2.3289e-05,2.3112e-05,2.2203e-05,2.2451e-05,2.2407e-05,2.1867e-05,2.0342e-05
1.66447,2.1384e-05,2.2582e-05,2.0469e-05,2.2022e-05,2.1418e-05,2.1315e-05,2.3693e-05,2.3192e-05,2.2526e-05,2.2327e-05,2.3045e-05,2.0539e-05,1.9606e-05,2.0530e-05,2.2533e-05,2.1069e-05,2.7049e-05,2.4832e-05,2.6296e-05,3.2844e-05,3.9404e-05,2.4937e-05,1.0733e-05,1.3171e-05,1.4819e-05,1.6492e-05,1.7293e-05,2.0777e-05,2.0866e-05,2.2129e-05,2.3317e-05,2.3103e-05,2.2228e-05,2.2473e-05,2.2448e-05,2.1875e-05,2.0412e-05
1.68769,2.1437e-05,2.2600e-05,2.0495e-05,2.2048e-05,2.1440e-05,2.1381e-05,2.3639e-05,2.3209e-05,2.2529e-05,2.2375e-05,2.3038e-05,2.0574e-05,1.9690e-05,2.0629e-05,2.2554e-05,2.1087e-05,2.6992e-05,2.4842e-05,2.6285e-05,3.2795e-05,3.9349e-05,2.5082e-05,1.0867e-05,1.3209e-05,1.4858e-05,1.6498e-05,1.7270e-05,2.0795e-05,2.0946e-05,2.2150e-05,2.3346e-05,2.3094e-05,2.2255e-05,2.2494e-05,2.2488e-05,2.1883e-05,2.0482e-05
1.71123,2.1489e-05,2.2617e-05,2.0521e-05,2.2073e-05,2.1462e-05,2.1446e-05,2.3585e-05,2.3224e-05,2.2532e-05,2.2421e-05,2.3030e-05,2.0610e-05,1.9774e-05,2.0728e-05,2.2573e-05,2.1105e-05,2.6936e-05,2.4850e-05,2.6274e-05,3.2748e-05,3.9296e-05,2.5227e-05,1.1000e-05,1.3247e-05,1.4898e-05,1.6505e-05,1.7247e-05,2.0814e-05,2.1026e-05,2.2172e-05,2.3374e-05,2.3085e-05,2.2280e-05,2.2517e-05,2.2529e-05,2.1891e-05,2.0552e-05
1.7351,2.1542e-05,2.2635e-05,2.0546e-05,2.2098e-05,2.1484e-05,2.1512e-05,2.3531e-05,2.3241e-05,2.2534e-05,2.2468e-05,2.3024e-05,2.0645e-05,1.9858e-05,2.0827e-05,2.2594e-05,2.1122e-05,2.6879e-05,2.4860e-05,2.6264e-05,3.2699e-05,3.9243e-05,2.5372e-05,1.1134e-05,1.3286e-05,1.4937e-05,1.6511e-05,1.7225e-05,2.0832e-05,2.1106e-05,2.2193e-05,2.3402e-05,2.3075e-05,2.2305e-05,2.2538e-05,2.2570e-05,2.1898e-05,2.0622e-05
1.75931,2.1594e-05,2.2653e-05,2.0572e-05,2.2124e-05,2.1506e-05,2.1578e-05,2.3477e-05,2.3258e-05,2.2537e-05,2.2516e-05,2.3016e-05,2.0681e-05,1.9942e-05,2.0926e-05,2.2615e-05,2.1140e-05,2.6822e-05,2.4869e-05,2.6253e-05,3.2652e-05,3.9190e-05,2.5517e-05,1.1268e-05,1.3324e-05,1.4977e-05,1.6518e-05,1.7202e-05,2.0850e-05,2.1185e-05,2.2214e-05,2.3430e-05,2.3066e-05,2.2331e-05,2.2560e-05,2.2611e-05,2.1907e-05,2.0692e-05
1.78385,2.1648e-05,2.2670e-05,2.0598e-05,2.2149e-05,2.1528e-05,2.1644e-05,2.3424e-05,2.3275e-05,2.2540e-05,2.2562e-05,2.3009e-05,2.0717e-05,2.0027e-05,2.1025e-05,2.2634e-05,2.1157e-05,2.6766e-05,2.4878e-05,2.6241e-05,3.2604e-05,3.9135e-05,2.5663e-05,1.1401e-05,1.3362e-05,1.5016e-05,1.6524e-05,1.7179e-05,2.0868e-05,2.1265e-05,2.2236e-05,2.3458e-05,2.3057e-05,2.2356e-05,2.2582e-05,2.2651e-05,2.1914e-05,2.0762e-05
1.80873,2.1700e-05,2.2688e-05,2.0625e-05,2.2174e-05,2.1551e-05,2.1709e-05,2.3370e-05,2.3292e-05,2.2543e-05,2.2610e-05,2.3002e-05,2.0752e-05,2.0111e-05,2.1123e-05,2.2655e-05,2.1175e-05,2.6710e-05,2.4888e-05,2.6230e-05,3.2555e-05,3.9082e-05,2.5808e-05,1.1535e-05,1.3400e-05,1.5056e-05,1.6531e-05,1.7156e-05,2.0887e-05,2.1344e-05,2.2257e-05,2.3486e-05,2.3047e-05,2.2381e-05,2.2603e-05,2.2692e-05,2.1923e-05,2.0832e-05
1.83396,2.1753e-05,2.2706e-05,2.0651e-05,2.2200e-05,2.1572e-05,2.1775e-05,2.3316e-05,2.3308e-05,2.2546e-05,2.2656e-05,2.2994e-05,2.0789e-05,2.0195e-05,2.1222e-05,2.2675e-05,2.1192e-05,2.6654e-05,2.4896e-05,2.6220e-05,3.2508e-05,3.9029e-05,2.5954e-05,1.1668e-05,1.3439e-05,1.5096e-05,1.6537e-05,1.7133e-05,2.0904e-05,2.1425e-05,2.2279e-05,2.3514e-05,2.3039e-05,2.2408e-05,2.2626e-05,2.2733e-05,2.1931e-05,2.0901e-05
1.85954,2.1805e-05,2.2724e-05,2.0676e-05,2.2225e-05,2.1594e-05,2.1841e-05,2.3263e-05,2.3325e-05,2.2548e-05,2.2704e-05,2.2987e-05,2.0824e-05,2.0279e-05,2.1321e-05,2.2696e-05,2.1210e-05,2.6597e-05,2.4905e-05,2.6209e-05,3.2459e-05,3.8976e-05,2.6098e-05,1.1802e-05,1.3477e-05,1.5136e-05,1.6544e-05,1.7111e-05,2.0923e-05,2.1504e-05,2.2300e-05,2.3542e-05,2.3030e-05,2.2433e-05,2.2647e-05,2.2773e-05,2.1938e-05,2.0972e-05
1.88548,2.1858e-05,2.2741e-05,2.0702e-05,2.2250e-05,2.1616e-05,2.1907e-05,2.3209e-05,2.3342e-05,2.2551e-05,2.2751e-05,2.2979e-05,2.0860e-05,2.0363e-05,2.1420e-05,2.2715e-05,2.1228e-05,2.6541e-05,2.4915e-05,2.6197e-05,3.2411e-05,3.8922e-05,2.6244e-05,1.1936e-05,1.3515e-05,1.5175e-05,1.6550e-05,1.7088e-05,2.0941e-05,2.1584e-05,2.2321e-05,2.3571e-05,2.3020e-05,2.2458e-05,2.2669e-05,2.2814e-05,2.1947e-05,2.1042e-05
1.91178,2.1910e-05,2.2759e-05,2.0728e-05,2.2275e-05,2.1638e-05,2.1973e-05,2.3154e-05,2.3359e-05,2.2554e-05,2.2798e-05,2.2972e-05,2.0896e-05,2.0447e-05,2.1519e-05,2.2736e-05,2.1246e-05,2.6485e-05,2.4924e-05,2.6187e-05,3.2363e-05,3.8868e-05,2.6389e-05,1.2069e-05,1.3553e-05,1.5215e-05,1.6557e-05,1.7065e-05,2.0959e-05,2.1663e-05,2.2342e-05,2.3599e-05,2.3011e-05,2.2484e-05,2.2691e-05,2.2855e-05,2.1954e-05,2.1112e-05
1.93845,2.1964e-05,2.2777e-05,2.0754e-05,2.2300e-05,2.1661e-05,2.2038e-05,2.3100e-05,2.3375e-05,2.2557e-05,2.2845e-05,2.2965e-05,2.0931e-05,2.0531e-05,2.1618e-05,2.2756e-05,2.1263e-05,2.6428e-05,2.4933e-05,2.6176e-05,3.2315e-05,3.8815e-05,2.6534e-05,1.2203e-05,1.3591e-05,1.5254e-05,1.6563e-05,1.7043e-05,2.0977e-05,2.1744e-05,2.2364e-05,2.3627e-05,2.3002e-05,2.2509e-05,2.2712e-05,2.2896e-05,2.1963e-05,2.1182e-05
1.96549,2.2017e-05,2.2795e-05,2.0780e-05,2.2326e-05,2.1682e-05,2.2104e-05,2.3047e-05,2.3391e-05,2.2560e-05,2.2892e-05,2.2958e-05,2.0967e-05,2.0615e-05,2.1717e-05,2.2776e-05,2.1281e-05,2.6372e-05,2.4943e-05,2.6165e-05,3.2268e-05,3.8761e-05,2.6680e-05,1.2336e-05,1.3630e-05,1.5294e-05,1.6570e-05,1.7019e-05,2.0996e-05,2.1823e-05,2.2385e-05,2.3656e-05,2.2992e-05,2.2534e-05,2.2735e-05,2.2936e-05,2.1971e-05,2.1252e-05
1.99291,2.2069e-05,2.2812e-05,2.0806e-05,2.2352e-05,2.1704e-05,2.2170e-05,2.2993e-05,2.3408e-05,2.2561e-05,2.2939e-05,2.2950e-05,2.1002e-05,2.0700e-05,2.1815e-05,2.2796e-05,2.1299e-05,2.6316e-05,2.4951e-05,2.6154e-05,3.2219e-05,3.8708e-05,2.6824e-05,1.2470e-05,1.3668e-05,1.5333e-05,1.6577e-05,1.6997e-05,2.1013e-05,2.1903e-05,2.2407e-05,2.3684e-05,2.2983e-05,2.2560e-05,2.2756e-05,2.2977e-05,2.1979e-05,2.1322e-05
2.0207,2.2122e-05,2.2830e-05,2.0832e-05,2.2377e-05,2.1726e-05,2.2236e-05,2.2939e-05,2.3425e-05,2.2564e-05,2.2987e-05,2.2943e-05,2.1039e-05,2.0784e-05,2.1914e-05,2.2817e-05,2.1317e-05,2.6260e-05,2.4960e-05,2.6143e-05,3.2171e-05,3.8654e-05,2.6970e-05,1.2604e-05,1.3706e-05,1.5374e-05,1.6584e-05,1.6974e-05,2.1032e-05,2.1983e-05,2.2428e-05,2.3712e-05,2.2974e-05,2.2586e-05,2.2778e-05,2.3018e-05,2.1987e-05,2.1392e-05
2.04889,2.2174e-05,2.2848e-05,2.0858e-05,2.2402e-05,2.1748e-05,2.2301e-05,2.2886e-05,2.3442e-05,2.2567e-05,2.3033e-05,2.2935e-05,2.1074e-05,2.0868e-05,2.2013e-05,2.2837e-05,2.1334e-05,2.6203e-05,2.4970e-05,2.6132e-05,3.2123e-05,3.8601e-05,2.7115e-05,1.2737e-05,1.3744e-05,1.5413e-05,1.6590e-05,1.6951e-05,2.1050e-05,2.2062e-05,2.2449e-05,2.3740e-05,2.2964e-05,2.2611e-05,2.2800e-05,2.3059e-05,2.1994e-05,2.1462e-05
2.07747,2.2228e-05,2.2865e-05,2.0884e-05,2.2427e-05,2.1771e-05,2.2367e-05,2.2832e-05,2.3458e-05,2.2570e-05,2.3081e-05,2.2928e-05,2.1109e-05,2.0952e-05,2.2112e-05,2.2857e-05,2.1352e-05,2.6147e-05,2.4979e-05,2.6121e-05,3.2075e-05,3.8547e-05,2.7261e-05,1.2871e-05,1.3783e-05,1.5453e-05,1.6597e-05,1.6929e-05,2.1068e-05,2.2143e-05,2.2471e-05,2.3769e-05,2.2956e-05,2.2637e-05,2.2822e-05,2.3099e-05,2.2003e-05,2.1532e-05
2.10645,2.2280e-05,2.2883e-05,2.0910e-05,2.2452e-05,2.1792e-05,2.2434e-05,2.2778e-05,2.3475e-05,2.2573e-05,2.3127e-05,2.2920e-05,2.1146e-05,2.1036e-05,2.2211e-05,2.2878e-05,2.1370e-05,2.6091e-05,2.4988e-05,2.6110e-05,3.2026e-05,3.8494e-05,2.7405e-05,1.3004e-05,1.3821e-05,1.5492e-05,1.6604e-05,1.6906e-05,2.1086e-05,2.2222e-05,2.2492e-05,2.3797e-05,2.2947e-05,2.2662e-05,2.2843e-05,2.3140e-05,2.2010e-05,2.1602e-05
2.13583,2.2333e-05,2.2901e-05,2.0936e-05,2.2477e-05,2.1814e-05,2.2499e-05,2.2724e-05,2.3492e-05,2.2575e-05,2.3175e-05,2.2913e-05,2.1181e-05,2.1121e-05,2.2310e-05,2.2898e-05,2.1388e-05,2.6035e-05,2.4997e-05,2.6099e-05,3.1979e-05,3.8440e-05,2.7551e-05,1.3138e-05,1.3858e-05,1.5532e-05,1.6610e-05,1.6883e-05,2.1105e-05,2.2302e-05,2.2514e-05,2.3825e-05,2.2937e-05,2.2687e-05,2.2865e-05,2.3182e-05,2.2019e-05,2.1672e-05
2.16563,2.2385e-05,2.2919e-05,2.0961e-05,2.2504e-05,2.1837e-05,2.2565e-05,2.2670e-05,2.3509e-05,2.2578e-05,2.3222e-05,2.2905e-05,2.1217e-05,2.1205e-05,2.2408e-05,2.2918e-05,2.1405e-05,2.5978e-05,2.5006e-05,2.6088e-05,3.1931e-05,3.8387e-05,2.7696e-05,1.3272e-05,1.3896e-05,1.5571e-05,1.6617e-05,1.6860e-05,2.1122e-05,2.2381e-05,2.2534e-05,2.3853e-05,2.2928e-05,2.2713e-05,2.2887e-05,2.3222e-05,2.2027e-05,2.1742e-05
2.19583,2.2438e-05,2.2937e-05,2.0987e-05,2.2529e-05,2.1858e-05,2.2630e-05,2.2616e-05,2.3526e-05,2.2581e-05,2.3268e-05,2.2899e-05,2.1252e-05,2.1288e-05,2.2507e-05,2.2938e-05,2.1423e-05,2.5922e-05,2.5016e-05,2.6077e-05,3.1883e-05,3.8333e-05,2.7841e-05,1.3405e-05,1.3935e-05,1.5611e-05,1.6623e-05,1.6838e-05,2.1141e-05,2.2462e-05,2.2556e-05,2.3882e-05,2.2919e-05,2.2739e-05,2.2908e-05,2.3263e-05,2.2035e-05,2.1813e-05
2.22646,2.2491e-05,2.2955e-05,2.1013e-05,2.2554e-05,2.1881e-05,2.2697e-05,2.2562e-05,2.3541e-05,2.2584e-05,2.3316e-05,2.2891e-05,2.1288e-05,2.1372e-05,2.2606e-05,2.2959e-05,2.1441e-05,2.5866e-05,2.5025e-05,2.6066e-05,3.1835e-05,3.8280e-05,2.7987e-05,1.3539e-05,1.3973e-05,1.5650e-05,1.6630e-05,1.6815e-05,2.1159e-05,2.2541e-05,2.2577e-05,2.3910e-05,2.2909e-05,2.2764e-05,2.2931e-05,2.3304e-05,2.2043e-05,2.1883e-05
2.25752,2.2544e-05,2.2973e-05,2.1040e-05,2.2579e-05,2.1902e-05,2.2762e-05,2.2509e-05,2.3558e-05,2.2587e-05,2.3362e-05,2.2884e-05,2.1324e-05,2.1456e-05,2.2705e-05,2.2979e-05,2.1459e-05,2.5809e-05,2.5034e-05,2.6055e-05,3.1786e-05,3.8226e-05,2.8131e-05,1.3672e-05,1.4011e-05,1.5691e-05,1.6636e-05,1.6792e-05,2.1178e-05,2.2621e-05,2.2599e-05,2.3938e-05,2.2900e-05,2.2790e-05,2.2952e-05,2.3345e-05,2.2050e-05,2.1952e-05
2.28901,2.2596e-05,2.2990e-05,2.1066e-05,2.2604e-05,2.1924e-05,2.2828e-05,2.2455e-05,2.3575e-05,2.2589e-05,2.3410e-05,2.2877e-05,2.1359e-05,2.1541e-05,2.2804e-05,2.2999e-05,2.1476e-05,2.5753e-05,2.5043e-05,2.6044e-05,3.1739e-05,3.8173e-05,2.8277e-05,1.3806e-05,1.4049e-05,1.5730e-05,1.6643e-05,1.6769e-05,2.1195e-05,2.2700e-05,2.2620e-05,2.3966e-05,2.2891e-05,2.2815e-05,2.2974e-05,2.3385e-05,2.2059e-05,2.2022e-05
2.32094,2.2649e-05,2.3008e-05,2.1091e-05,2.2629e-05,2.1947e-05,2.2893e-05,2.2401e-05,2.3592e-05,2.2592e-05,2.3457e-05,2.2869e-05,2.1396e-05,2.1625e-05,2.2903e-05,2.3019e-05,2.1493e-05,2.5697e-05,2.5052e-05,2.6033e-05,3.1690e-05,3.8119e-05,2.8422e-05,1.3940e-05,1.4088e-05,1.5770e-05,1.6649e-05,1.6746e-05,2.1214e-05,2.2781e-05,2.2642e-05,2.3995e-05,2.2881e-05,2.2840e-05,2.2996e-05,2.3426e-05,2.2066e-05,2.2092e-05
2.35332,2.2701e-05,2.3026e-05,2.1117e-05,2.2655e-05,2.1968e-05,2.2960e-05,2.2347e-05,2.3609e-05,2.2595e-05,2.3504e-05,2.2862e-05,2.1431e-05,2.1709e-05,2.3002e-05,2.3040e-05,2.1511e-05,2.5640e-05,2.5061e-05,2.6022e-05,3.1642e-05,3.8066e-05,2.8568e-05,1.4073e-05,1.4126e-05,1.5809e-05,1.6656e-05,1.6724e-05,2.1232e-05,2.2860e-05,2.2663e-05,2.4023e-05,2.2872e-05,2.2866e-05,2.3017e-05,2.3467e-05,2.2075e-05,2.2162e-05
2.38614,2.2754e-05,2.3043e-05,2.1143e-05,2.2680e-05,2.1991e-05,2.3025e-05,2.2294e-05,2.3625e-05,2.2598e-05,2.3551e-05,2.2854e-05,2.1467e-05,2.1793e-05,2.3100e-05,2.3059e-05,2.1529e-05,2.5584e-05,2.5071e-05,2.6012e-05,3.1595e-05,3.8012e-05,2.8713e-05,1.4207e-05,1.4164e-05,1.5849e-05,1.6662e-05,1.6700e-05,2.1250e-05,2.2940e-05,2.2684e-05,2.4051e-05,2.2863e-05,2.2891e-05,2.3040e-05,2.3507e-05,2.2083e-05,2.2232e-05
2.41943,2.2807e-05,2.3061e-05,2.1169e-05,2.2706e-05,2.2012e-05,2.3091e-05,2.2240e-05,2.3642e-05,2.2601e-05,2.3598e-05,2.2847e-05,2.1502e-05,2.1878e-05,2.3199e-05,2.3080e-05,2.1547e-05,2.5528e-05,2.5079e-05,2.6000e-05,3.1546e-05,3.7958e-05,2.8857e-05,1.4340e-05,1.4202e-05,1.5888e-05,1.6669e-05,1.6678e-05,2.1268e-05,2.3019e-05,2.2706e-05,2.4080e-05,2.2854e-05,2.2917e-05,2.3061e-05,2.3548e-05,2.2090e-05,2.2302e-05
2.45318,2.2860e-05,2.3079e-05,2.1195e-05,2.2731e-05,2.2035e-05,2.3157e-05,2.2186e-05,2.3659e-05,2.2603e-05,2.3645e-05,2.2839e-05,2.1538e-05,2.1962e-05,2.3298e-05,2.3100e-05,2.1564e-05,2.5472e-05,2.5088e-05,2.5989e-05,3.1499e-05,3.7905e-05,2.9003e-05,1.4474e-05,1.4241e-05,1.5928e-05,1.6675e-05,1.6656e-05,2.1287e-05,2.3099e-05,2.2726e-05,2.4107e-05,2.2845e-05,2.2943e-05,2.3083e-05,2.3589e-05,2.2099e-05,2.2372e-05
2.4874,2.2912e-05,2.3097e-05,2.1220e-05,2.2756e-05,2.2057e-05,2.3223e-05,2.2132e-05,2.3676e-05,2.2606e-05,2.3693e-05,2.2833e-05,2.1574e-05,2.2046e-05,2.3397e-05,2.3121e-05,2.1582e-05,2.5415e-05,2.5098e-05,2.5978e-05,3.1450e-05,3.7852e-05,2.9148e-05,1.4608e-05,1.4279e-05,1.5968e-05,1.6682e-05,1.6632e-05,2.1304e-05,2.3179e-05,2.2748e-05,2.4135e-05,2.2836e-05,2.2968e-05,2.3105e-05,2.3630e-05,2.2106e-05,2.2442e-05
2.52209,2.2929e-05,2.3068e-05,2.1247e-05,2.2737e-05,2.2048e-05,2.3243e-05,2.2100e-05,2.3659e-05,2.2587e-05,2.3700e-05,2.2827e-05,2.1603e-05,2.2097e-05,2.3429e-05,2.3124e-05,2.1575e-05,2.5340e-05,2.5084e-05,2.5919e-05,3.1429e-05,3.7813e-05,2.9260e-05,1.4715e-05,1.4356e-05,1.5994e-05,1.6659e-05,1.6616e-05,2.1348e-05,2.3230e-05,2.2757e-05,2.4117e-05,2.2801e-05,2.2978e-05,2.3079e-05,2.3625e-05,2.2107e-05,2.2463e-05
2.55727,2.2924e-05,2.3014e-05,2.1274e-05,2.2692e-05,2.2024e-05,2.3237e-05,2.2079e-05,2.3623e-05,2.2555e-05,2.3686e-05,2.2822e-05,2.1627e-05,2.2130e-05,2.3422e-05,2.3118e-05,2.1554e-05,2.5255e-05,2.5057e-05,2.5833e-05,3.1421e-05,3.7782e-05,2.9352e-05,1.4807e-05,1.4456e-05,1.6011e-05,1.6617e-05,1.6602e-05,2.1406e-05,2.3264e-05,2.2759e-05,2.4071e-05,2.2753e-05,2.2978e-05,2.3026e-05,2.3596e-05,2.2104e-05,2.2454e-05
2.59294,2.2919e-05,2.2959e-05,2.1302e-05,2.2646e-05,2.1999e-05,2.3230e-05,2.2059e-05,2.3587e-05,2.2524e-05,2.3672e-05,2.2818e-05,2.1652e-05,2.2162e-05,2.3415e-05,2.3112e-05,2.1533e-05,2.5169e-05,2.5030e-05,2.5746e-05,3.1414e-05,3.7751e-05,2.9444e-05,1.4898e-05,1.4557e-05,1.6030e-05,1.6576e-05,1.6588e-05,2.1465e-05,2.3299e-05,2.2760e-05,2.4024e-05,2.2705e-05,2.2979e-05,2.2974e-05,2.3567e-05,2.2100e-05,2.2446e-05
2.62911,2.2916e-05,2.2905e-05,2.1330e-05,2.2601e-05,2.1975e-05,2.3224e-05,2.2038e-05,2.3551e-05,2.2492e-05,2.3657e-05,2.2813e-05,2.1676e-05,2.2195e-05,2.3408e-05,2.3105e-05,2.1511e-05,2.5084e-05,2.5002e-05,2.5660e-05,3.1407e-05,3.7720e-05,2.9537e-05,1.4990e-05,1.4656e-05,1.6048e-05,1.6535e-05,1.6574e-05,2.1523e-05,2.3334e-05,2.2762e-05,2.3979e-05,2.2657e-05,2.2980e-05,2.2920e-05,2.3537e-05,2.2096e-05,2.2437e-05
2.66579,2.2911e-05,2.2850e-05,2.1357e-05,2.2556e-05,2.1950e-05,2.3218e-05,2.2018e-05,2.3515e-05,2.2461e-05,2.3643e-05,2.2809e-05,2.1702e-05,2.2228e-05,2.3402e-05,2.3099e-05,2.1490e-05,2.4998e-05,2.4974e-05,2.5573e-05,3.1400e-05,3.7689e-05,2.9629e-05,1.5081e-05,1.4756e-05,1.6065e-05,1.6494e-05,1.6560e-05,2.1580e-05,2.3368e-05,2.2764e-05,2.3933e-05,2.2609e-05,2.2980e-05,2.2867e-05,2.3507e-05,2.2092e-05,2.2429e-05
2.70297,2.2906e-05,2.2795e-05,2.1384e-05,2.2511e-05,2.1924e-05,2.3211e-05,2.1997e-05,2.3479e-05,2.2429e-05,2.3629e-05,2.2805e-05,2.1726e-05,2.2259e-05,2.3395e-05,2.3093e-05,2.1468e-05,2.4912e-05,2.4947e-05,2.5486e-05,3.1392e-05,3.7658e-05,2.9722e-05,1.5173e-05,1.4857e-05,1.6083e-05,1.6453e-05,1.6546e-05,2.1639e-05,2.3403e-05,2.2766e-05,2.3887e-05,2.2561e-05,2.2981e-05,2.2814e-05,2.3478e-05,2.2089e-05,2.2421e-05
2.74068,2.2903e-05,2.2741e-05,2.1412e-05,2.2465e-05,2.1900e-05,2.3206e-05,2.1977e-05,2.3444e-05,2.2398e-05,2.3614e-05,2.2800e-05,2.1751e-05,2.2292e-05,2.3388e-05,2.3087e-05,2.1447e-05,2.4827e-05,2.4920e-05,2.5400e-05,3.1386e-05,3.7628e-05,2.9813e-05,1.5264e-05,1.4957e-05,1.6101e-05,1.6412e-05,1.6532e-05,2.1697e-05,2.3436e-05,2.2767e-05,2.3842e-05,2.2514e-05,2.2982e-05,2.2761e-05,2.3448e-05,2.2085e-05,2.2412e-05
2.77891,2.2898e-05,2.2686e-05,2.1439e-05,2.2421e-05,2.1875e-05,2.3199e-05,2.1956e-05,2.3407e-05,2.2366e-05,2.3600e-05,2.2795e-05,2.1775e-05,2.2325e-05,2.3381e-05,2.3081e-05,2.1425e-05,2.4741e-05,2.4893e-05,2.5314e-05,3.1378e-05,3.7597e-05,2.9906e-05,1.5357e-05,1.5056e-05,1.6120e-05,1.6371e-05,1.6518e-05,2.1756e-05,2.3471e-05,2.2768e-05,2.3795e-05,2.2465e-05,2.2982e-05,2.2709e-05,2.3418e-05,2.2081e-05,2.2405e-05
2.81767,2.2893e-05,2.2632e-05,2.1466e-05,2.2375e-05,2.1851e-05,2.3193e-05,2.1936e-05,2.3372e-05,2.2335e-05,2.3586e-05,2.2792e-05,2.1800e-05,2.2357e-05,2.3375e-05,2.3074e-05,2.1404e-05,2.4656e-05,2.4865e-05,2.5228e-05,3.1371e-05,3.7566e-05,2.9998e-05,1.5448e-05,1.5156e-05,1.6137e-05,1.6330e-05,1.6504e-05,2.1813e-05,2.3505e-05,2.2770e-05,2.3749e-05,2.2418e-05,2.2983e-05,2.2656e-05,2.3389e-05,2.2078e-05,2.2396e-05
2.85697,2.2890e-05,2.2577e-05,2.1493e-05,2.2330e-05,2.1826e-05,2.3187e-05,2.1915e-05,2.3335e-05,2.2303e-05,2.3571e-05,2.2787e-05,2.1825e-05,2.2390e-05,2.3368e-05,2.3069e-05,2.1382e-05,2.4570e-05,2.4838e-05,2.5141e-05,3.1364e-05,3.7535e-05,3.0091e-05,1.5540e-05,1.5257e-05,1.6155e-05,1.6288e-05,1.6490e-05,2.1871e-05,2.3540e-05,2.2772e-05,2.3704e-05,2.2369e-05,2.2984e-05,2.2602e-05,2.3360e-05,2.2075e-05,2.2388e-05
2.89683,2.2885e-05,2.2523e-05,2.1521e-05,2.2284e-05,2.1800e-05,2.3181e-05,2.1895e-05,2.3300e-05,2.2272e-05,2.3557e-05,2.2782e-05,2.1849e-05,2.2422e-05,2.3361e-05,2.3062e-05,2.1361e-05,2.4485e-05,2.4811e-05,2.5054e-05,3.1357e-05,3.7504e-05,3.0182e-05,1.5632e-05,1.5357e-05,1.6173e-05,1.6247e-05,1.6476e-05,2.1930e-05,2.3574e-05,2.2773e-05,2.3658e-05,2.2322e-05,2.2984e-05,2.2549e-05,2.3330e-05,2.2071e-05,2.2380e-05
2.93723,2.2880e-05,2.2468e-05,2.1548e-05,2.2240e-05,2.1776e-05,2.3174e-05,2.1874e-05,2.3264e-05,2.2241e-05,2.3542e-05,2.2779e-05,2.1874e-05,2.2455e-05,2.3354e-05,2.3057e-05,2.1339e-05,2.4399e-05,2.4783e-05,2.4968e-05,3.1349e-05,3.7473e-05,3.0275e-05,1.5723e-05,1.5457e-05,1.6190e-05,1.6206e-05,1.6462e-05,2.1988e-05,2.3609e-05,2.2775e-05,2.3612e-05,2.2273e-05,2.2985e-05,2.2496e-05,2.3300e-05,2.2067e-05,2.2371e-05
2.97821,2.2877e-05,2.2414e-05,2.1575e-05,2.2194e-05,2.1751e-05,2.3168e-05,2.1854e-05,2.3228e-05,2.2209e-05,2.3528e-05,2.2774e-05,2.1898e-05,2.2487e-05,2.3347e-05,2.3050e-05,2.1318e-05,2.4313e-05,2.4756e-05,2.4881e-05,3.1342e-05,3.7443e-05,3.0367e-05,1.5815e-05,1.5557e-05,1.6209e-05,1.6165e-05,1.6449e-05,2.2047e-05,2.3643e-05,2.2777e-05,2.3566e-05,2.2226e-05,2.2985e-05,2.2444e-05,2.3270e-05,2.2063e-05,2.2363e-05
3.01975,2.2872e-05,2.2359e-05,2.1602e-05,2.2149e-05,2.1727e-05,2.3162e-05,2.1833e-05,2.3192e-05,2.2177e-05,2.3514e-05,2.2769e-05,2.1924e-05,2.2519e-05,2.3341e-05,2.3043e-05,2.1296e-05,2.4228e-05,2.4729e-05,2.4794e-05,3.1335e-05,3.7412e-05,3.0460e-05,1.5906e-05,1.5657e-05,1.6227e-05,1.6124e-05,1.6435e-05,2.2104e-05,2.3678e-05,2.2779e-05,2.3520e-05,2.2177e-05,2.2986e-05,2.2391e-05,2.3240e-05,2.2060e-05,2.2354e-05
3.06187,2.2868e-05,2.2305e-05,2.1629e-05,2.2104e-05,2.1702e-05,2.3155e-05,2.1813e-05,2.3156e-05,2.2145e-05,2.3499e-05,2.2765e-05,2.1948e-05,2.2552e-05,2.3334e-05,2.3038e-05,2.1275e-05,2.4142e-05,2.4702e-05,2.4708e-05,3.1328e-05,3.7381e-05,3.0551e-05,1.5998e-05,1.5757e-05,1.6244e-05,1.6083e-05,1.6421e-05,2.2162e-05,2.3712e-05,2.2780e-05,2.3474e-05,2.2130e-05,2.2987e-05,2.2338e-05,2.3211e-05,2.2056e-05,2.2346e-05
3.10458,2.2864e-05,2.2250e-05,2.1657e-05,2.2059e-05,2.1676e-05,2.3149e-05,2.1792e-05,2.3120e-05,2.2115e-05,2.3486e-05,2.2761e-05,2.1973e-05,2.2585e-05,2.3327e-05,2.3031e-05,2.1253e-05,2.4056e-05,2.4674e-05,2.4621e-05,3.1320e-05,3.7350e-05,3.0644e-05,1.6089e-05,1.5857e-05,1.6262e-05,1.6042e-05,1.6407e-05,2.2221e-05,2.3747e-05,2.2781e-05,2.3429e-05,2.2081e-05,2.2987e-05,2.2284e-05,2.3182e-05,2.2052e-05,2.2338e-05
3.14789,2.2859e-05,2.2196e-05,2.1684e-05,2.2013e-05,2.1652e-05,2.3143e-05,2.1772e-05,2.3085e-05,2.2083e-05,2.3472e-05,2.2756e-05,2.1997e-05,2.2617e-05,2.3320e-05,2.3026e-05,2.1232e-05,2.3971e-05,2.4647e-05,2.4534e-05,3.1313e-05,3.7319e-05,3.0736e-05,1.6181e-05,1.5957e-05,1.6281e-05,1.6001e-05,1.6393e-05,2.2279e-05,2.3781e-05,2.2783e-05,2.3382e-05,2.2034e-05,2.2988e-05,2.2231e-05,2.3152e-05,2.2048e-05,2.2329e-05
3.1918,2.2855e-05,2.2141e-05,2.1711e-05,2.1968e-05,2.1627e-05,2.3137e-05,2.1751e-05,2.3048e-05,2.2051e-05,2.3457e-05,2.2752e-05,2.2022e-05,2.2650e-05,2.3314e-05,2.3019e-05,2.1210e-05,2.3885e-05,2.4619e-05,2.4448e-05,3.1305e-05,3.7287e-05,3.0828e-05,1.6273e-05,1.6057e-05,1.6299e-05,1.5960e-05,1.6379e-05,2.2338e-05,2.3816e-05,2.2785e-05,2.3336e-05,2.1985e-05,2.2988e-05,2.2179e-05,2.3122e-05,2.2045e-05,2.2321e-05
3.23632,2.2850e-05,2.2087e-05,2.1738e-05,2.1923e-05,2.1603e-05,2.3130e-05,2.1731e-05,2.3013e-05,2.2020e-05,2.3443e-05,2.2747e-05,2.2047e-05,2.2683e-05,2.3307e-05,2.3013e-05,2.1189e-05,2.3799e-05,2.4591e-05,2.4362e-05,3.1299e-05,3.7257e-05,3.0920e-05,1.6364e-05,1.6158e-05,1.6316e-05,1.5919e-05,1.6365e-05,2.2395e-05,2.3850e-05,2.2786e-05,2.3291e-05,2.1938e-05,2.2988e-05,2.2126e-05,2.3093e-05,2.2041e-05,2.2312e-05
3.28146,2.2846e-05,2.2033e-05,2.1766e-05,2.1878e-05,2.1578e-05,2.3125e-05,2.1710e-05,2.2976e-05,2.1989e-05,2.3429e-05,2.2743e-05,2.2072e-05,2.2714e-05,2.3300e-05,2.3007e-05,2.1167e-05,2.3714e-05,2.4564e-05,2.4275e-05,3.1291e-05,3.7226e-05,3.1012e-05,1.6456e-05,1.6258e-05,1.6334e-05,1.5878e-05,1.6351e-05,2.2453e-05,2.3884e-05,2.2788e-05,2.3245e-05,2.1889e-05,2.2989e-05,2.2073e-05,2.3063e-05,2.2037e-05,2.2305e-05
3.32724,2.2842e-05,2.1978e-05,2.1793e-05,2.1832e-05,2.1552e-05,2.3118e-05,2.1689e-05,2.2941e-05,2.1957e-05,2.3414e-05,2.2739e-05,2.2096e-05,2.2747e-05,2.3293e-05,2.3001e-05,2.1146e-05,2.3628e-05,2.4536e-05,2.4188e-05,3.1284e-05,3.7195e-05,3.1104e-05,1.6547e-05,1.6357e-05,1.6352e-05,1.5837e-05,1.6337e-05,2.2512e-05,2.3918e-05,2.2790e-05,2.3199e-05,2.1841e-05,2.2990e-05,2.2020e-05,2.3033e-05,2.2034e-05,2.2297e-05
3.37365,2.2837e-05,2.1924e-05,2.1820e-05,2.1787e-05,2.1528e-05,2.3112e-05,2.1669e-05,2.2905e-05,2.1925e-05,2.3400e-05,2.2734e-05,2.2121e-05,2.2780e-05,2.3287e-05,2.2995e-05,2.1124e-05,2.3542e-05,2.4509e-05,2.4102e-05,3.1276e-05,3.7164e-05,3.1197e-05,1.6639e-05,1.6458e-05,1.6370e-05,1.5796e-05,1.6323e-05,2.2570e-05,2.3953e-05,2.2791e-05,2.3153e-05,2.1793e-05,2.2990e-05,2.1967e-05,2.3003e-05,2.2030e-05,2.2288e-05
3.42071,2.2833e-05,2.1869e-05,2.1847e-05,2.1742e-05,2.1503e-05,2.3106e-05,2.1648e-05,2.2869e-05,2.1894e-05,2.3386e-05,2.2729e-05,2.2145e-05,2.2812e-05,2.3280e-05,2.2988e-05,2.1103e-05,2.3456e-05,2.4482e-05,2.4015e-05,3.1269e-05,3.7132e-05,3.1288e-05,1.6730e-05,1.6558e-05,1.6388e-05,1.5755e-05,1.6309e-05,2.2628e-05,2.3987e-05,2.2793e-05,2.3107e-05,2.1745e-05,2.2991e-05,2.1914e-05,2.2974e-05,2.2027e-05,2.2280e-05
3.46842,2.2829e-05,2.1814e-05,2.1875e-05,2.1697e-05,2.1479e-05,2.3099e-05,2.1629e-05,2.2833e-05,2.1863e-05,2.3371e-05,2.2726e-05,2.2171e-05,2.2845e-05,2.3273e-05,2.2982e-05,2.1081e-05,2.3371e-05,2.4454e-05,2.3928e-05,3.1261e-05,3.7102e-05,3.1380e-05,1.6822e-05,1.6658e-05,1.6406e-05,1.5714e-05,1.6295e-05,2.2686e-05,2.4022e-05,2.2795e-05,2.3061e-05,2.1697e-05,2.2992e-05,2.1861e-05,2.2945e-05,2.2023e-05,2.2271e-05
3.51681,2.2824e-05,2.1759e-05,2.1902e-05,2.1651e-05,2.1454e-05,2.3093e-05,2.1608e-05,2.2797e-05,2.1831e-05,2.3357e-05,2.2721e-05,2.2195e-05,2.2878e-05,2.3266e-05,2.2976e-05,2.1060e-05,2.3285e-05,2.4427e-05,2.3841e-05,3.1254e-05,3.7070e-05,3.1472e-05,1.6913e-05,1.6757e-05,1.6424e-05,1.5673e-05,1.6281e-05,2.2744e-05,2.4056e-05,2.2796e-05,2.3016e-05,2.1649e-05,2.2992e-05,2.1808e-05,2.2915e-05,2.2020e-05,2.2263e-05
3.56586,2.2820e-05,2.1705e-05,2.1929e-05,2.1606e-05,2.1428e-05,2.3087e-05,2.1588e-05,2.2761e-05,2.1800e-05,2.3343e-05,2.2716e-05,2.2220e-05,2.2910e-05,2.3260e-05,2.2970e-05,2.1038e-05,2.3199e-05,2.4399e-05,2.3754e-05,3.1246e-05,3.7039e-05,3.1564e-05,1.7005e-05,1.6858e-05,1.6442e-05,1.5631e-05,1.6267e-05,2.2803e-05,2.4091e-05,2.2797e-05,2.2970e-05,2.1601e-05,2.2993e-05,2.1755e-05,2.2885e-05,2.2016e-05,2.2255e-05
3.6156,2.2816e-05,2.1650e-05,2.1956e-05,2.1561e-05,2.1404e-05,2.3081e-05,2.1567e-05,2.2726e-05,2.1768e-05,2.3328e-05,2.2712e-05,2.2244e-05,2.2942e-05,2.3253e-05,2.2963e-05,2.1016e-05,2.3113e-05,2.4371e-05,2.3667e-05,3.1239e-05,3.7008e-05,3.1656e-05,1.7097e-05,1.6958e-05,1.6460e-05,1.5590e-05,1.6253e-05,2.2861e-05,2.4125e-05,2.2799e-05,2.2923e-05,2.1553e-05,2.2994e-05,2.1703e-05,2.2855e-05,2.2012e-05,2.2246e-05
3.66604,2.2811e-05,2.1596e-05,2.1984e-05,2.1516e-05,2.1379e-05,2.3074e-05,2.1547e-05,2.2689e-05,2.1736e-05,2.3314e-05,2.2708e-05,2.2269e-05,2.2974e-05,2.3246e-05,2.2958e-05,2.0994e-05,2.3027e-05,2.4344e-05,2.3581e-05,3.1231e-05,3.6976e-05,3.1748e-05,1.7188e-05,1.7058e-05,1.6478e-05,1.5549e-05,1.6240e-05,2.2919e-05,2.4160e-05,2.2801e-05,2.2878e-05,2.1505e-05,2.2994e-05,2.1649e-05,2.2826e-05,2.2008e-05,2.2238e-05
3.71717,2.2807e-05,2.1541e-05,2.2011e-05,2.1470e-05,2.1354e-05,2.3069e-05,2.1526e-05,2.2654e-05,2.1705e-05,2.3300e-05,2.2703e-05,2.2294e-05,2.3007e-05,2.3239e-05,2.2951e-05,2.0973e-05,2.2941e-05,2.4316e-05,2.3494e-05,3.1223e-05,3.6945e-05,3.1840e-05,1.7280e-05,1.7158e-05,1.6495e-05,1.5508e-05,1.6226e-05,2.2977e-05,2.4194e-05,2.2803e-05,2.2832e-05,2.1457e-05,2.2995e-05,2.1596e-05,2.2796e-05,2.2005e-05,2.2229e-05
3.76903,2.2803e-05,2.1487e-05,2.2038e-05,2.1426e-05,2.1330e-05,2.3062e-05,2.1506e-05,2.2617e-05,2.1674e-05,2.3285e-05,2.2698e-05,2.2318e-05,2.3040e-05,2.3233e-05,2.2946e-05,2.0951e-05,2.2855e-05,2.4289e-05,2.3407e-05,3.1216e-05,3.6914e-05,3.1931e-05,1.7370e-05,1.7258e-05,1.6513e-05,1.5467e-05,1.6212e-05,2.3035e-05,2.4229e-05,2.2804e-05,2.2786e-05,2.1409e-05,2.2996e-05,2.1543e-05,2.2767e-05,2.2001e-05,2.2221e-05
3.8216,2.2798e-05,2.1432e-05,2.2065e-05,2.1380e-05,2.1304e-05,2.3056e-05,2.1485e-05,2.2582e-05,2.1642e-05,2.3271e-05,2.2694e-05,2.2343e-05,2.3072e-05,2.3226e-05,2.2939e-05,2.0929e-05,2.2770e-05,2.4261e-05,2.3320e-05,3.1208e-05,3.6882e-05,3.2023e-05,1.7462e-05,1.7358e-05,1.6532e-05,1.5426e-05,1.6198e-05,2.3094e-05,2.4263e-05,2.2806e-05,2.2739e-05,2.1361e-05,2.2996e-05,2.1490e-05,2.2737e-05,2.1997e-05,2.2213e-05
3.87491,2.2794e-05,2.1378e-05,2.2092e-05,2.1335e-05,2.1280e-05,2.3050e-05,2.1465e-05,2.2546e-05,2.1610e-05,2.3256e-05,2.2690e-05,2.2367e-05,2.3105e-05,2.3219e-05,2.2933e-05,2.0908e-05,2.2684e-05,2.4233e-05,2.3233e-05,3.1200e-05,3.6850e-05,3.2114e-05,1.7553e-05,1.7459e-05,1.6549e-05,1.5385e-05,1.6184e-05,2.3152e-05,2.4298e-05,2.2808e-05,2.2694e-05,2.1313e-05,2.2997e-05,2.1438e-05,2.2708e-05,2.1993e-05,2.2205e-05
3.92896,2.2790e-05,2.1323e-05,2.2120e-05,2.1289e-05,2.1255e-05,2.3043e-05,2.1444e-05,2.2510e-05,2.1579e-05,2.3242e-05,2.2685e-05,2.2393e-05,2.3137e-05,2.3212e-05,2.2927e-05,2.0885e-05,2.2598e-05,2.4205e-05,2.3146e-05,3.1192e-05,3.6818e-05,3.2206e-05,1.7645e-05,1.7558e-05,1.6567e-05,1.5344e-05,1.6170e-05,2.3209e-05,2.4332e-05,2.2809e-05,2.2648e-05,2.1265e-05,2.2998e-05,2.1385e-05,2.2678e-05,2.1990e-05,2.2197e-05
3.98376,2.2785e-05,2.1269e-05,2.2147e-05,2.1245e-05,2.1230e-05,2.3037e-05,2.1424e-05,2.2475e-05,2.1548e-05,2.3228e-05,2.2681e-05,2.2417e-05,2.3169e-05,2.3206e-05,2.2920e-05,2.0864e-05,2.2512e-05,2.4177e-05,2.3059e-05,3.1185e-05,3.6788e-05,3.2297e-05,1.7736e-05,1.7658e-05,1.6585e-05,1.5303e-05,1.6156e-05,2.3268e-05,2.4366e-05,2.2810e-05,2.2602e-05,2.1217e-05,2.2998e-05,2.1331e-05,2.2648e-05,2.1986e-05,2.2188e-05
4.03933,2.2781e-05,2.1215e-05,2.2174e-05,2.1199e-05,2.1205e-05,2.3031e-05,2.1403e-05,2.2438e-05,2.1516e-05,2.3213e-05,2.2677e-05,2.2442e-05,2.3202e-05,2.3199e-05,2.2915e-05,2.0841e-05,2.2426e-05,2.4149e-05,2.2972e-05,3.1176e-05,3.6756e-05,3.2389e-05,1.7827e-05,1.7759e-05,1.6603e-05,1.5262e-05,1.6142e-05,2.3326e-05,2.4400e-05,2.2812e-05,2.2557e-05,2.1169e-05,2.2999e-05,2.1278e-05,2.2618e-05,2.1982e-05,2.2180e-05
4.09568,2.2777e-05,2.1160e-05,2.2201e-05,2.1154e-05,2.1180e-05,2.3025e-05,2.1383e-05,2.2403e-05,2.1484e-05,2.3199e-05,2.2672e-05,2.2466e-05,2.3235e-05,2.3193e-05,2.2908e-05,2.0820e-05,2.2340e-05,2.4121e-05,2.2885e-05,3.1168e-05,3.6723e-05,3.2481e-05,1.7918e-05,1.7859e-05,1.6621e-05,1.5221e-05,1.6128e-05,2.3385e-05,2.4435e-05,2.2814e-05,2.2510e-05,2.1121e-05,2.3000e-05,2.1225e-05,2.2588e-05,2.1979e-05,2.2172e-05
4.15281,2.2772e-05,2.1106e-05,2.2229e-05,2.1109e-05,2.1156e-05,2.3018e-05,2.1362e-05,2.2366e-05,2.1454e-05,2.3185e-05,2.2668e-05,2.2491e-05,2.3267e-05,2.3185e-05,2.2902e-05,2.0797e-05,2.2254e-05,2.4093e-05,2.2798e-05,3.1160e-05,3.6691e-05,3.2572e-05,1.8009e-05,1.7958e-05,1.6639e-05,1.5180e-05,1.6114e-05,2.3443e-05,2.4469e-05,2.2816e-05,2.2464e-05,2.1073e-05,2.3000e-05,2.1173e-05,2.2560e-05,2.1976e-05,2.2163e-05
4.21074,2.2767e-05,2.1051e-05,2.2256e-05,2.1064e-05,2.1131e-05,2.3012e-05,2.1342e-05,2.2331e-05,2.1422e-05,2.3170e-05,2.2663e-05,2.2516e-05,2.3300e-05,2.3179e-05,2.2896e-05,2.0776e-05,2.2167e-05,2.4065e-05,2.2711e-05,3.1152e-05,3.6660e-05,3.2663e-05,1.8100e-05,1.8058e-05,1.6657e-05,1.5139e-05,1.6100e-05,2.3500e-05,2.4504e-05,2.2817e-05,2.2419e-05,2.1025e-05,2.3001e-05,2.1120e-05,2.2530e-05,2.1972e-05,2.2155e-05
4.26947,2.2749e-05,2.1006e-05,2.2282e-05,2.1040e-05,2.1122e-05,2.3023e-05,2.1316e-05,2.2314e-05,2.1401e-05,2.3128e-05,2.2654e-05,2.2533e-05,2.3338e-05,2.3184e-05,2.2902e-05,2.0776e-05,2.2114e-05,2.4034e-05,2.2685e-05,3.1158e-05,3.6604e-05,3.2724e-05,1.8202e-05,1.8157e-05,1.6703e-05,1.5144e-05,1.6116e-05,2.3524e-05,2.4495e-05,2.2800e-05,2.2368e-05,2.0984e-05,2.3008e-05,2.1089e-05,2.2491e-05,2.1965e-05,2.2148e-05
4.32903,2.2716e-05,2.0970e-05,2.2306e-05,2.1038e-05,2.1132e-05,2.3049e-05,2.1285e-05,2.2318e-05,2.1391e-05,2.3058e-05,2.2639e-05,2.2544e-05,2.3382e-05,2.3201e-05,2.2920e-05,2.0798e-05,2.2092e-05,2.3999e-05,2.2720e-05,3.1176e-05,3.6526e-05,3.2756e-05,1.8313e-05,1.8254e-05,1.6779e-05,1.5197e-05,1.6160e-05,2.3511e-05,2.4445e-05,2.2765e-05,2.2314e-05,2.0948e-05,2.3022e-05,2.1080e-05,2.2441e-05,2.1955e-05,2.2144e-05
4.38942,2.2683e-05,2.0935e-05,2.2329e-05,2.1035e-05,2.1140e-05,2.3076e-05,2.1254e-05,2.2322e-05,2.1381e-05,2.2988e-05,2.2623e-05,2.2554e-05,2.3427e-05,2.3219e-05,2.2939e-05,2.0821e-05,2.2071e-05,2.3965e-05,2.2756e-05,3.1196e-05,3.6448e-05,3.2787e-05,1.8424e-05,1.8351e-05,1.6854e-05,1.5250e-05,1.6204e-05,2.3499e-05,2.4395e-05,2.2728e-05,2.2260e-05,2.0913e-05,2.3037e-05,2.1071e-05,2.2392e-05,2.1946e-05,2.2138e-05
4.45064,2.2650e-05,2.0900e-05,2.2353e-05,2.1033e-05,2.1150e-05,2.3103e-05,2.1223e-05,2.2326e-05,2.1371e-05,2.2918e-05,2.2608e-05,2.2563e-05,2.3471e-05,2.3236e-05,2.2958e-05,2.0843e-05,2.2049e-05,2.3931e-05,2.2790e-05,3.1215e-05,3.6369e-05,3.2819e-05,1.8535e-05,1.8449e-05,1.6929e-05,1.5304e-05,1.6248e-05,2.3486e-05,2.4344e-05,2.2693e-05,2.2205e-05,2.0877e-05,2.3051e-05,2.1062e-05,2.2342e-05,2.1937e-05,2.2133e-05
4.51273,2.2616e-05,2.0865e-05,2.2377e-05,2.1030e-05,2.1158e-05,2.3130e-05,2.1192e-05,2.2330e-05,2.1361e-05,2.2848e-05,2.2593e-05,2.2573e-05,2.3514e-05,2.3253e-05,2.2976e-05,2.0865e-05,2.2028e-05,2.3896e-05,2.2826e-05,3.1233e-05,3.6291e-05,3.2850e-05,1.8647e-05,1.8546e-05,1.7004e-05,1.5357e-05,1.6293e-05,2.3473e-05,2.4293e-05,2.2657e-05,2.2151e-05,2.0842e-05,2.3065e-05,2.1053e-05,2.2293e-05,2.1927e-05,2.2129e-05
4.57567,2.2584e-05,2.0830e-05,2.2401e-05,2.1027e-05,2.1166e-05,2.3157e-05,2.1161e-05,2.2334e-05,2.1351e-05,2.2778e-05,2.2578e-05,2.2584e-05,2.3559e-05,2.3270e-05,2.2995e-05,2.0888e-05,2.2006e-05,2.3862e-05,2.2860e-05,3.1252e-05,3.6211e-05,3.2880e-05,1.8758e-05,1.8643e-05,1.7080e-05,1.5410e-05,1.6338e-05,2.3461e-05,2.4243e-05,2.2621e-05,2.2097e-05,2.0806e-05,2.3080e-05,2.1044e-05,2.2243e-05,2.1917e-05,2.2123e-05
4.6395,2.2550e-05,2.0794e-05,2.2424e-05,2.1026e-05,2.1176e-05,2.3184e-05,2.1130e-05,2.2338e-05,2.1342e-05,2.2708e-05,2.2563e-05,2.2594e-05,2.3603e-05,2.3288e-05,2.3014e-05,2.0910e-05,2.1985e-05,2.3827e-05,2.2895e-05,3.1271e-05,3.6133e-05,3.2911e-05,1.8868e-05,1.8740e-05,1.7156e-05,1.5463e-05,1.6382e-05,2.3448e-05,2.4192e-05,2.2586e-05,2.2043e-05,2.0771e-05,2.3094e-05,2.1035e-05,2.2195e-05,2.1908e-05,2.2118e-05
4.70422,2.2518e-05,2.0759e-05,2.2449e-05,2.1023e-05,2.1184e-05,2.3211e-05,2.1098e-05,2.2341e-05,2.1331e-05,2.2638e-05,2.2547e-05,2.2604e-05,2.3647e-05,2.3305e-05,2.3032e-05,2.0932e-05,2.1963e-05,2.3792e-05,2.2930e-05,3.1288e-05,3.6053e-05,3.2942e-05,1.8979e-05,1.8837e-05,1.7230e-05,1.5516e-05,1.6426e-05,2.3436e-05,2.4142e-05,2.2549e-05,2.1988e-05,2.0736e-05,2.3109e-05,2.1026e-05,2.2145e-05,2.1898e-05,2.2114e-05
4.76984,2.2484e-05,2.0723e-05,2.2472e-05,2.1021e-05,2.1192e-05,2.3238e-05,2.1067e-05,2.2345e-05,2.1321e-05,2.2567e-05,2.2532e-05,2.2615e-05,2.3692e-05,2.3322e-05,2.3051e-05,2.0954e-05,2.1941e-05,2.3757e-05,2.2965e-05,3.1307e-05,3.5974e-05,3.2973e-05,1.9090e-05,1.8934e-05,1.7306e-05,1.5569e-05,1.6471e-05,2.3423e-05,2.4091e-05,2.2514e-05,2.1934e-05,2.0700e-05,2.3123e-05,2.1017e-05,2.2096e-05,2.1889e-05,2.2108e-05
4.83637,2.2451e-05,2.0688e-05,2.2495e-05,2.1018e-05,2.1202e-05,2.3264e-05,2.1037e-05,2.2349e-05,2.1311e-05,2.2497e-05,2.2518e-05,2.2624e-05,2.3735e-05,2.3340e-05,2.3070e-05,2.0977e-05,2.1919e-05,2.3723e-05,2.2999e-05,3.1326e-05,3.5894e-05,3.3004e-05,1.9201e-05,1.9031e-05,1.7381e-05,1.5622e-05,1.6515e-05,2.3411e-05,2.4040e-05,2.2478e-05,2.1880e-05,2.0666e-05,2.3137e-05,2.1009e-05,2.2047e-05,2.1880e-05,2.2104e-05
4.90383,2.2419e-05,2.0653e-05,2.2519e-05,2.1015e-05,2.1210e-05,2.3292e-05,2.1005e-05,2.2352e-05,2.1302e-05,2.2427e-05,2.2503e-05,2.2634e-05,2.3779e-05,2.3357e-05,2.3088e-05,2.0998e-05,2.1897e-05,2.3687e-05,2.3034e-05,3.1344e-05,3.5815e-05,3.3035e-05,1.9311e-05,1.9128e-05,1.7457e-05,1.5676e-05,1.6560e-05,2.3398e-05,2.3990e-05,2.2442e-05,2.1826e-05,2.0630e-05,2.3152e-05,2.0999e-05,2.1997e-05,2.1869e-05,2.2099e-05
4.97224,2.2385e-05,2.0618e-05,2.2543e-05,2.1013e-05,2.1219e-05,2.3319e-05,2.0974e-05,2.2356e-05,2.1291e-05,2.2357e-05,2.2488e-05,2.2644e-05,2.3824e-05,2.3375e-05,2.3107e-05,2.1020e-05,2.1875e-05,2.3652e-05,2.3069e-05,3.1361e-05,3.5736e-05,3.3064e-05,1.9422e-05,1.9225e-05,1.7531e-05,1.5729e-05,1.6604e-05,2.3386e-05,2.3939e-05,2.2407e-05,2.1771e-05,2.0595e-05,2.3166e-05,2.0991e-05,2.1948e-05,2.1860e-05,2.2094e-05
5.0416,2.2352e-05,2.0583e-05,2.2567e-05,2.1011e-05,2.1228e-05,2.3346e-05,2.0943e-05,2.2360e-05,2.1281e-05,2.2287e-05,2.2472e-05,2.2655e-05,2.3868e-05,2.3391e-05,2.3126e-05,2.1042e-05,2.1853e-05,2.3617e-05,2.3102e-05,3.1379e-05,3.5656e-05,3.3094e-05,1.9532e-05,1.9323e-05,1.7607e-05,1.5782e-05,1.6648e-05,2.3373e-05,2.3888e-05,2.2370e-05,2.1717e-05,2.0559e-05,2.3180e-05,2.0982e-05,2.1899e-05,2.1851e-05,2.2089e-05
5.11192,2.2319e-05,2.0547e-05,2.2590e-05,2.1009e-05,2.1236e-05,2.3373e-05,2.0913e-05,2.2364e-05,2.1272e-05,2.2217e-05,2.2457e-05,2.2665e-05,2.3912e-05,2.3409e-05,2.3144e-05,2.1064e-05,2.1831e-05,2.3581e-05,2.3137e-05,3.1397e-05,3.5577e-05,3.3125e-05,1.9642e-05,1.9420e-05,1.7682e-05,1.5835e-05,1.6693e-05,2.3361e-05,2.3838e-05,2.2335e-05,2.1662e-05,2.0524e-05,2.3195e-05,2.0973e-05,2.1850e-05,2.1841e-05,2.2084e-05
5.18323,2.2286e-05,2.0512e-05,2.2615e-05,2.1006e-05,2.1246e-05,2.3400e-05,2.0881e-05,2.2367e-05,2.1261e-05,2.2146e-05,2.2442e-05,2.2675e-05,2.3955e-05,2.3426e-05,2.3163e-05,2.1085e-05,2.1809e-05,2.3547e-05,2.3171e-05,3.1415e-05,3.5497e-05,3.3155e-05,1.9753e-05,1.9517e-05,1.7758e-05,1.5888e-05,1.6738e-05,2.3347e-05,2.3788e-05,2.2299e-05,2.1608e-05,2.0488e-05,2.3209e-05,2.0964e-05,2.1800e-05,2.1832e-05,2.2079e-05
5.25553,2.2253e-05,2.0476e-05,2.2638e-05,2.1003e-05,2.1254e-05,2.3427e-05,2.0850e-05,2.2371e-05,2.1251e-05,2.2076e-05,2.2427e-05,2.2685e-05,2.4000e-05,2.3444e-05,2.3182e-05,2.1107e-05,2.1787e-05,2.3511e-05,2.3206e-05,3.1432e-05,3.5417e-05,3.3185e-05,1.9863e-05,1.9614e-05,1.7833e-05,1.5941e-05,1.6782e-05,2.3335e-05,2.3736e-05,2.2263e-05,2.1553e-05,2.0453e-05,2.3223e-05,2.0956e-05,2.1751e-05,2.1822e-05,2.2074e-05
5.32884,2.2220e-05,2.0441e-05,2.2662e-05,2.1001e-05,2.1262e-05,2.3454e-05,2.0819e-05,2.2375e-05,2.1242e-05,2.2007e-05,2.2412e-05,2.2695e-05,2.4044e-05,2.3460e-05,2.3200e-05,2.1128e-05,2.1764e-05,2.3476e-05,2.3239e-05,3.1450e-05,3.5338e-05,3.3215e-05,1.9973e-05,1.9711e-05,1.7908e-05,1.5995e-05,1.6826e-05,2.3322e-05,2.3686e-05,2.2228e-05,2.1499e-05,2.0418e-05,2.3237e-05,2.0946e-05,2.1702e-05,2.1813e-05,2.2069e-05
5.40317,2.2187e-05,2.0406e-05,2.2685e-05,2.0998e-05,2.1272e-05,2.3480e-05,2.0788e-05,2.2379e-05,2.1232e-05,2.1937e-05,2.2396e-05,2.2705e-05,2.4088e-05,2.3478e-05,2.3219e-05,2.1149e-05,2.1742e-05,2.3440e-05,2.3274e-05,3.1468e-05,3.5257e-05,3.3245e-05,2.0083e-05,1.9808e-05,1.7984e-05,1.6048e-05,1.6870e-05,2.3310e-05,2.3636e-05,2.2191e-05,2.1445e-05,2.0382e-05,2.3251e-05,2.0937e-05,2.1652e-05,2.1803e-05,2.2064e-05
5.47854,2.2154e-05,2.0371e-05,2.2710e-05,2.0997e-05,2.1280e-05,2.3507e-05,2.0757e-05,2.2383e-05,2.1221e-05,2.1867e-05,2.2381e-05,2.2715e-05,2.4133e-05,2.3495e-05,2.3237e-05,2.1171e-05,2.1719e-05,2.3405e-05,2.3308e-05,3.1486e-05,3.5177e-05,3.3275e-05,2.0194e-05,1.9905e-05,1.8059e-05,1.6101e-05,1.6915e-05,2.3298e-05,2.3585e-05,2.2156e-05,2.1390e-05,2.0347e-05,2.3265e-05,2.0929e-05,2.1604e-05,2.1794e-05,2.2059e-05
5.55496,2.2120e-05,2.0335e-05,2.2733e-05,2.0994e-05,2.1289e-05,2.3534e-05,2.0726e-05,2.2387e-05,2.1212e-05,2.1796e-05,2.2366e-05,2.2726e-05,2.4177e-05,2.3513e-05,2.3256e-05,2.1192e-05,2.1697e-05,2.3369e-05,2.3341e-05,3.1502e-05,3.5097e-05,3.3305e-05,2.0304e-05,2.0002e-05,1.8134e-05,1.6154e-05,1.6960e-05,2.3285e-05,2.3534e-05,2.2120e-05,2.1336e-05,2.0311e-05,2.3280e-05,2.0919e-05,2.1554e-05,2.1784e-05,2.2054e-05
5.63245,2.2088e-05,2.0300e-05,2.2757e-05,2.0991e-05,2.1298e-05,2.3561e-05,2.0694e-05,2.2391e-05,2.1202e-05,2.1726e-05,2.2352e-05,2.2736e-05,2.4220e-05,2.3529e-05,2.3275e-05,2.1214e-05,2.1675e-05,2.3334e-05,2.3376e-05,3.1520e-05,3.5017e-05,3.3334e-05,2.0413e-05,2.0099e-05,1.8209e-05,1.6207e-05,1.7004e-05,2.3273e-05,2.3484e-05,2.2084e-05,2.1282e-05,2.0276e-05,2.3294e-05,2.0911e-05,2.1505e-05,2.1774e-05,2.2049e-05
5.71102,2.2054e-05,2.0265e-05,2.2781e-05,2.0989e-05,2.1306e-05,2.3588e-05,2.0664e-05,2.2394e-05,2.1192e-05,2.1656e-05,2.2337e-05,2.2746e-05,2.4265e-05,2.3547e-05,2.3293e-05,2.1237e-05,2.1654e-05,2.3301e-05,2.3411e-05,3.1540e-05,3.4940e-05,3.3367e-05,2.0525e-05,2.0197e-05,1.8285e-05,1.6260e-05,1.7048e-05,2.3260e-05,2.3433e-05,2.2048e-05,2.1228e-05,2.0241e-05,2.3309e-05,2.0901e-05,2.1455e-05,2.1765e-05,2.2045e-05
5.79068,2.2021e-05,2.0229e-05,2.2805e-05,2.0986e-05,2.1316e-05,2.3615e-05,2.0633e-05,2.2398e-05,2.1182e-05,2.1586e-05,2.2321e-05,2.2755e-05,2.4309e-05,2.3565e-05,2.3312e-05,2.1261e-05,2.1634e-05,2.3268e-05,2.3448e-05,3.1560e-05,3.4863e-05,3.3400e-05,2.0637e-05,2.0293e-05,1.8360e-05,1.6313e-05,1.7093e-05,2.3248e-05,2.3383e-05,2.2012e-05,2.1173e-05,2.0206e-05,2.3323e-05,2.0893e-05,2.1406e-05,2.1756e-05,2.2039e-05
5.87145,2.1988e-05,2.0195e-05,2.2828e-05,2.0984e-05,2.1324e-05,2.3642e-05,2.0602e-05,2.2402e-05,2.1172e-05,2.1516e-05,2.2306e-05,2.2766e-05,2.4353e-05,2.3582e-05,2.3331e-05,2.1284e-05,2.1614e-05,2.3234e-05,2.3484e-05,3.1581e-05,3.4786e-05,3.3433e-05,2.0750e-05,2.0390e-05,1.8435e-05,1.6367e-05,1.7137e-05,2.3235e-05,2.3332e-05,2.1977e-05,2.1119e-05,2.0170e-05,2.3337e-05,2.0884e-05,2.1357e-05,2.1746e-05,2.2035e-05
5.95336,2.1955e-05,2.0159e-05,2.2852e-05,2.0982e-05,2.1332e-05,2.3669e-05,2.0570e-05,2.2406e-05,2.1162e-05,2.1445e-05,2.2291e-05,2.2776e-05,2.4398e-05,2.3599e-05,2.3349e-05,2.1307e-05,2.1593e-05,2.3201e-05,2.3520e-05,3.1601e-05,3.4710e-05,3.3465e-05,2.0861e-05,2.0487e-05,1.8511e-05,1.6420e-05,1.7182e-05,2.3223e-05,2.3281e-05,2.1941e-05,2.1065e-05,2.0135e-05,2.3352e-05,2.0875e-05,2.1308e-05,2.1736e-05,2.2030e-05
6.0364,2.1922e-05,2.0124e-05,2.2876e-05,2.0979e-05,2.1342e-05,2.3695e-05,2.0540e-05,2.2409e-05,2.1152e-05,2.1375e-05,2.2276e-05,2.2786e-05,2.4441e-05,2.3616e-05,2.3368e-05,2.1331e-05,2.1573e-05,2.3168e-05,2.3556e-05,3.1621e-05,3.4633e-05,3.3498e-05,2.0973e-05,2.0584e-05,1.8586e-05,1.6473e-05,1.7226e-05,2.3209e-05,2.3231e-05,2.1905e-05,2.1011e-05,2.0100e-05,2.3366e-05,2.0866e-05,2.1259e-05,2.1727e-05,2.2024e-05
6.1206,2.1889e-05,2.0088e-05,2.2899e-05,2.0977e-05,2.1350e-05,2.3722e-05,2.0509e-05,2.2413e-05,2.1142e-05,2.1305e-05,2.2261e-05,2.2796e-05,2.4485e-05,2.3634e-05,2.3387e-05,2.1354e-05,2.1552e-05,2.3134e-05,2.3593e-05,3.1642e-05,3.4556e-05,3.3531e-05,2.1085e-05,2.0681e-05,1.8661e-05,1.6526e-05,1.7270e-05,2.3197e-05,2.3180e-05,2.1869e-05,2.0956e-05,2.0064e-05,2.3380e-05,2.0858e-05,2.1209e-05,2.1717e-05,2.2020e-05
6.20598,2.1855e-05,2.0053e-05,2.2923e-05,2.0974e-05,2.1359e-05,2.3749e-05,2.0477e-05,2.2417e-05,2.1132e-05,2.1235e-05,2.2245e-05,2.2807e-05,2.4530e-05,2.3651e-05,2.3405e-05,2.1377e-05,2.1533e-05,2.3101e-05,2.3628e-05,3.1662e-05,3.4479e-05,3.3563e-05,2.1197e-05,2.0778e-05,1.8736e-05,1.6579e-05,1.7315e-05,2.3184e-05,2.3129e-05,2.1833e-05,2.0901e-05,2.0029e-05,2.3395e-05,2.0848e-05,2.1160e-05,2.1708e-05,2.2015e-05
6.29255,2.1823e-05,2.0017e-05,2.2947e-05,2.0972e-05,2.1368e-05,2.3776e-05,2.0446e-05,2.2421e-05,2.1122e-05,2.1165e-05,2.2230e-05,2.2817e-05,2.4574e-05,2.3668e-05,2.3424e-05,2.1401e-05,2.1512e-05,2.3068e-05,2.3665e-05,3.1682e-05,3.4402e-05,3.3596e-05,2.1308e-05,2.0875e-05,1.8812e-05,1.6632e-05,1.7359e-05,2.3172e-05,2.3079e-05,2.1798e-05,2.0847e-05,1.9993e-05,2.3409e-05,2.0840e-05,2.1110e-05,2.1699e-05,2.2009e-05
6.38032,2.1789e-05,1.9982e-05,2.2971e-05,2.0970e-05,2.1376e-05,2.3803e-05,2.0416e-05,2.2424e-05,2.1112e-05,2.1095e-05,2.2215e-05,2.2826e-05,2.4618e-05,2.3685e-05,2.3443e-05,2.1424e-05,2.1491e-05,2.3035e-05,2.3701e-05,3.1702e-05,3.4326e-05,3.3629e-05,2.1420e-05,2.0972e-05,1.8887e-05,1.6685e-05,1.7404e-05,2.3159e-05,2.3029e-05,2.1762e-05,2.0793e-05,1.9958e-05,2.3423e-05,2.0831e-05,2.1061e-05,2.1689e-05,2.2005e-05
6.46932,2.1757e-05,1.9948e-05,2.2994e-05,2.0968e-05,2.1385e-05,2.3831e-05,2.0384e-05,2.2428e-05,2.1102e-05,2.1025e-05,2.2200e-05,2.2836e-05,2.4662e-05,2.3703e-05,2.3461e-05,2.1448e-05,2.1471e-05,2.3001e-05,2.3737e-05,3.1723e-05,3.4248e-05,3.3661e-05,2.1533e-05,2.1070e-05,1.8962e-05,1.6738e-05,1.7448e-05,2.3147e-05,2.2977e-05,2.1726e-05,2.0738e-05,1.9922e-05,2.3438e-05,2.0821e-05,2.1012e-05,2.1679e-05,2.2000e-05
6.55956,2.1723e-05,1.9912e-05,2.3018e-05,2.0965e-05,2.1394e-05,2.3858e-05,2.0353e-05,2.2432e-05,2.1093e-05,2.0955e-05,2.2186e-05,2.2847e-05,2.4706e-05,2.3720e-05,2.3480e-05,2.1471e-05,2.1450e-05,2.2968e-05,2.3773e-05,3.1743e-05,3.4172e-05,3.3694e-05,2.1645e-05,2.1167e-05,1.9037e-05,1.6791e-05,1.7492e-05,2.3135e-05,2.2927e-05,2.1690e-05,2.0684e-05,1.9887e-05,2.3452e-05,2.0813e-05,2.0963e-05,2.1670e-05,2.1995e-05
6.65106,2.1690e-05,1.9877e-05,2.3042e-05,2.0962e-05,2.1402e-05,2.3885e-05,2.0322e-05,2.2436e-05,2.1082e-05,2.0885e-05,2.2170e-05,2.2857e-05,2.4750e-05,2.3737e-05,2.3499e-05,2.1494e-05,2.1430e-05,2.2935e-05,2.3809e-05,3.1763e-05,3.4095e-05,3.3727e-05,2.1756e-05,2.1264e-05,1.9113e-05,1.6844e-05,1.7537e-05,2.3122e-05,2.2877e-05,2.1655e-05,2.0630e-05,1.9851e-05,2.3466e-05,2.0804e-05,2.0914e-05,2.1661e-05,2.1990e-05
6.74384,2.1657e-05,1.9841e-05,2.3066e-05,2.0960e-05,2.1412e-05,2.3911e-05,2.0291e-05,2.2440e-05,2.1072e-05,2.0815e-05,2.2155e-05,2.2867e-05,2.4795e-05,2.3755e-05,2.3517e-05,2.1518e-05,2.1410e-05,2.2901e-05,2.3845e-05,3.1784e-05,3.4018e-05,3.3760e-05,2.1868e-05,2.1361e-05,1.9188e-05,1.6897e-05,1.7582e-05,2.3110e-05,2.2826e-05,2.1619e-05,2.0575e-05,1.9816e-05,2.3481e-05,2.0795e-05,2.0864e-05,2.1650e-05,2.1985e-05
6.83791,2.1624e-05,1.9806e-05,2.3089e-05,2.0957e-05,2.1420e-05,2.3938e-05,2.0260e-05,2.2444e-05,2.1063e-05,2.0744e-05,2.2140e-05,2.2878e-05,2.4839e-05,2.3772e-05,2.3536e-05,2.1541e-05,2.1390e-05,2.2868e-05,2.3881e-05,3.1804e-05,3.3941e-05,3.3792e-05,2.1980e-05,2.1458e-05,1.9263e-05,1.6950e-05,1.7626e-05,2.3097e-05,2.2775e-05,2.1583e-05,2.0521e-05,1.9782e-05,2.3495e-05,2.0786e-05,2.0815e-05,2.1641e-05,2.1980e-05
6.93329,2.1591e-05,1.9770e-05,2.3113e-05,2.0956e-05,2.1429e-05,2.3965e-05,2.0229e-05,2.2448e-05,2.1053e-05,2.0674e-05,2.2125e-05,2.2887e-05,2.4882e-05,2.3790e-05,2.3555e-05,2.1564e-05,2.1369e-05,2.2835e-05,2.3918e-05,3.1824e-05,3.3864e-05,3.3825e-05,2.2092e-05,2.1555e-05,1.9339e-05,1.7004e-05,1.7670e-05,2.3085e-05,2.2725e-05,2.1547e-05,2.0467e-05,1.9746e-05,2.3510e-05,2.0777e-05,2.0765e-05,2.1632e-05,2.1975e-05
7.03,2.1558e-05,1.9736e-05,2.3137e-05,2.0953e-05,2.1438e-05,2.3992e-05,2.0198e-05,2.2451e-05,2.1042e-05,2.0604e-05,2.2110e-05,2.2897e-05,2.4927e-05,2.3806e-05,2.3573e-05,2.1588e-05,2.1348e-05,2.2801e-05,2.3953e-05,3.1844e-05,3.3788e-05,3.3859e-05,2.2203e-05,2.1652e-05,1.9414e-05,1.7057e-05,1.7715e-05,2.3071e-05,2.2674e-05,2.1511e-05,2.0413e-05,1.9711e-05,2.3524e-05,2.0768e-05,2.0717e-05,2.1622e-05,2.1970e-05
7.12806,2.1524e-05,1.9700e-05,2.3161e-05,2.0950e-05,2.1446e-05,2.4019e-05,2.0167e-05,2.2455e-05,2.1033e-05,2.0534e-05,2.2094e-05,2.2907e-05,2.4971e-05,2.3824e-05,2.3592e-05,2.1611e-05,2.1328e-05,2.2768e-05,2.3990e-05,3.1865e-05,3.3711e-05,3.3891e-05,2.2315e-05,2.1749e-05,1.9490e-05,1.7110e-05,1.7759e-05,2.3059e-05,2.2623e-05,2.1476e-05,2.0358e-05,1.9675e-05,2.3538e-05,2.0760e-05,2.0667e-05,2.1613e-05,2.1965e-05
7.22749,2.1505e-05,1.9677e-05,2.3185e-05,2.0958e-05,2.1468e-05,2.4048e-05,2.0153e-05,2.2467e-05,2.1035e-05,2.0474e-05,2.2089e-05,2.2929e-05,2.5008e-05,2.3845e-05,2.3611e-05,2.1650e-05,2.1327e-05,2.2753e-05,2.4049e-05,3.1890e-05,3.3637e-05,3.3917e-05,2.2428e-05,2.1844e-05,1.9572e-05,1.7170e-05,1.7819e-05,2.3054e-05,2.2587e-05,2.1458e-05,2.0322e-05,1.9661e-05,2.3557e-05,2.0762e-05,2.0636e-05,2.1610e-05,2.1965e-05
7.32831,2.1548e-05,1.9714e-05,2.3213e-05,2.1014e-05,2.1544e-05,2.4089e-05,2.0219e-05,2.2522e-05,2.1098e-05,2.0466e-05,2.2129e-05,2.3005e-05,2.5015e-05,2.3888e-05,2.3633e-05,2.1762e-05,2.1416e-05,2.2826e-05,2.4216e-05,3.1940e-05,3.3577e-05,3.3906e-05,2.2540e-05,2.1931e-05,1.9690e-05,1.7260e-05,1.7947e-05,2.3082e-05,2.2615e-05,2.1531e-05,2.0373e-05,1.9752e-05,2.3602e-05,2.0817e-05,2.0687e-05,2.1639e-05,2.1981e-05
7.43053,2.1591e-05,1.9752e-05,2.3241e-05,2.1069e-05,2.1621e-05,2.4129e-05,2.0285e-05,2.2576e-05,2.1161e-05,2.0457e-05,2.2168e-05,2.3081e-05,2.5021e-05,2.3932e-05,2.3655e-05,2.1874e-05,2.1505e-05,2.2898e-05,2.4382e-05,3.1989e-05,3.3518e-05,3.3896e-05,2.2652e-05,2.2017e-05,1.9808e-05,1.7350e-05,1.8076e-05,2.3110e-05,2.2645e-05,2.1603e-05,2.0422e-05,1.9841e-05,2.3646e-05,2.0872e-05,2.0737e-05,2.1668e-05,2.1998e-05
7.53418,2.1634e-05,1.9789e-05,2.3270e-05,2.1125e-05,2.1699e-05,2.4170e-05,2.0351e-05,2.2630e-05,2.1224e-05,2.0448e-05,2.2207e-05,2.3156e-05,2.5028e-05,2.3975e-05,2.3677e-05,2.1987e-05,2.1593e-05,2.2969e-05,2.4549e-05,3.2039e-05,3.3459e-05,3.3886e-05,2.2764e-05,2.2103e-05,1.9925e-05,1.7441e-05,1.8205e-05,2.3138e-05,2.2674e-05,2.1675e-05,2.0473e-05,1.9932e-05,2.3691e-05,2.0928e-05,2.0789e-05,2.1697e-05,2.2015e-05
7.63928,2.1676e-05,1.9826e-05,2.3298e-05,2.1181e-05,2.1776e-05,2.4210e-05,2.0418e-05,2.2685e-05,2.1287e-05,2.0440e-05,2.2246e-05,2.3233e-05,2.5034e-05,2.4019e-05,2.3699e-05,2.2099e-05,2.1682e-05,2.3042e-05,2.4716e-05,3.2089e-05,3.3399e-05,3.3875e-05,2.2876e-05,2.2188e-05,2.0043e-05,1.7531e-05,1.8333e-05,2.3166e-05,2.2703e-05,2.1748e-05,2.0523e-05,2.0022e-05,2.3735e-05,2.0983e-05,2.0840e-05,2.1726e-05,2.2032e-05
7.74584,2.1719e-05,1.9864e-05,2.3326e-05,2.1237e-05,2.1854e-05,2.4251e-05,2.0485e-05,2.2739e-05,2.1349e-05,2.0431e-05,2.2285e-05,2.3308e-05,2.5041e-05,2.4062e-05,2.3720e-05,2.2211e-05,2.1771e-05,2.3114e-05,2.4883e-05,3.2139e-05,3.3339e-05,3.3865e-05,2.2988e-05,2.2275e-05,2.0160e-05,1.7622e-05,1.8463e-05,2.3193e-05,2.2733e-05,2.1820e-05,2.0573e-05,2.0112e-05,2.3779e-05,2.1038e-05,2.0891e-05,2.1756e-05,2.2048e-05
7.85389,2.1761e-05,1.9900e-05,2.3355e-05,2.1293e-05,2.1931e-05,2.4291e-05,2.0551e-05,2.2794e-05,2.1413e-05,2.0422e-05,2.2325e-05,2.3384e-05,2.5047e-05,2.4105e-05,2.3742e-05,2.2324e-05,2.1860e-05,2.3186e-05,2.5050e-05,3.2188e-05,3.3280e-05,3.3855e-05,2.3100e-05,2.2361e-05,2.0278e-05,1.7712e-05,1.8592e-05,2.3221e-05,2.2762e-05,2.1893e-05,2.0624e-05,2.0202e-05,2.3824e-05,2.1093e-05,2.0943e-05,2.1785e-05,2.2065e-05
7.96344,2.1804e-05,1.9937e-05,2.3383e-05,2.1349e-05,2.2008e-05,2.4331e-05,2.0617e-05,2.2849e-05,2.1475e-05,2.0413e-05,2.2365e-05,2.3460e-05,2.5053e-05,2.4149e-05,2.3764e-05,2.2436e-05,2.1948e-05,2.3259e-05,2.5216e-05,3.2238e-05,3.3220e-05,3.3845e-05,2.3212e-05,2.2447e-05,2.0396e-05,1.7803e-05,1.8720e-05,2.3249e-05,2.2791e-05,2.1965e-05,2.0673e-05,2.0292e-05,2.3868e-05,2.1148e-05,2.0993e-05,2.1813e-05,2.2082e-05
8.07452,2.1847e-05,1.9975e-05,2.3411e-05,2.1405e-05,2.2086e-05,2.4372e-05,2.0683e-05,2.2903e-05,2.1537e-05,2.0404e-05,2.2404e-05,2.3536e-05,2.5060e-05,2.4191e-05,2.3786e-05,2.2548e-05,2.2037e-05,2.3331e-05,2.5384e-05,3.2287e-05,3.3161e-05,3.3834e-05,2.3325e-05,2.2532e-05,2.0514e-05,1.7893e-05,1.8849e-05,2.3277e-05,2.2821e-05,2.2037e-05,2.0723e-05,2.0382e-05,2.3913e-05,2.1203e-05,2.1044e-05,2.1842e-05,2.2099e-05
8.18716,2.1890e-05,2.0012e-05,2.3439e-05,2.1460e-05,2.2163e-05,2.4412e-05,2.0749e-05,2.2957e-05,2.1601e-05,2.0396e-05,2.2443e-05,2.3611e-05,2.5066e-05,2.4234e-05,2.3808e-05,2.2660e-05,2.2125e-05,2.3403e-05,2.5550e-05,3.2337e-05,3.3102e-05,3.3824e-05,2.3437e-05,2.2619e-05,2.0631e-05,1.7983e-05,1.8978e-05,2.3305e-05,2.2850e-05,2.2109e-05,2.0774e-05,2.0472e-05,2.3956e-05,2.1258e-05,2.1095e-05,2.1871e-05,2.2117e-05
8.30136,2.1933e-05,2.0049e-05,2.3468e-05,2.1516e-05,2.2241e-05,2.4453e-05,2.0816e-05,2.3012e-05,2.1663e-05,2.0387e-05,2.2482e-05,2.3688e-05,2.5073e-05,2.4278e-05,2.3830e-05,2.2772e-05,2.2214e-05,2.3475e-05,2.5717e-05,3.2386e-05,3.3042e-05,3.3814e-05,2.3549e-05,2.2705e-05,2.0749e-05,1.8073e-05,1.9107e-05,2.3333e-05,2.2878e-05,2.2182e-05,2.0824e-05,2.0562e-05,2.4001e-05,2.1313e-05,2.1147e-05,2.1901e-05,2.2133e-05
8.41716,2.1976e-05,2.0086e-05,2.3496e-05,2.1572e-05,2.2318e-05,2.4494e-05,2.0882e-05,2.3066e-05,2.1726e-05,2.0378e-05,2.2522e-05,2.3763e-05,2.5079e-05,2.4321e-05,2.3851e-05,2.2884e-05,2.2302e-05,2.3548e-05,2.5884e-05,3.2436e-05,3.2982e-05,3.3803e-05,2.3661e-05,2.2791e-05,2.0866e-05,1.8164e-05,1.9236e-05,2.3361e-05,2.2908e-05,2.2254e-05,2.0874e-05,2.0652e-05,2.4046e-05,2.1368e-05,2.1198e-05,2.1930e-05,2.2150e-05
8.53457,2.2019e-05,2.0123e-05,2.3524e-05,2.1628e-05,2.2395e-05,2.4535e-05,2.0948e-05,2.3120e-05,2.1789e-05,2.0370e-05,2.2561e-05,2.3839e-05,2.5086e-05,2.4365e-05,2.3873e-05,2.2997e-05,2.2391e-05,2.3620e-05,2.6051e-05,3.2485e-05,3.2923e-05,3.3793e-05,2.3773e-05,2.2877e-05,2.0984e-05,1.8254e-05,1.9365e-05,2.3389e-05,2.2937e-05,2.2326e-05,2.0924e-05,2.0742e-05,2.4090e-05,2.1423e-05,2.1249e-05,2.1959e-05,2.2167e-05
8.65362,2.2062e-05,2.0160e-05,2.3552e-05,2.1684e-05,2.2473e-05,2.4575e-05,2.1014e-05,2.3175e-05,2.1852e-05,2.0361e-05,2.2601e-05,2.3915e-05,2.5092e-05,2.4408e-05,2.3895e-05,2.3110e-05,2.2480e-05,2.3692e-05,2.6218e-05,3.2536e-05,3.2864e-05,3.3783e-05,2.3885e-05,2.2962e-05,2.1102e-05,1.8345e-05,1.9493e-05,2.3416e-05,2.2966e-05,2.2398e-05,2.0974e-05,2.0832e-05,2.4135e-05,2.1479e-05,2.1300e-05,2.1988e-05,2.2184e-05
8.77433,2.2104e-05,2.0197e-05,2.3581e-05,2.1740e-05,2.2550e-05,2.4616e-05,2.1081e-05,2.3229e-05,2.1915e-05,2.0352e-05,2.2640e-05,2.3991e-05,2.5098e-05,2.4451e-05,2.3917e-05,2.3222e-05,2.2569e-05,2.3765e-05,2.6384e-05,3.2585e-05,3.2804e-05,3.3773e-05,2.3997e-05,2.3049e-05,2.1219e-05,1.8435e-05,1.9622e-05,2.3444e-05,2.2996e-05,2.2471e-05,2.1025e-05,2.0922e-05,2.4178e-05,2.1534e-05,2.1351e-05,2.2017e-05,2.2200e-05
8.89672,2.2146e-05,2.0235e-05,2.3609e-05,2.1796e-05,2.2628e-05,2.4656e-05,2.1148e-05,2.3283e-05,2.1978e-05,2.0343e-05,2.2679e-05,2.4066e-05,2.5104e-05,2.4494e-05,2.3939e-05,2.3334e-05,2.2657e-05,2.3836e-05,2.6552e-05,3.2635e-05,3.2745e-05,3.3762e-05,2.4109e-05,2.3135e-05,2.1337e-05,1.8525e-05,1.9752e-05,2.3472e-05,2.3025e-05,2.2543e-05,2.1075e-05,2.1012e-05,2.4223e-05,2.1589e-05,2.1402e-05,2.2047e-05,2.2217e-05
9.02082,2.2189e-05,2.0271e-05,2.3637e-05,2.1851e-05,2.2705e-05,2.4696e-05,2.1214e-05,2.3338e-05,2.2040e-05,2.0335e-05,2.2719e-05,2.4143e-05,2.5111e-05,2.4537e-05,2.3960e-05,2.3446e-05,2.2746e-05,2.3908e-05,2.6718e-05,3.2684e-05,3.2685e-05,3.3752e-05,2.4221e-05,2.3221e-05,2.1454e-05,1.8616e-05,1.9880e-05,2.3499e-05,2.3054e-05,2.2615e-05,2.1125e-05,2.1102e-05,2.4267e-05,2.1644e-05,2.1454e-05,2.2076e-05,2.2234e-05
9.14665,2.2232e-05,2.0308e-05,2.3665e-05,2.1907e-05,2.2782e-05,2.4737e-05,2.1280e-05,2.3392e-05,2.2104e-05,2.0326e-05,2.2758e-05,2.4218e-05,2.5117e-05,2.4580e-05,2.3983e-05,2.3558e-05,2.2835e-05,2.3981e-05,2.6885e-05,3.2734e-05,3.2625e-05,3.3742e-05,2.4334e-05,2.3306e-05,2.1572e-05,1.8706e-05,2.0009e-05,2.3527e-05,2.3084e-05,2.2687e-05,2.1175e-05,2.1192e-05,2.4312e-05,2.1699e-05,2.1505e-05,2.2104e-05,2.2251e-05
9.27424,2.2275e-05,2.0346e-05,2.3693e-05,2.1963e-05,2.2859e-05,2.4777e-05,2.1346e-05,2.3446e-05,2.2166e-05,2.0317e-05,2.2797e-05,2.4294e-05,2.5124e-05,2.4624e-05,2.4004e-05,2.3670e-05,2.2924e-05,2.4053e-05,2.7052e-05,3.2783e-05,3.2566e-05,3.3732e-05,2.4446e-05,2.3393e-05,2.1690e-05,1.8797e-05,2.0138e-05,2.3555e-05,2.3112e-05,2.2760e-05,2.1225e-05,2.1282e-05,2.4356e-05,2.1754e-05,2.1555e-05,2.2133e-05,2.2268e-05
9.40361,2.2318e-05,2.0383e-05,2.3721e-05,2.2019e-05,2.2936e-05,2.4818e-05,2.1413e-05,2.3501e-05,2.2228e-05,2.0308e-05,2.2836e-05,2.4370e-05,2.5130e-05,2.4667e-05,2.4026e-05,2.3783e-05,2.3012e-05,2.4125e-05,2.7219e-05,3.2833e-05,3.2507e-05,3.3721e-05,2.4558e-05,2.3479e-05,2.1808e-05,1.8887e-05,2.0266e-05,2.3583e-05,2.3141e-05,2.2832e-05,2.1275e-05,2.1372e-05,2.4400e-05,2.1809e-05,2.1606e-05,2.2162e-05,2.2285e-05
9.53478,2.2361e-05,2.0420e-05,2.3749e-05,2.2075e-05,2.3014e-05,2.4858e-05,2.1479e-05,2.3555e-05,2.2292e-05,2.0299e-05,2.2876e-05,2.4446e-05,2.5137e-05,2.4711e-05,2.4048e-05,2.3895e-05,2.3101e-05,2.4198e-05,2.7386e-05,3.2882e-05,3.2447e-05,3.3711e-05,2.4670e-05,2.3565e-05,2.1925e-05,1.8978e-05,2.0395e-05,2.3611e-05,2.3171e-05,2.2905e-05,2.1326e-05,2.1462e-05,2.4445e-05,2.1864e-05,2.1658e-05,2.2192e-05,2.2302e-05
9.66778,2.2404e-05,2.0457e-05,2.3777e-05,2.2131e-05,2.3091e-05,2.4899e-05,2.1545e-05,2.3610e-05,2.2354e-05,2.0291e-05,2.2916e-05,2.4522e-05,2.5143e-05,2.4754e-05,2.4069e-05,2.4007e-05,2.3190e-05,2.4270e-05,2.7552e-05,3.2932e-05,3.2388e-05,3.3701e-05,2.4782e-05,2.3651e-05,2.2043e-05,1.9067e-05,2.0525e-05,2.3639e-05,2.3200e-05,2.2976e-05,2.1376e-05,2.1552e-05,2.4489e-05,2.1919e-05,2.1709e-05,2.2221e-05,2.2319e-05
9.80264,2.2447e-05,2.0494e-05,2.3806e-05,2.2187e-05,2.3168e-05,2.4939e-05,2.1611e-05,2.3665e-05,2.2417e-05,2.0282e-05,2.2955e-05,2.4598e-05,2.5149e-05,2.4797e-05,2.4092e-05,2.4120e-05,2.3279e-05,2.4342e-05,2.7719e-05,3.2982e-05,3.2328e-05,3.3690e-05,2.4894e-05,2.3737e-05,2.2160e-05,1.9158e-05,2.0653e-05,2.3667e-05,2.3229e-05,2.3049e-05,2.1426e-05,2.1642e-05,2.4534e-05,2.1975e-05,2.1760e-05,2.2250e-05,2.2336e-05
9.93937,2.2489e-05,2.0531e-05,2.3834e-05,2.2242e-05,2.3246e-05,2.4979e-05,2.1677e-05,2.3719e-05,2.2480e-05,2.0273e-05,2.2994e-05,2.4674e-05,2.5156e-05,2.4840e-05,2.4113e-05,2.4232e-05,2.3367e-05,2.4414e-05,2.7887e-05,3.3032e-05,3.2268e-05,3.3680e-05,2.5006e-05,2.3823e-05,2.2279e-05,1.9248e-05,2.0782e-05,2.3695e-05,2.3259e-05,2.3121e-05,2.1476e-05,2.1732e-05,2.4577e-05,2.2030e-05,2.1812e-05,2.2279e-05,2.2352e-05
10.078,2.2532e-05,2.0569e-05,2.3862e-05,2.2297e-05,2.3323e-05,2.5020e-05,2.1744e-05,2.3773e-05,2.2543e-05,2.0265e-05,2.3033e-05,2.4749e-05,2.5162e-05,2.4883e-05,2.4135e-05,2.4344e-05,2.3456e-05,2.4487e-05,2.8053e-05,3.3081e-05,3.2210e-05,3.3670e-05,2.5118e-05,2.3909e-05,2.2396e-05,1.9339e-05,2.0911e-05,2.3723e-05,2.3288e-05,2.3194e-05,2.1526e-05,2.1822e-05,2.4622e-05,2.2085e-05,2.1862e-05,2.2309e-05,2.2369e-05
10.2186,2.2574e-05,2.0606e-05,2.3890e-05,2.2353e-05,2.3401e-05,2.5061e-05,2.1810e-05,2.3828e-05,2.2606e-05,2.0256e-05,2.3072e-05,2.4826e-05,2.5169e-05,2.4926e-05,2.4157e-05,2.4456e-05,2.3545e-05,2.4559e-05,2.8220e-05,3.3131e-05,3.2150e-05,3.3660e-05,2.5230e-05,2.3995e-05,2.2514e-05,1.9429e-05,2.1040e-05,2.3750e-05,2.3317e-05,2.3265e-05,2.1577e-05,2.1912e-05,2.4666e-05,2.2140e-05,2.1913e-05,2.2338e-05,2.2386e-05
10.3611,2.2617e-05,2.0643e-05,2.3919e-05,2.2409e-05,2.3478e-05,2.5102e-05,2.1877e-05,2.3882e-05,2.2669e-05,2.0247e-05,2.3112e-05,2.4901e-05,2.5175e-05,2.4970e-05,2.4178e-05,2.4569e-05,2.3634e-05,2.4631e-05,2.8386e-05,3.3180e-05,3.2091e-05,3.3649e-05,2.5343e-05,2.4081e-05,2.2631e-05,1.9519e-05,2.1169e-05,2.3778e-05,2.3347e-05,2.3338e-05,2.1627e-05,2.2002e-05,2.4711e-05,2.2195e-05,2.1965e-05,2.2366e-05,2.2403e-05
10.5057,2.2660e-05,2.0680e-05,2.3947e-05,2.2465e-05,2.3555e-05,2.5142e-05,2.1943e-05,2.3936e-05,2.2731e-05,2.0238e-05,2.3152e-05,2.4977e-05,2.5182e-05,2.5013e-05,2.4201e-05,2.4681e-05,2.3723e-05,2.4704e-05,2.8554e-05,3.3230e-05,3.2031e-05,3.3639e-05,2.5455e-05,2.4167e-05,2.2749e-05,1.9610e-05,2.1298e-05,2.3806e-05,2.3375e-05,2.3410e-05,2.1677e-05,2.2092e-05,2.4756e-05,2.2250e-05,2.2016e-05,2.2395e-05,2.2420e-05
10.6522,2.2703e-05,2.0717e-05,2.3975e-05,2.2521e-05,2.3633e-05,2.5183e-05,2.2009e-05,2.3990e-05,2.2795e-05,2.0229e-05,2.3191e-05,2.5053e-05,2.5187e-05,2.5057e-05,2.4222e-05,2.4793e-05,2.3811e-05,2.4775e-05,2.8720e-05,3.3279e-05,3.1971e-05,3.3629e-05,2.5567e-05,2.4253e-05,2.2866e-05,1.9700e-05,2.1427e-05,2.3834e-05,2.3404e-05,2.3483e-05,2.1727e-05,2.2182e-05,2.4799e-05,2.2305e-05,2.2067e-05,2.2424e-05,2.2437e-05
10.8008,2.2746e-05,2.0754e-05,2.4003e-05,2.2577e-05,2.3710e-05,2.5223e-05,2.2076e-05,2.4045e-05,2.2857e-05,2.0221e-05,2.3230e-05,2.5129e-05,2.5194e-05,2.5100e-05,2.4245e-05,2.4905e-05,2.3900e-05,2.4847e-05,2.8887e-05,3.3329e-05,3.1912e-05,3.3618e-05,2.5679e-05,2.4339e-05,2.2985e-05,1.9791e-05,2.1555e-05,2.3862e-05,2.3434e-05,2.3555e-05,2.1777e-05,2.2272e-05,2.4844e-05,2.2360e-05,2.2117e-05,2.2454e-05,2.2454e-05
10.9515,2.2789e-05,2.0791e-05,2.4032e-05,2.2632e-05,2.3788e-05,2.5264e-05,2.2142e-05,2.4099e-05,2.2919e-05,2.0212e-05,2.3269e-05,2.5204e-05,2.5200e-05,2.5143e-05,2.4266e-05,2.5017e-05,2.3988e-05,2.4920e-05,2.9055e-05,3.3378e-05,3.1853e-05,3.3608e-05,2.5791e-05,2.4425e-05,2.3102e-05,1.9881e-05,2.1684e-05,2.3890e-05,2.3463e-05,2.3627e-05,2.1827e-05,2.2363e-05,2.4888e-05,2.2415e-05,2.2169e-05,2.2483e-05,2.2471e-05
11.1042,2.2831e-05,2.0829e-05,2.4060e-05,2.2688e-05,2.3865e-05,2.5304e-05,2.2208e-05,2.4153e-05,2.2983e-05,2.0203e-05,2.3308e-05,2.5281e-05,2.5207e-05,2.5186e-05,2.4287e-05,2.5130e-05,2.4077e-05,2.4992e-05,2.9221e-05,3.3429e-05,3.1793e-05,3.3598e-05,2.5903e-05,2.4511e-05,2.3220e-05,1.9972e-05,2.1813e-05,2.3918e-05,2.3492e-05,2.3699e-05,2.1878e-05,2.2452e-05,2.4933e-05,2.2471e-05,2.2220e-05,2.2512e-05,2.2488e-05
11.2591,2.2874e-05,2.0865e-05,2.4088e-05,2.2744e-05,2.3942e-05,2.5344e-05,2.2274e-05,2.4208e-05,2.3045e-05,2.0195e-05,2.3348e-05,2.5356e-05,2.5213e-05,2.5229e-05,2.4310e-05,2.5243e-05,2.4165e-05,2.5064e-05,2.9388e-05,3.3478e-05,3.1734e-05,3.3588e-05,2.6015e-05,2.4597e-05,2.3337e-05,2.0061e-05,2.1942e-05,2.3946e-05,2.3522e-05,2.3772e-05,2.1928e-05,2.2543e-05,2.4977e-05,2.2526e-05,2.2271e-05,2.2541e-05,2.2504e-05
11.4162,2.2917e-05,2.0902e-05,2.4116e-05,2.2800e-05,2.4020e-05,2.5385e-05,2.2340e-05,2.4262e-05,2.3108e-05,2.0186e-05,2.3388e-05,2.5432e-05,2.5220e-05,2.5272e-05,2.4331e-05,2.5355e-05,2.4254e-05,2.5136e-05,2.9554e-05,3.3528e-05,3.1674e-05,3.3577e-05,2.6127e-05,2.4683e-05,2.3455e-05,2.0152e-05,2.2071e-05,2.3974e-05,2.3551e-05,2.3844e-05,2.1978e-05,2.2632e-05,2.5021e-05,2.2581e-05,2.2323e-05,2.2570e-05,2.2521e-05
11.5754,2.2960e-05,2.0940e-05,2.4145e-05,2.2856e-05,2.4096e-05,2.5425e-05,2.2407e-05,2.4316e-05,2.3171e-05,2.0177e-05,2.3427e-05,2.5508e-05,2.5227e-05,2.5316e-05,2.4353e-05,2.5467e-05,2.4343e-05,2.5209e-05,2.9722e-05,3.3577e-05,3.1614e-05,3.3567e-05,2.6239e-05,2.4770e-05,2.3572e-05,2.0242e-05,2.2200e-05,2.4002e-05,2.3580e-05,2.3916e-05,2.2028e-05,2.2723e-05,2.5066e-05,2.2636e-05,2.2374e-05,2.2600e-05,2.2538e-05
11.7369,2.3002e-05,2.0977e-05,2.4173e-05,2.2912e-05,2.4174e-05,2.5466e-05,2.2473e-05,2.4371e-05,2.3234e-05,2.0169e-05,2.3466e-05,2.5584e-05,2.5232e-05,2.5359e-05,2.4375e-05,2.5579e-05,2.4432e-05,2.5281e-05,2.9888e-05,3.3627e-05,3.1556e-05,3.3557e-05,2.6352e-05,2.4855e-05,2.3691e-05,2.0333e-05,2.2328e-05,2.4029e-05,2.3610e-05,2.3988e-05,2.2078e-05,2.2812e-05,2.5110e-05,2.2691e-05,2.2424e-05,2.2629e-05,2.2555e-05
11.9006,2.3045e-05,2.1014e-05,2.4201e-05,2.2968e-05,2.4251e-05,2.5506e-05,2.2539e-05,2.4425e-05,2.3297e-05,2.0159e-05,2.3505e-05,2.5659e-05,2.5239e-05,2.5403e-05,2.4397e-05,2.5691e-05,2.4520e-05,2.5353e-05,3.0055e-05,3.3676e-05,3.1496e-05,3.3547e-05,2.6465e-05,2.4941e-05,2.3808e-05,2.0423e-05,2.2457e-05,2.4057e-05,2.3638e-05,2.4061e-05,2.2129e-05,2.2903e-05,2.5155e-05,2.2746e-05,2.2476e-05,2.2657e-05,2.2572e-05
12.0666,2.3088e-05,2.1051e-05,2.4229e-05,2.3024e-05,2.4329e-05,2.5547e-05,2.2605e-05,2.4480e-05,2.3360e-05,2.0151e-05,2.3545e-05,2.5736e-05,2.5245e-05,2.5446e-05,2.4419e-05,2.5803e-05,2.4609e-05,2.5426e-05,3.0222e-05,3.3726e-05,3.1436e-05,3.3536e-05,2.6577e-05,2.5027e-05,2.3926e-05,2.0514e-05,2.2587e-05,2.4085e-05,2.3667e-05,2.4134e-05,2.2179e-05,2.2992e-05,2.5199e-05,2.2801e-05,2.2527e-05,2.2686e-05,2.2588e-05
12.2349,2.3131e-05,2.1088e-05,2.4258e-05,2.3079e-05,2.4406e-05,2.5587e-05,2.2672e-05,2.4535e-05,2.3422e-05,2.0142e-05,2.3584e-05,2.5811e-05,2.5252e-05,2.5489e-05,2.4440e-05,2.5915e-05,2.4698e-05,2.5498e-05,3.0389e-05,3.3775e-05,3.1377e-05,3.3526e-05,2.6689e-05,2.5114e-05,2.4043e-05,2.0604e-05,2.2715e-05,2.4113e-05,2.3697e-05,2.4205e-05,2.2228e-05,2.3083e-05,2.5243e-05,2.2856e-05,2.2578e-05,2.2715e-05,2.2606e-05
12.4056,2.3177e-05,2.1163e-05,2.4338e-05,2.3183e-05,2.4467e-05,2.5669e-05,2.2789e-05,2.4619e-05,2.3521e-05,2.0298e-05,2.3618e-05,2.5890e-05,2.5296e-05,2.5535e-05,2.4549e-05,2.6033e-05,2.4861e-05,2.5656e-05,3.0519e-05,3.3810e-05,3.1381e-05,3.3501e-05,2.6759e-05,2.5228e-05,2.4165e-05,2.0740e-05,2.2864e-05,2.4211e-05,2.3865e-05,2.4348e-05,2.2389e-05,2.3238e-05,2.5271e-05,2.2956e-05,2.2738e-05,2.2842e-05,2.2743e-05
12.5786,2.3223e-05,2.1238e-05,2.4419e-05,2.3290e-05,2.4525e-05,2.5752e-05,2.2906e-05,2.4703e-05,2.3620e-05,2.0460e-05,2.3651e-05,2.5969e-05,2.5341e-05,2.5582e-05,2.4659e-05,2.6150e-05,2.5026e-05,2.5818e-05,3.0647e-05,3.3844e-05,3.1387e-05,3.3475e-05,2.6829e-05,2.5345e-05,2.4287e-05,2.0878e-05,2.3013e-05,2.4310e-05,2.4037e-05,2.4492e-05,2.2552e-05,2.3397e-05,2.5298e-05,2.3057e-05,2.2901e-05,2.2972e-05,2.2885e-05
12.7541,2.3269e-05,2.1314e-05,2.4501e-05,2.3395e-05,2.4585e-05,2.5835e-05,2.3025e-05,2.4788e-05,2.3720e-05,2.0622e-05,2.3685e-05,2.6047e-05,2.5387e-05,2.5628e-05,2.4770e-05,2.6268e-05,2.5191e-05,2.5980e-05,3.0775e-05,3.3878e-05,3.1394e-05,3.3448e-05,2.6898e-05,2.5462e-05,2.4409e-05,2.1015e-05,2.3163e-05,2.4410e-05,2.4209e-05,2.4636e-05,2.2715e-05,2.3555e-05,2.5325e-05,2.3158e-05,2.3064e-05,2.3101e-05,2.3026e-05
12.932,2.3315e-05,2.1389e-05,2.4583e-05,2.3501e-05,2.4645e-05,2.5918e-05,2.3143e-05,2.4873e-05,2.3819e-05,2.0783e-05,2.3719e-05,2.6125e-05,2.5432e-05,2.5674e-05,2.4880e-05,2.6384e-05,2.5357e-05,2.6141e-05,3.0903e-05,3.3912e-05,3.1400e-05,3.3422e-05,2.6968e-05,2.5578e-05,2.4530e-05,2.1153e-05,2.3312e-05,2.4509e-05,2.4381e-05,2.4781e-05,2.2878e-05,2.3714e-05,2.5352e-05,2.3259e-05,2.3227e-05,2.3231e-05,2.3168e-05
13.1124,2.3361e-05,2.1465e-05,2.4664e-05,2.3607e-05,2.4703e-05,2.6001e-05,2.3262e-05,2.4958e-05,2.3919e-05,2.0945e-05,2.3752e-05,2.6205e-05,2.5477e-05,2.5721e-05,2.4990e-05,2.6502e-05,2.5522e-05,2.6303e-05,3.1031e-05,3.3945e-05,3.1406e-05,3.3397e-05,2.7037e-05,2.5694e-05,2.4652e-05,2.1290e-05,2.3461e-05,2.4609e-05,2.4553e-05,2.4925e-05,2.3042e-05,2.3872e-05,2.5380e-05,2.3360e-05,2.3390e-05,2.3361e-05,2.3308e-05
13.2953,2.3407e-05,2.1540e-05,2.4746e-05,2.3712e-05,2.4763e-05,2.6084e-05,2.3380e-05,2.5043e-05,2.4018e-05,2.1107e-05,2.3786e-05,2.6283e-05,2.5522e-05,2.5766e-05,2.5101e-05,2.6619e-05,2.5687e-05,2.6465e-05,3.1159e-05,3.3979e-05,3.1413e-05,3.3371e-05,2.7107e-05,2.5810e-05,2.4774e-05,2.1428e-05,2.3610e-05,2.4709e-05,2.4725e-05,2.5070e-05,2.3205e-05,2.4030e-05,2.5407e-05,2.3460e-05,2.3554e-05,2.3490e-05,2.3450e-05
13.4808,2.3453e-05,2.1616e-05,2.4827e-05,2.3818e-05,2.4823e-05,2.6167e-05,2.3498e-05,2.5128e-05,2.4118e-05,2.1268e-05,2.3819e-05,2.6362e-05,2.5568e-05,2.5813e-05,2.5211e-05,2.6737e-05,2.5853e-05,2.6626e-05,3.1288e-05,3.4013e-05,3.1418e-05,3.3345e-05,2.7177e-05,2.5927e-05,2.4895e-05,2.1565e-05,2.3760e-05,2.4808e-05,2.4897e-05,2.5214e-05,2.3368e-05,2.4189e-05,2.5434e-05,2.3561e-05,2.3717e-05,2.3620e-05,2.3591e-05
13.6688,2.3499e-05,2.1691e-05,2.4909e-05,2.3924e-05,2.4882e-05,2.6250e-05,2.3616e-05,2.5213e-05,2.4218e-05,2.1430e-05,2.3853e-05,2.6441e-05,2.5613e-05,2.5860e-05,2.5322e-05,2.6853e-05,2.6018e-05,2.6788e-05,3.1416e-05,3.4047e-05,3.1425e-05,3.3319e-05,2.7247e-05,2.6042e-05,2.5018e-05,2.1703e-05,2.3909e-05,2.4908e-05,2.5070e-05,2.5358e-05,2.3531e-05,2.4347e-05,2.5462e-05,2.3663e-05,2.3880e-05,2.3749e-05,2.3733e-05
13.8595,2.3545e-05,2.1766e-05,2.4992e-05,2.4030e-05,2.4941e-05,2.6333e-05,2.3734e-05,2.5297e-05,2.4316e-05,2.1592e-05,2.3886e-05,2.6519e-05,2.5658e-05,2.5905e-05,2.5432e-05,2.6971e-05,2.6183e-05,2.6950e-05,3.1544e-05,3.4081e-05,3.1431e-05,3.3293e-05,2.7316e-05,2.6159e-05,2.5140e-05,2.1841e-05,2.4059e-05,2.5007e-05,2.5241e-05,2.5503e-05,2.3694e-05,2.4505e-05,2.5489e-05,2.3763e-05,2.4043e-05,2.3879e-05,2.3873e-05
14.0528,2.3591e-05,2.1841e-05,2.5073e-05,2.4135e-05,2.5001e-05,2.6416e-05,2.3853e-05,2.5382e-05,2.4416e-05,2.1753e-05,2.3920e-05,2.6598e-05,2.5703e-05,2.5952e-05,2.5543e-05,2.7088e-05,2.6348e-05,2.7111e-05,3.1673e-05,3.4115e-05,3.1437e-05,3.3267e-05,2.7386e-05,2.6276e-05,2.5261e-05,2.1979e-05,2.4208e-05,2.5107e-05,2.5414e-05,2.5647e-05,2.3858e-05,2.4663e-05,2.5517e-05,2.3864e-05,2.4206e-05,2.4009e-05,2.4015e-05
14.2488,2.3638e-05,2.1917e-05,2.5155e-05,2.4242e-05,2.5061e-05,2.6499e-05,2.3970e-05,2.5467e-05,2.4516e-05,2.1915e-05,2.3954e-05,2.6677e-05,2.5749e-05,2.5999e-05,2.5653e-05,2.7206e-05,2.6513e-05,2.7273e-05,3.1801e-05,3.4148e-05,3.1443e-05,3.3241e-05,2.7455e-05,2.6392e-05,2.5383e-05,2.2117e-05,2.4357e-05,2.5206e-05,2.5586e-05,2.5792e-05,2.4021e-05,2.4822e-05,2.5544e-05,2.3965e-05,2.4370e-05,2.4138e-05,2.4157e-05
14.4476,2.3683e-05,2.1993e-05,2.5237e-05,2.4347e-05,2.5120e-05,2.6581e-05,2.4089e-05,2.5553e-05,2.4615e-05,2.2076e-05,2.3986e-05,2.6756e-05,2.5794e-05,2.6044e-05,2.5763e-05,2.7322e-05,2.6679e-05,2.7434e-05,3.1929e-05,3.4182e-05,3.1450e-05,3.3216e-05,2.7525e-05,2.6508e-05,2.5504e-05,2.2254e-05,2.4507e-05,2.5306e-05,2.5758e-05,2.5936e-05,2.4184e-05,2.4980e-05,2.5571e-05,2.4066e-05,2.4533e-05,2.4268e-05,2.4298e-05
14.6491,2.3729e-05,2.2068e-05,2.5318e-05,2.4453e-05,2.5179e-05,2.6664e-05,2.4207e-05,2.5638e-05,2.4715e-05,2.2238e-05,2.4020e-05,2.6834e-05,2.5839e-05,2.6091e-05,2.5874e-05,2.7440e-05,2.6844e-05,2.7596e-05,3.2058e-05,3.4216e-05,3.1457e-05,3.3190e-05,2.7594e-05,2.6624e-05,2.5627e-05,2.2392e-05,2.4656e-05,2.5406e-05,2.5930e-05,2.6081e-05,2.4347e-05,2.5138e-05,2.5599e-05,2.4167e-05,2.4696e-05,2.4398e-05,2.4439e-05
14.8534,2.3776e-05,2.2144e-05,2.5400e-05,2.4559e-05,2.5239e-05,2.6747e-05,2.4326e-05,2.5723e-05,2.4814e-05,2.2400e-05,2.4053e-05,2.6913e-05,2.5885e-05,2.6138e-05,2.5984e-05,2.7557e-05,2.7009e-05,2.7759e-05,3.2186e-05,3.4250e-05,3.1462e-05,3.3164e-05,2.7664e-05,2.6741e-05,2.5749e-05,2.2529e-05,2.4805e-05,2.5505e-05,2.6102e-05,2.6225e-05,2.4510e-05,2.5296e-05,2.5626e-05,2.4268e-05,2.4859e-05,2.4527e-05,2.4580e-05
15.0606,2.3821e-05,2.2219e-05,2.5481e-05,2.4665e-05,2.5298e-05,2.6830e-05,2.4444e-05,2.5807e-05,2.4913e-05,2.2561e-05,2.4087e-05,2.6992e-05,2.5930e-05,2.6183e-05,2.6095e-05,2.7675e-05,2.7175e-05,2.7920e-05,3.2314e-05,3.4284e-05,3.1469e-05,3.3137e-05,2.7733e-05,2.6857e-05,2.5870e-05,2.2667e-05,2.4955e-05,2.5605e-05,2.6274e-05,2.6369e-05,2.4674e-05,2.5455e-05,2.5653e-05,2.4369e-05,2.5022e-05,2.4657e-05,2.4722e-05
15.2707,2.3868e-05,2.2295e-05,2.5563e-05,2.4771e-05,2.5358e-05,2.6913e-05,2.4562e-05,2.5892e-05,2.5013e-05,2.2723e-05,2.4121e-05,2.7070e-05,2.5975e-05,2.6230e-05,2.6205e-05,2.7791e-05,2.7340e-05,2.8082e-05,3.2443e-05,3.4317e-05,3.1475e-05,3.3112e-05,2.7803e-05,2.6973e-05,2.5992e-05,2.2804e-05,2.5104e-05,2.5704e-05,2.6446e-05,2.6513e-05,2.4837e-05,2.5614e-05,2.5680e-05,2.4470e-05,2.5185e-05,2.4786e-05,2.4863e-05
15.4837,2.3914e-05,2.2370e-05,2.5645e-05,2.4876e-05,2.5417e-05,2.6996e-05,2.4680e-05,2.5977e-05,2.5113e-05,2.2884e-05,2.4154e-05,2.7148e-05,2.6020e-05,2.6277e-05,2.6315e-05,2.7909e-05,2.7505e-05,2.8244e-05,3.2571e-05,3.4352e-05,3.1481e-05,3.3086e-05,2.7873e-05,2.7090e-05,2.6113e-05,2.2942e-05,2.5254e-05,2.5804e-05,2.6618e-05,2.6658e-05,2.5000e-05,2.5771e-05,2.5708e-05,2.4571e-05,2.5349e-05,2.4916e-05,2.5005e-05
15.6997,2.3959e-05,2.2446e-05,2.5726e-05,2.4982e-05,2.5476e-05,2.7079e-05,2.4798e-05,2.6062e-05,2.5213e-05,2.3046e-05,2.4188e-05,2.7228e-05,2.6066e-05,2.6323e-05,2.6426e-05,2.8026e-05,2.7670e-05,2.8405e-05,3.2699e-05,3.4386e-05,3.1487e-05,3.3060e-05,2.7943e-05,2.7206e-05,2.6236e-05,2.3079e-05,2.5403e-05,2.5904e-05,2.6790e-05,2.6802e-05,2.5163e-05,2.5930e-05,2.5735e-05,2.4672e-05,2.5512e-05,2.5046e-05,2.5145e-05
15.9187,2.4006e-05,2.2521e-05,2.5808e-05,2.5088e-05,2.5536e-05,2.7162e-05,2.4917e-05,2.6147e-05,2.5311e-05,2.3208e-05,2.4221e-05,2.7306e-05,2.6111e-05,2.6369e-05,2.6536e-05,2.8144e-05,2.7835e-05,2.8567e-05,3.2828e-05,3.4419e-05,3.1494e-05,3.3034e-05,2.8012e-05,2.7322e-05,2.6358e-05,2.3217e-05,2.5552e-05,2.6003e-05,2.6963e-05,2.6947e-05,2.5326e-05,2.6088e-05,2.5762e-05,2.4772e-05,2.5675e-05,2.5175e-05,2.5287e-05
16.1408,2.4052e-05,2.2597e-05,2.5890e-05,2.5194e-05,2.5596e-05,2.7245e-05,2.5034e-05,2.6232e-05,2.5411e-05,2.3369e-05,2.4255e-05,2.7385e-05,2.6156e-05,2.6415e-05,2.6647e-05,2.8260e-05,2.8001e-05,2.8728e-05,3.2956e-05,3.4453e-05,3.1500e-05,3.3008e-05,2.8082e-05,2.7438e-05,2.6479e-05,2.3355e-05,2.5701e-05,2.6102e-05,2.7134e-05,2.7092e-05,2.5489e-05,2.6247e-05,2.5789e-05,2.4874e-05,2.5838e-05,2.5305e-05,2.5428e-05
16.3659,2.4097e-05,2.2672e-05,2.5972e-05,2.5299e-05,2.5655e-05,2.7328e-05,2.5153e-05,2.6317e-05,2.5511e-05,2.3531e-05,2.4288e-05,2.7464e-05,2.6202e-05,2.6462e-05,2.6757e-05,2.8378e-05,2.8166e-05,2.8890e-05,3.3084e-05,3.4486e-05,3.1506e-05,3.2982e-05,2.8152e-05,2.7555e-05,2.6601e-05,2.3492e-05,2.5850e-05,2.6202e-05,2.7307e-05,2.7235e-05,2.5654e-05,2.6404e-05,2.5817e-05,2.4975e-05,2.6001e-05,2.5434e-05,2.5570e-05
16.5942,2.4144e-05,2.2748e-05,2.6054e-05,2.5406e-05,2.5714e-05,2.7411e-05,2.5271e-05,2.6401e-05,2.5610e-05,2.3693e-05,2.4322e-05,2.7542e-05,2.6247e-05,2.6508e-05,2.6868e-05,2.8495e-05,2.8331e-05,2.9052e-05,3.3213e-05,3.4521e-05,3.1513e-05,3.2956e-05,2.8221e-05,2.7671e-05,2.6722e-05,2.3630e-05,2.6001e-05,2.6302e-05,2.7479e-05,2.7380e-05,2.5817e-05,2.6563e-05,2.5844e-05,2.5075e-05,2.6165e-05,2.5564e-05,2.5710e-05
16.8257,2.4190e-05,2.2823e-05,2.6135e-05,2.5511e-05,2.5774e-05,2.7494e-05,2.5390e-05,2.6486e-05,2.5710e-05,2.3854e-05,2.4356e-05,2.7621e-05,2.6292e-05,2.6554e-05,2.6978e-05,2.8613e-05,2.8497e-05,2.9213e-05,3.3341e-05,3.4555e-05,3.1519e-05,3.2931e-05,2.8291e-05,2.7787e-05,2.6844e-05,2.3767e-05,2.6150e-05,2.6401e-05,2.7651e-05,2.7524e-05,2.5980e-05,2.6721e-05,2.5871e-05,2.5176e-05,2.6328e-05,2.5694e-05,2.5852e-05
17.0604,2.4236e-05,2.2898e-05,2.6217e-05,2.5617e-05,2.5834e-05,2.7577e-05,2.5507e-05,2.6571e-05,2.5809e-05,2.4016e-05,2.4389e-05,2.7700e-05,2.6337e-05,2.6601e-05,2.7088e-05,2.8729e-05,2.8662e-05,2.9375e-05,3.3469e-05,3.4588e-05,3.1525e-05,3.2905e-05,2.8360e-05,2.7904e-05,2.6967e-05,2.3905e-05,2.6299e-05,2.6501e-05,2.7823e-05,2.7669e-05,2.6143e-05,2.6880e-05,2.5898e-05,2.5277e-05,2.6491e-05,2.5823e-05,2.5993e-05
17.2984,2.4282e-05,2.2974e-05,2.6299e-05,2.5723e-05,2.5892e-05,2.7660e-05,2.5626e-05,2.6656e-05,2.5908e-05,2.4177e-05,2.4423e-05,2.7779e-05,2.6383e-05,2.6647e-05,2.7199e-05,2.8847e-05,2.8827e-05,2.9537e-05,3.3598e-05,3.4622e-05,3.1531e-05,3.2879e-05,2.8430e-05,2.8020e-05,2.7088e-05,2.4042e-05,2.6448e-05,2.6600e-05,2.7995e-05,2.7813e-05,2.6306e-05,2.7037e-05,2.5926e-05,2.5379e-05,2.6654e-05,2.5953e-05,2.6135e-05
17.5396,2.4328e-05,2.3049e-05,2.6380e-05,2.5828e-05,2.5952e-05,2.7743e-05,2.5744e-05,2.6741e-05,2.6008e-05,2.4339e-05,2.4456e-05,2.7857e-05,2.6429e-05,2.6693e-05,2.7309e-05,2.8964e-05,2.8992e-05,2.9698e-05,3.3726e-05,3.4656e-05,3.1538e-05,3.2852e-05,2.8500e-05,2.8136e-05,2.7210e-05,2.4180e-05,2.6597e-05,2.6700e-05,2.8167e-05,2.7958e-05,2.6470e-05,2.7196e-05,2.5953e-05,2.5479e-05,2.6817e-05,2.6083e-05,2.6277e-05
17.7843,2.4374e-05,2.3125e-05,2.6462e-05,2.5934e-05,2.6012e-05,2.7826e-05,2.5862e-05,2.6827e-05,2.6108e-05,2.4501e-05,2.4490e-05,2.7935e-05,2.6473e-05,2.6740e-05,2.7420e-05,2.9082e-05,2.9157e-05,2.9860e-05,3.3854e-05,3.4690e-05,3.1543e-05,3.2827e-05,2.8570e-05,2.8253e-05,2.7331e-05,2.4317e-05,2.6747e-05,2.6800e-05,2.8339e-05,2.8101e-05,2.6633e-05,2.7355e-05,2.5980e-05,2.5580e-05,2.6981e-05,2.6212e-05,2.6417e-05
18.0324,2.4420e-05,2.3200e-05,2.6544e-05,2.6040e-05,2.6070e-05,2.7909e-05,2.5981e-05,2.6912e-05,2.6207e-05,2.4662e-05,2.4523e-05,2.8015e-05,2.6519e-05,2.6786e-05,2.7530e-05,2.9198e-05,2.9323e-05,3.0021e-05,3.3983e-05,3.4724e-05,3.1550e-05,3.2801e-05,2.8639e-05,2.8369e-05,2.7453e-05,2.4455e-05,2.6897e-05,2.6899e-05,2.8511e-05,2.8246e-05,2.6796e-05,2.7512e-05,2.6007e-05,2.5681e-05,2.7144e-05,2.6342e-05,2.6559e-05
18.2839,2.4467e-05,2.3276e-05,2.6625e-05,2.6146e-05,2.6130e-05,2.7992e-05,2.6098e-05,2.6996e-05,2.6306e-05,2.4824e-05,2.4557e-05,2.8093e-05,2.6564e-05,2.6832e-05,2.7641e-05,2.9316e-05,2.9488e-05,3.0183e-05,3.4111e-05,3.4757e-05,3.1557e-05,3.2775e-05,2.8709e-05,2.8485e-05,2.7576e-05,2.4592e-05,2.7046e-05,2.6998e-05,2.8683e-05,2.8391e-05,2.6959e-05,2.7671e-05,2.6035e-05,2.5782e-05,2.7306e-05,2.6471e-05,2.6700e-05
18.539,2.4512e-05,2.3351e-05,2.6707e-05,2.6251e-05,2.6190e-05,2.8075e-05,2.6217e-05,2.7081e-05,2.6406e-05,2.4985e-05,2.4591e-05,2.8171e-05,2.6609e-05,2.6879e-05,2.7751e-05,2.9433e-05,2.9653e-05,3.0345e-05,3.4239e-05,3.4791e-05,3.1562e-05,3.2749e-05,2.8778e-05,2.8601e-05,2.7697e-05,2.4730e-05,2.7195e-05,2.7098e-05,2.8855e-05,2.8535e-05,2.7122e-05,2.7829e-05,2.6062e-05,2.5883e-05,2.7469e-05,2.6601e-05,2.6842e-05
18.7976,2.4558e-05,2.3427e-05,2.6788e-05,2.6358e-05,2.6249e-05,2.8158e-05,2.6335e-05,2.7166e-05,2.6505e-05,2.5147e-05,2.4624e-05,2.8251e-05,2.6654e-05,2.6925e-05,2.7861e-05,2.9551e-05,2.9819e-05,3.0506e-05,3.4368e-05,3.4826e-05,3.1569e-05,3.2723e-05,2.8848e-05,2.8718e-05,2.7819e-05,2.4868e-05,2.7344e-05,2.7198e-05,2.9027e-05,2.8680e-05,2.7286e-05,2.7988e-05,2.6089e-05,2.5984e-05,2.7632e-05,2.6731e-05,2.6982e-05
19.0598,2.4605e-05,2.3502e-05,2.6871e-05,2.6463e-05,2.6308e-05,2.8241e-05,2.6454e-05,2.7251e-05,2.6605e-05,2.5309e-05,2.4658e-05,2.8329e-05,2.6700e-05,2.6971e-05,2.7972e-05,2.9667e-05,2.9984e-05,3.0668e-05,3.4496e-05,3.4859e-05,3.1575e-05,3.2697e-05,2.8917e-05,2.8834e-05,2.7940e-05,2.5006e-05,2.7493e-05,2.7298e-05,2.9199e-05,2.8824e-05,2.7449e-05,2.8145e-05,2.6116e-05,2.6084e-05,2.7796e-05,2.6860e-05,2.7124e-05
19.3256,2.4650e-05,2.3578e-05,2.6953e-05,2.6569e-05,2.6368e-05,2.8324e-05,2.6571e-05,2.7336e-05,2.6705e-05,2.5470e-05,2.4691e-05,2.8408e-05,2.6746e-05,2.7018e-05,2.8082e-05,2.9785e-05,3.0149e-05,3.0830e-05,3.4624e-05,3.4893e-05,3.1581e-05,3.2671e-05,2.8987e-05,2.8950e-05,2.8062e-05,2.5144e-05,2.7643e-05,2.7397e-05,2.9372e-05,2.8968e-05,2.7612e-05,2.8304e-05,2.6144e-05,2.6186e-05,2.7959e-05,2.6990e-05,2.7265e-05
19.5952,2.4696e-05,2.3653e-05,2.7034e-05,2.6675e-05,2.6428e-05,2.8407e-05,2.6690e-05,2.7421e-05,2.6804e-05,2.5632e-05,2.4724e-05,2.8487e-05,2.6790e-05,2.7064e-05,2.8193e-05,2.9902e-05,3.0314e-05,3.0991e-05,3.4753e-05,3.4927e-05,3.1587e-05,3.2645e-05,2.9056e-05,2.9067e-05,2.8184e-05,2.5281e-05,2.7792e-05,2.7496e-05,2.9544e-05,2.9112e-05,2.7775e-05,2.8462e-05,2.6171e-05,2.6287e-05,2.8122e-05,2.7120e-05,2.7407e-05
19.8685,2.4743e-05,2.3729e-05,2.7116e-05,2.6780e-05,2.6487e-05,2.8490e-05,2.6808e-05,2.7506e-05,2.6903e-05,2.5793e-05,2.4757e-05,2.8565e-05,2.6836e-05,2.7110e-05,2.8303e-05,3.0020e-05,3.0479e-05,3.1153e-05,3.4881e-05,3.4961e-05,3.1594e-05,3.2620e-05,2.9126e-05,2.9183e-05,2.8306e-05,2.5419e-05,2.7942e-05,2.7596e-05,2.9716e-05,2.9257e-05,2.7938e-05,2.8621e-05,2.6198e-05,2.6388e-05,2.8285e-05,2.7249e-05,2.7548e-05
20.1457,2.4788e-05,2.3804e-05,2.7198e-05,2.6886e-05,2.6546e-05,2.8573e-05,2.6927e-05,2.7590e-05,2.7003e-05,2.5955e-05,2.4791e-05,2.8644e-05,2.6881e-05,2.7157e-05,2.8413e-05,3.0136e-05,3.0645e-05,3.1315e-05,3.5009e-05,3.4995e-05,3.1600e-05,3.2594e-05,2.9196e-05,2.9299e-05,2.8428e-05,2.5556e-05,2.8091e-05,2.7696e-05,2.9888e-05,2.9401e-05,2.8101e-05,2.8778e-05,2.6225e-05,2.6488e-05,2.8448e-05,2.7379e-05,2.7689e-05
20.4267,2.4835e-05,2.3880e-05,2.7279e-05,2.6992e-05,2.6606e-05,2.8656e-05,2.7044e-05,2.7675e-05,2.7103e-05,2.6116e-05,2.4825e-05,2.8723e-05,2.6927e-05,2.7203e-05,2.8524e-05,3.0254e-05,3.0810e-05,3.1476e-05,3.5138e-05,3.5028e-05,3.1606e-05,3.2567e-05,2.9266e-05,2.9415e-05,2.8549e-05,2.5694e-05,2.8240e-05,2.7796e-05,3.0060e-05,2.9546e-05,2.8265e-05,2.8937e-05,2.6253e-05,2.6589e-05,2.8612e-05,2.7508e-05,2.7830e-05
20.7116,2.4881e-05,2.3955e-05,2.7361e-05,2.7098e-05,2.6665e-05,2.8739e-05,2.7162e-05,2.7760e-05,2.7202e-05,2.6278e-05,2.4858e-05,2.8801e-05,2.6971e-05,2.7249e-05,2.8634e-05,3.0371e-05,3.0975e-05,3.1638e-05,3.5266e-05,3.5062e-05,3.1613e-05,3.2542e-05,2.9335e-05,2.9532e-05,2.8671e-05,2.5831e-05,2.8390e-05,2.7894e-05,3.0232e-05,2.9690e-05,2.8428e-05,2.9096e-05,2.6280e-05,2.6691e-05,2.8775e-05,2.7637e-05,2.7972e-05
21.0006,2.4945e-05,2.4032e-05,2.7406e-05,2.7208e-05,2.6743e-05,2.8820e-05,2.7262e-05,2.7836e-05,2.7284e-05,2.6415e-05,2.4946e-05,2.8838e-05,2.6982e-05,2.7285e-05,2.8696e-05,3.0392e-05,3.1043e-05,3.1747e-05,3.5294e-05,3.5074e-05,3.1625e-05,3.2531e-05,2.9353e-05,2.9577e-05,2.8734e-05,2.5896e-05,2.8477e-05,2.7981e-05,3.0335e-05,2.9776e-05,2.8565e-05,2.9213e-05,2.6344e-05,2.6800e-05,2.8881e-05,2.7769e-05,2.8088e-05
21.2935,2.5017e-05,2.4109e-05,2.7437e-05,2.7319e-05,2.6827e-05,2.8898e-05,2.7355e-05,2.7908e-05,2.7359e-05,2.6542e-05,2.5053e-05,2.8859e-05,2.6980e-05,2.7314e-05,2.8740e-05,3.0378e-05,3.1074e-05,3.1836e-05,3.5283e-05,3.5077e-05,3.1640e-05,3.2525e-05,2.9352e-05,2.9594e-05,2.8775e-05,2.5934e-05,2.8542e-05,2.8063e-05,3.0412e-05,2.9840e-05,2.8692e-05,2.9316e-05,2.6422e-05,2.6912e-05,2.8965e-05,2.7899e-05,2.8197e-05
21.5905,2.5088e-05,2.4187e-05,2.7467e-05,2.7431e-05,2.6912e-05,2.8977e-05,2.7448e-05,2.7979e-05,2.7434e-05,2.6669e-05,2.5160e-05,2.8880e-05,2.6978e-05,2.7345e-05,2.8784e-05,3.0363e-05,3.1105e-05,3.1925e-05,3.5273e-05,3.5081e-05,3.1655e-05,3.2520e-05,2.9351e-05,2.9612e-05,2.8816e-05,2.5973e-05,2.8606e-05,2.8144e-05,3.0490e-05,2.9903e-05,2.8819e-05,2.9418e-05,2.6499e-05,2.7023e-05,2.9050e-05,2.8031e-05,2.8305e-05
21.8917,2.5159e-05,2.4264e-05,2.7499e-05,2.7542e-05,2.6996e-05,2.9055e-05,2.7540e-05,2.8051e-05,2.7509e-05,2.6797e-05,2.5268e-05,2.8901e-05,2.6975e-05,2.7376e-05,2.8829e-05,3.0349e-05,3.1136e-05,3.2014e-05,3.5263e-05,3.5084e-05,3.1670e-05,3.2514e-05,2.9350e-05,2.9630e-05,2.8857e-05,2.6011e-05,2.8670e-05,2.8226e-05,3.0567e-05,2.9967e-05,2.8945e-05,2.9521e-05,2.6577e-05,2.7135e-05,2.9135e-05,2.8162e-05,2.8413e-05
22.1971,2.5230e-05,2.4342e-05,2.7530e-05,2.7654e-05,2.7079e-05,2.9135e-05,2.7633e-05,2.8122e-05,2.7584e-05,2.6925e-05,2.5375e-05,2.8921e-05,2.6973e-05,2.7406e-05,2.8873e-05,3.0335e-05,3.1168e-05,3.2103e-05,3.5253e-05,3.5087e-05,3.1684e-05,3.2509e-05,2.9349e-05,2.9648e-05,2.8898e-05,2.6049e-05,2.8735e-05,2.8308e-05,3.0644e-05,3.0031e-05,2.9072e-05,2.9622e-05,2.6654e-05,2.7247e-05,2.9219e-05,2.8294e-05,2.8520e-05
22.5067,2.5302e-05,2.4419e-05,2.7561e-05,2.7765e-05,2.7163e-05,2.9213e-05,2.7726e-05,2.8194e-05,2.7659e-05,2.7051e-05,2.5482e-05,2.8943e-05,2.6970e-05,2.7437e-05,2.8916e-05,3.0320e-05,3.1199e-05,3.2193e-05,3.5243e-05,3.5091e-05,3.1699e-05,3.2503e-05,2.9348e-05,2.9665e-05,2.8939e-05,2.6087e-05,2.8799e-05,2.8390e-05,3.0722e-05,3.0095e-05,2.9200e-05,2.9725e-05,2.6733e-05,2.7359e-05,2.9303e-05,2.8424e-05,2.8628e-05
22.8206,2.5373e-05,2.4496e-05,2.7591e-05,2.7877e-05,2.7248e-05,2.9292e-05,2.7818e-05,2.8266e-05,2.7734e-05,2.7179e-05,2.5589e-05,2.8963e-05,2.6968e-05,2.7467e-05,2.8960e-05,3.0306e-05,3.1230e-05,3.2282e-05,3.5233e-05,3.5095e-05,3.1713e-05,3.2497e-05,2.9346e-05,2.9683e-05,2.8980e-05,2.6125e-05,2.8864e-05,2.8472e-05,3.0799e-05,3.0159e-05,2.9327e-05,2.9828e-05,2.6810e-05,2.7471e-05,2.9387e-05,2.8556e-05,2.8737e-05
23.139,2.5445e-05,2.4574e-05,2.7623e-05,2.7988e-05,2.7332e-05,2.9372e-05,2.7911e-05,2.8337e-05,2.7810e-05,2.7306e-05,2.5697e-05,2.8985e-05,2.6966e-05,2.7497e-05,2.9004e-05,3.0291e-05,3.1261e-05,3.2370e-05,3.5223e-05,3.5097e-05,3.1728e-05,3.2492e-05,2.9345e-05,2.9701e-05,2.9021e-05,2.6164e-05,2.8929e-05,2.8553e-05,3.0876e-05,3.0222e-05,2.9454e-05,2.9930e-05,2.6887e-05,2.7584e-05,2.9472e-05,2.8687e-05,2.8845e-05
23.4617,2.5516e-05,2.4651e-05,2.7654e-05,2.8099e-05,2.7416e-05,2.9450e-05,2.8004e-05,2.8409e-05,2.7884e-05,2.7434e-05,2.5804e-05,2.9005e-05,2.6964e-05,2.7528e-05,2.9048e-05,3.0277e-05,3.1292e-05,3.2460e-05,3.5212e-05,3.5101e-05,3.1743e-05,3.2486e-05,2.9344e-05,2.9718e-05,2.9062e-05,2.6202e-05,2.8993e-05,2.8635e-05,3.0953e-05,3.0286e-05,2.9580e-05,3.0033e-05,2.6965e-05,2.7696e-05,2.9557e-05,2.8818e-05,2.8953e-05
23.789,2.5587e-05,2.4729e-05,2.7685e-05,2.8211e-05,2.7501e-05,2.9529e-05,2.8096e-05,2.8481e-05,2.7960e-05,2.7561e-05,2.5911e-05,2.9026e-05,2.6961e-05,2.7559e-05,2.9093e-05,3.0263e-05,3.1324e-05,3.2549e-05,3.5202e-05,3.5105e-05,3.1757e-05,3.2481e-05,2.9343e-05,2.9736e-05,2.9102e-05,2.6240e-05,2.9057e-05,2.8717e-05,3.1031e-05,3.0350e-05,2.9707e-05,3.0135e-05,2.7043e-05,2.7808e-05,2.9641e-05,2.8949e-05,2.9060e-05
24.1208,2.5658e-05,2.4806e-05,2.7715e-05,2.8322e-05,2.7585e-05,2.9607e-05,2.8189e-05,2.8553e-05,2.8035e-05,2.7688e-05,2.6018e-05,2.9047e-05,2.6959e-05,2.7589e-05,2.9137e-05,3.0249e-05,3.1355e-05,3.2637e-05,3.5193e-05,3.5108e-05,3.1772e-05,3.2475e-05,2.9342e-05,2.9754e-05,2.9143e-05,2.6278e-05,2.9122e-05,2.8798e-05,3.1108e-05,3.0414e-05,2.9835e-05,3.0238e-05,2.7120e-05,2.7920e-05,2.9726e-05,2.9081e-05,2.9168e-05
24.4573,2.5730e-05,2.4883e-05,2.7747e-05,2.8433e-05,2.7669e-05,2.9687e-05,2.8281e-05,2.8625e-05,2.8110e-05,2.7816e-05,2.6125e-05,2.9068e-05,2.6956e-05,2.7619e-05,2.9180e-05,3.0235e-05,3.1386e-05,3.2727e-05,3.5182e-05,3.5111e-05,3.1787e-05,3.2470e-05,2.9340e-05,2.9772e-05,2.9184e-05,2.6317e-05,2.9186e-05,2.8880e-05,3.1185e-05,3.0478e-05,2.9962e-05,3.0340e-05,2.7198e-05,2.8032e-05,2.9810e-05,2.9211e-05,2.9276e-05
24.7984,2.5801e-05,2.4961e-05,2.7778e-05,2.8544e-05,2.7754e-05,2.9765e-05,2.8375e-05,2.8695e-05,2.8185e-05,2.7943e-05,2.6232e-05,2.9088e-05,2.6954e-05,2.7650e-05,2.9224e-05,3.0220e-05,3.1417e-05,3.2816e-05,3.5172e-05,3.5115e-05,3.1802e-05,3.2465e-05,2.9339e-05,2.9789e-05,2.9225e-05,2.6355e-05,2.9250e-05,2.8961e-05,3.1263e-05,3.0541e-05,3.0089e-05,3.0442e-05,2.7275e-05,2.8143e-05,2.9895e-05,2.9343e-05,2.9385e-05
25.1444,2.5873e-05,2.5037e-05,2.7809e-05,2.8656e-05,2.7838e-05,2.9844e-05,2.8467e-05,2.8767e-05,2.8260e-05,2.8071e-05,2.6339e-05,2.9110e-05,2.6952e-05,2.7681e-05,2.9268e-05,3.0206e-05,3.1448e-05,3.2906e-05,3.5162e-05,3.5118e-05,3.1817e-05,3.2459e-05,2.9339e-05,2.9807e-05,2.9266e-05,2.6393e-05,2.9315e-05,2.9043e-05,3.1340e-05,3.0605e-05,3.0215e-05,3.0545e-05,2.7354e-05,2.8255e-05,2.9980e-05,2.9474e-05,2.9492e-05
25.4951,2.5944e-05,2.5115e-05,2.7839e-05,2.8767e-05,2.7921e-05,2.9923e-05,2.8559e-05,2.8839e-05,2.8336e-05,2.8198e-05,2.6446e-05,2.9130e-05,2.6950e-05,2.7711e-05,2.9313e-05,3.0191e-05,3.1480e-05,3.2994e-05,3.5152e-05,3.5122e-05,3.1831e-05,3.2453e-05,2.9338e-05,2.9825e-05,2.9307e-05,2.6431e-05,2.9379e-05,2.9124e-05,3.1418e-05,3.0669e-05,3.0342e-05,3.0647e-05,2.7431e-05,2.8368e-05,3.0063e-05,2.9606e-05,2.9600e-05
25.8507,2.6015e-05,2.5192e-05,2.7871e-05,2.8879e-05,2.8006e-05,3.0002e-05,2.8653e-05,2.8911e-05,2.8410e-05,2.8325e-05,2.6553e-05,2.9151e-05,2.6947e-05,2.7742e-05,2.9357e-05,3.0177e-05,3.1511e-05,3.3083e-05,3.5142e-05,3.5126e-05,3.1846e-05,3.2448e-05,2.9337e-05,2.9842e-05,2.9348e-05,2.6470e-05,2.9443e-05,2.9207e-05,3.1495e-05,3.0733e-05,3.0470e-05,3.0750e-05,2.7508e-05,2.8480e-05,3.0148e-05,2.9736e-05,2.9708e-05
26.2113,2.6086e-05,2.5269e-05,2.7902e-05,2.8990e-05,2.8090e-05,3.0080e-05,2.8745e-05,2.8983e-05,2.8486e-05,2.8452e-05,2.6661e-05,2.9172e-05,2.6945e-05,2.7772e-05,2.9400e-05,3.0163e-05,3.1543e-05,3.3173e-05,3.5132e-05,3.5128e-05,3.1861e-05,3.2442e-05,2.9335e-05,2.9860e-05,2.9389e-05,2.6508e-05,2.9509e-05,2.9289e-05,3.1571e-05,3.0796e-05,3.0597e-05,3.0852e-05,2.7586e-05,2.8592e-05,3.0232e-05,2.9868e-05,2.9816e-05
26.5769,2.6158e-05,2.5347e-05,2.7933e-05,2.9102e-05,2.8174e-05,3.0160e-05,2.8837e-05,2.9055e-05,2.8560e-05,2.8580e-05,2.6768e-05,2.9193e-05,2.6942e-05,2.7802e-05,2.9444e-05,3.0148e-05,3.1573e-05,3.3262e-05,3.5122e-05,3.5132e-05,3.1876e-05,3.2437e-05,2.9334e-05,2.9879e-05,2.9430e-05,2.6546e-05,2.9573e-05,2.9370e-05,3.1649e-05,3.0860e-05,3.0724e-05,3.0954e-05,2.7664e-05,2.8704e-05,3.0317e-05,2.9999e-05,2.9924e-05
26.9477,2.6229e-05,2.5424e-05,2.7963e-05,2.9213e-05,2.8258e-05,3.0238e-05,2.8930e-05,2.9126e-05,2.8636e-05,2.8707e-05,2.6875e-05,2.9214e-05,2.6940e-05,2.7833e-05,2.9488e-05,3.0134e-05,3.1604e-05,3.3351e-05,3.5111e-05,3.5135e-05,3.1890e-05,3.2431e-05,2.9333e-05,2.9897e-05,2.9471e-05,2.6584e-05,2.9637e-05,2.9452e-05,3.1726e-05,3.0924e-05,3.0851e-05,3.1057e-05,2.7742e-05,2.8816e-05,3.0402e-05,3.0130e-05,3.0032e-05
27.3236,2.6301e-05,2.5502e-05,2.7995e-05,2.9325e-05,2.8343e-05,3.0317e-05,2.9023e-05,2.9198e-05,2.8711e-05,2.8834e-05,2.6982e-05,2.9234e-05,2.6938e-05,2.7864e-05,2.9533e-05,3.0119e-05,3.1636e-05,3.3440e-05,3.5101e-05,3.5139e-05,3.1905e-05,3.2425e-05,2.9332e-05,2.9914e-05,2.9511e-05,2.6622e-05,2.9702e-05,2.9533e-05,3.1804e-05,3.0988e-05,3.0977e-05,3.1159e-05,2.7819e-05,2.8928e-05,3.0486e-05,3.0261e-05,3.0140e-05
27.7047,2.6372e-05,2.5579e-05,2.8026e-05,2.9436e-05,2.8427e-05,3.0396e-05,2.9116e-05,2.9269e-05,2.8786e-05,2.8962e-05,2.7090e-05,2.9256e-05,2.6936e-05,2.7894e-05,2.9577e-05,3.0105e-05,3.1667e-05,3.3529e-05,3.5092e-05,3.5142e-05,3.1920e-05,3.2420e-05,2.9331e-05,2.9932e-05,2.9552e-05,2.6661e-05,2.9766e-05,2.9615e-05,3.1881e-05,3.1052e-05,3.1105e-05,3.1262e-05,2.7896e-05,2.9040e-05,3.0571e-05,3.0393e-05,3.0248e-05
28.0912,2.6443e-05,2.5656e-05,2.8057e-05,2.9548e-05,2.8511e-05,3.0475e-05,2.9208e-05,2.9341e-05,2.8861e-05,2.9089e-05,2.7197e-05,2.9276e-05,2.6933e-05,2.7924e-05,2.9621e-05,3.0091e-05,3.1698e-05,3.3618e-05,3.5082e-05,3.5145e-05,3.1935e-05,3.2414e-05,2.9330e-05,2.9950e-05,2.9594e-05,2.6699e-05,2.9830e-05,2.9697e-05,3.1958e-05,3.1115e-05,3.1232e-05,3.1364e-05,2.7975e-05,2.9152e-05,3.0655e-05,3.0523e-05,3.0356e-05
28.483,2.6514e-05,2.5734e-05,2.8087e-05,2.9659e-05,2.8596e-05,3.0554e-05,2.9301e-05,2.9413e-05,2.8936e-05,2.9217e-05,2.7304e-05,2.9297e-05,2.6931e-05,2.7955e-05,2.9664e-05,3.0076e-05,3.1729e-05,3.3707e-05,3.5071e-05,3.5149e-05,3.1950e-05,3.2409e-05,2.9328e-05,2.9967e-05,2.9635e-05,2.6737e-05,2.9895e-05,2.9778e-05,3.2036e-05,3.1179e-05,3.1359e-05,3.1467e-05,2.8052e-05,2.9264e-05,3.0740e-05,3.0655e-05,3.0464e-05
28.8803,2.6586e-05,2.5811e-05,2.8119e-05,2.9771e-05,2.8680e-05,3.0632e-05,2.9394e-05,2.9484e-05,2.9012e-05,2.9344e-05,2.7411e-05,2.9318e-05,2.6928e-05,2.7986e-05,2.9708e-05,3.0062e-05,3.1760e-05,3.3796e-05,3.5061e-05,3.5153e-05,3.1964e-05,3.2403e-05,2.9327e-05,2.9985e-05,2.9676e-05,2.6775e-05,2.9959e-05,2.9860e-05,3.2113e-05,3.1243e-05,3.1486e-05,3.1570e-05,2.8129e-05,2.9376e-05,3.0824e-05,3.0786e-05,3.0572e-05
29.2832,2.6657e-05,2.5889e-05,2.8150e-05,2.9882e-05,2.8764e-05,3.0712e-05,2.9486e-05,2.9556e-05,2.9086e-05,2.9471e-05,2.7519e-05,2.9339e-05,2.6927e-05,2.8016e-05,2.9753e-05,3.0047e-05,3.1792e-05,3.3886e-05,3.5051e-05,3.5155e-05,3.1979e-05,3.2398e-05,2.9326e-05,3.0003e-05,2.9717e-05,2.6814e-05,3.0023e-05,2.9941e-05,3.2191e-05,3.1307e-05,3.1612e-05,3.1671e-05,2.8207e-05,2.9488e-05,3.0908e-05,3.0917e-05,3.0680e-05
29.6916,2.6729e-05,2.5966e-05,2.8181e-05,2.9994e-05,2.8848e-05,3.0790e-05,2.9579e-05,2.9628e-05,2.9162e-05,2.9598e-05,2.7626e-05,2.9360e-05,2.6924e-05,2.8046e-05,2.9797e-05,3.0033e-05,3.1823e-05,3.3974e-05,3.5041e-05,3.5159e-05,3.1994e-05,3.2393e-05,2.9325e-05,3.0021e-05,2.9758e-05,2.6852e-05,3.0088e-05,3.0023e-05,3.2267e-05,3.1371e-05,3.1739e-05,3.1774e-05,2.8285e-05,2.9600e-05,3.0993e-05,3.1048e-05,3.0788e-05
30.1058,2.6800e-05,2.6043e-05,2.8212e-05,3.0105e-05,2.8932e-05,3.0869e-05,2.9672e-05,2.9700e-05,2.9236e-05,2.9726e-05,2.7733e-05,2.9381e-05,2.6922e-05,2.8077e-05,2.9841e-05,3.0018e-05,3.1854e-05,3.4064e-05,3.5031e-05,3.5163e-05,3.2009e-05,3.2387e-05,2.9325e-05,3.0038e-05,2.9799e-05,2.6890e-05,3.0152e-05,3.0105e-05,3.2344e-05,3.1434e-05,3.1867e-05,3.1876e-05,2.8363e-05,2.9712e-05,3.1077e-05,3.1180e-05,3.0895e-05
30.5258,2.6871e-05,2.6121e-05,2.8243e-05,3.0215e-05,2.9016e-05,3.0948e-05,2.9764e-05,2.9771e-05,2.9312e-05,2.9853e-05,2.7840e-05,2.9401e-05,2.6919e-05,2.8107e-05,2.9884e-05,3.0004e-05,3.1885e-05,3.4153e-05,3.5021e-05,3.5166e-05,3.2024e-05,3.2382e-05,2.9323e-05,3.0056e-05,2.9840e-05,2.6928e-05,3.0217e-05,3.0187e-05,3.2422e-05,3.1498e-05,3.1994e-05,3.1979e-05,2.8440e-05,2.9824e-05,3.1162e-05,3.1311e-05,3.1003e-05
30.9516,2.6942e-05,2.6198e-05,2.8274e-05,3.0327e-05,2.9101e-05,3.1027e-05,2.9857e-05,2.9842e-05,2.9387e-05,2.9981e-05,2.7948e-05,2.9423e-05,2.6917e-05,2.8138e-05,2.9928e-05,2.9990e-05,3.1916e-05,3.4242e-05,3.5011e-05,3.5169e-05,3.2038e-05,3.2376e-05,2.9322e-05,3.0074e-05,2.9880e-05,2.6967e-05,3.0282e-05,3.0269e-05,3.2499e-05,3.1562e-05,3.2121e-05,3.2081e-05,2.8517e-05,2.9937e-05,3.1247e-05,3.1442e-05,3.1112e-05
31.3833,2.7014e-05,2.6276e-05,2.8305e-05,3.0438e-05,2.9185e-05,3.1105e-05,2.9950e-05,2.9914e-05,2.9462e-05,3.0108e-05,2.8055e-05,2.9443e-05,2.6914e-05,2.8169e-05,2.9972e-05,2.9975e-05,3.1948e-05,3.4331e-05,3.5000e-05,3.5173e-05,3.2053e-05,3.2370e-05,2.9321e-05,3.0091e-05,2.9921e-05,2.7005e-05,3.0346e-05,3.0350e-05,3.2577e-05,3.1625e-05,3.2247e-05,3.2184e-05,2.8596e-05,3.0049e-05,3.1331e-05,3.1573e-05,3.1220e-05
31.8211,2.7085e-05,2.6353e-05,2.8336e-05,3.0550e-05,2.9269e-05,3.1184e-05,3.0042e-05,2.9986e-05,2.9538e-05,3.0235e-05,2.8162e-05,2.9465e-05,2.6913e-05,2.8198e-05,3.0017e-05,2.9961e-05,3.1979e-05,3.4420e-05,3.4991e-05,3.5176e-05,3.2068e-05,3.2365e-05,2.9320e-05,3.0109e-05,2.9962e-05,2.7043e-05,3.0410e-05,3.0432e-05,3.2654e-05,3.1690e-05,3.2374e-05,3.2286e-05,2.8673e-05,3.0160e-05,3.1416e-05,3.1705e-05,3.1327e-05
32.265,2.7157e-05,2.6430e-05,2.8367e-05,3.0661e-05,2.9353e-05,3.1264e-05,3.0135e-05,3.0058e-05,2.9612e-05,3.0363e-05,2.8269e-05,2.9485e-05,2.6910e-05,2.8229e-05,3.0061e-05,2.9946e-05,3.2010e-05,3.4510e-05,3.4981e-05,3.5180e-05,3.2083e-05,3.2359e-05,2.9319e-05,3.0127e-05,3.0003e-05,2.7081e-05,3.0475e-05,3.0513e-05,3.2731e-05,3.1753e-05,3.2502e-05,3.2388e-05,2.8751e-05,3.0272e-05,3.1500e-05,3.1835e-05,3.1435e-05
32.715,2.7228e-05,2.6508e-05,2.8398e-05,3.0773e-05,2.9438e-05,3.1342e-05,3.0228e-05,3.0130e-05,2.9688e-05,3.0490e-05,2.8377e-05,2.9506e-05,2.6908e-05,2.8260e-05,3.0105e-05,2.9932e-05,3.2041e-05,3.4599e-05,3.4970e-05,3.5183e-05,3.2097e-05,3.2353e-05,2.9317e-05,3.0145e-05,3.0044e-05,2.7120e-05,3.0539e-05,3.0595e-05,3.2809e-05,3.1817e-05,3.2629e-05,3.2491e-05,2.8828e-05,3.0384e-05,3.1584e-05,3.1967e-05,3.1543e-05
33.1714,2.7300e-05,2.6585e-05,2.8429e-05,3.0884e-05,2.9522e-05,3.1421e-05,3.0320e-05,3.0202e-05,2.9762e-05,3.0617e-05,2.8484e-05,2.9527e-05,2.6905e-05,2.8290e-05,3.0148e-05,2.9918e-05,3.2072e-05,3.4687e-05,3.4960e-05,3.5186e-05,3.2111e-05,3.2348e-05,2.9316e-05,3.0162e-05,3.0085e-05,2.7158e-05,3.0603e-05,3.0677e-05,3.2885e-05,3.1881e-05,3.2756e-05,3.2593e-05,2.8906e-05,3.0496e-05,3.1669e-05,3.2098e-05,3.1652e-05
33.6341,2.7370e-05,2.6663e-05,2.8460e-05,3.0996e-05,2.9606e-05,3.1500e-05,3.0413e-05,3.0273e-05,2.9838e-05,3.0744e-05,2.8591e-05,2.9548e-05,2.6903e-05,2.8321e-05,3.0192e-05,2.9903e-05,3.2104e-05,3.4777e-05,3.4950e-05,3.5190e-05,3.2126e-05,3.2342e-05,2.9315e-05,3.0180e-05,3.0126e-05,2.7196e-05,3.0668e-05,3.0758e-05,3.2963e-05,3.1944e-05,3.2883e-05,3.2696e-05,2.8984e-05,3.0608e-05,3.1753e-05,3.2229e-05,3.1759e-05
34.1032,2.7442e-05,2.6740e-05,2.8491e-05,3.1107e-05,2.9690e-05,3.1579e-05,3.0506e-05,3.0344e-05,2.9912e-05,3.0872e-05,2.8698e-05,2.9568e-05,2.6900e-05,2.8351e-05,3.0237e-05,2.9889e-05,3.2135e-05,3.4866e-05,3.4941e-05,3.5194e-05,3.2141e-05,3.2337e-05,2.9314e-05,3.0198e-05,3.0167e-05,2.7234e-05,3.0732e-05,3.0840e-05,3.3040e-05,3.2009e-05,3.3009e-05,3.2799e-05,2.9061e-05,3.0721e-05,3.1838e-05,3.2360e-05,3.1867e-05
34.5789,2.7513e-05,2.6817e-05,2.8522e-05,3.1219e-05,2.9774e-05,3.1657e-05,3.0599e-05,3.0416e-05,2.9988e-05,3.0999e-05,2.8806e-05,2.9590e-05,2.6899e-05,2.8382e-05,3.0281e-05,2.9874e-05,3.2166e-05,3.4955e-05,3.4930e-05,3.5197e-05,3.2156e-05,3.2331e-05,2.9313e-05,3.0216e-05,3.0208e-05,2.7272e-05,3.0796e-05,3.0921e-05,3.3117e-05,3.2072e-05,3.3136e-05,3.2901e-05,2.9139e-05,3.0833e-05,3.1922e-05,3.2492e-05,3.1975e-05
35.0613,2.7585e-05,2.6895e-05,2.8553e-05,3.1330e-05,2.9858e-05,3.1736e-05,3.0691e-05,3.0488e-05,3.0063e-05,3.1127e-05,2.8913e-05,2.9610e-05,2.6896e-05,2.8412e-05,3.0325e-05,2.9860e-05,3.2197e-05,3.5044e-05,3.4920e-05,3.5200e-05,3.2170e-05,3.2326e-05,2.9312e-05,3.0234e-05,3.0248e-05,2.7311e-05,3.0862e-05,3.1003e-05,3.3195e-05,3.2136e-05,3.3264e-05,3.3003e-05,2.9217e-05,3.0945e-05,3.2007e-05,3.2622e-05,3.2083e-05
35.5504,2.7688e-05,2.7009e-05,2.8624e-05,3.1409e-05,2.9941e-05,3.1793e-05,3.0768e-05,3.0556e-05,3.0138e-05,3.1216e-05,2.9019e-05,2.9663e-05,2.6969e-05,2.8485e-05,3.0381e-05,2.9891e-05,3.2224e-05,3.5066e-05,3.4891e-05,3.5175e-05,3.2189e-05,3.2331e-05,2.9356e-05,3.0277e-05,3.0304e-05,2.7401e-05,3.0921e-05,3.1071e-05,3.3233e-05,3.2180e-05,3.3327e-05,3.3057e-05,2.9303e-05,3.1029e-05,3.2064e-05,3.2696e-05,3.2151e-05
36.0463,2.7829e-05,2.7168e-05,2.8739e-05,3.1451e-05,3.0022e-05,3.1825e-05,3.0827e-05,3.0621e-05,3.0215e-05,3.1264e-05,2.9124e-05,2.9751e-05,2.7129e-05,2.8604e-05,3.0450e-05,2.9973e-05,3.2244e-05,3.5012e-05,3.4841e-05,3.5117e-05,3.2211e-05,3.2349e-05,2.9453e-05,3.0349e-05,3.0375e-05,2.7549e-05,3.0976e-05,3.1122e-05,3.3227e-05,3.2202e-05,3.3318e-05,3.3055e-05,2.9401e-05,3.1081e-05,3.2088e-05,3.2704e-05,3.2174e-05
36.5491,2.7970e-05,2.7327e-05,2.8855e-05,3.1493e-05,3.0104e-05,3.1857e-05,3.0886e-05,3.0685e-05,3.0290e-05,3.1310e-05,2.9230e-05,2.9840e-05,2.7289e-05,2.8723e-05,3.0519e-05,3.0055e-05,3.2265e-05,3.4956e-05,3.4791e-05,3.5060e-05,3.2232e-05,3.2367e-05,2.9550e-05,3.0422e-05,3.0447e-05,2.7697e-05,3.1031e-05,3.1173e-05,3.3221e-05,3.2223e-05,3.3310e-05,3.3054e-05,2.9499e-05,3.1133e-05,3.2113e-05,3.2712e-05,3.2196e-05
37.0589,2.8111e-05,2.7485e-05,2.8972e-05,3.1535e-05,3.0184e-05,3.1889e-05,3.0945e-05,3.0751e-05,3.0366e-05,3.1358e-05,2.9335e-05,2.9928e-05,2.7449e-05,2.8843e-05,3.0589e-05,3.0137e-05,3.2285e-05,3.4902e-05,3.4741e-05,3.5002e-05,3.2254e-05,3.2384e-05,2.9646e-05,3.0493e-05,3.0518e-05,2.7845e-05,3.1086e-05,3.1224e-05,3.3214e-05,3.2245e-05,3.3301e-05,3.3052e-05,2.9597e-05,3.1185e-05,3.2137e-05,3.2720e-05,3.2219e-05
37.5758,2.8251e-05,2.7644e-05,2.9087e-05,3.1577e-05,3.0265e-05,3.1921e-05,3.1004e-05,3.0815e-05,3.0441e-05,3.1405e-05,2.9441e-05,3.0016e-05,2.7608e-05,2.8962e-05,3.0658e-05,3.0220e-05,3.2306e-05,3.4847e-05,3.4691e-05,3.4945e-05,3.2275e-05,3.2402e-05,2.9742e-05,3.0565e-05,3.0589e-05,2.7993e-05,3.1141e-05,3.1275e-05,3.3208e-05,3.2267e-05,3.3292e-05,3.3050e-05,2.9695e-05,3.1238e-05,3.2163e-05,3.2729e-05,3.2241e-05
38.1,2.8391e-05,2.7803e-05,2.9203e-05,3.1620e-05,3.0346e-05,3.1953e-05,3.1063e-05,3.0879e-05,3.0518e-05,3.1452e-05,2.9546e-05,3.0105e-05,2.7768e-05,2.9082e-05,3.0727e-05,3.0303e-05,3.2326e-05,3.4793e-05,3.4641e-05,3.4887e-05,3.2296e-05,3.2420e-05,2.9838e-05,3.0637e-05,3.0660e-05,2.8142e-05,3.1197e-05,3.1326e-05,3.3202e-05,3.2288e-05,3.3283e-05,3.3049e-05,2.9793e-05,3.1290e-05,3.2188e-05,3.2736e-05,3.2263e-05
38.6314,2.8532e-05,2.7962e-05,2.9318e-05,3.1662e-05,3.0427e-05,3.1984e-05,3.1123e-05,3.0945e-05,3.0593e-05,3.1500e-05,2.9651e-05,3.0193e-05,2.7927e-05,2.9202e-05,3.0796e-05,3.0385e-05,3.2347e-05,3.4738e-05,3.4591e-05,3.4829e-05,3.2318e-05,3.2438e-05,2.9936e-05,3.0710e-05,3.0732e-05,2.8290e-05,3.1252e-05,3.1377e-05,3.3196e-05,3.2310e-05,3.3275e-05,3.3048e-05,2.9891e-05,3.1342e-05,3.2212e-05,3.2744e-05,3.2286e-05
39.1703,2.8673e-05,2.8120e-05,2.9434e-05,3.1704e-05,3.0508e-05,3.2017e-05,3.1182e-05,3.1009e-05,3.0669e-05,3.1547e-05,2.9757e-05,3.0282e-05,2.8087e-05,2.9321e-05,3.0865e-05,3.0467e-05,3.2367e-05,3.4683e-05,3.4541e-05,3.4772e-05,3.2339e-05,3.2455e-05,3.0032e-05,3.0782e-05,3.0803e-05,2.8438e-05,3.1307e-05,3.1428e-05,3.3190e-05,3.2332e-05,3.3267e-05,3.3047e-05,2.9989e-05,3.1394e-05,3.2237e-05,3.2753e-05,3.2308e-05
39.7167,2.8813e-05,2.8279e-05,2.9551e-05,3.1746e-05,3.0589e-05,3.2049e-05,3.1240e-05,3.1073e-05,3.0744e-05,3.1594e-05,2.9862e-05,3.0369e-05,2.8247e-05,2.9441e-05,3.0935e-05,3.0549e-05,3.2388e-05,3.4628e-05,3.4491e-05,3.4714e-05,3.2361e-05,3.2473e-05,3.0128e-05,3.0853e-05,3.0875e-05,2.8586e-05,3.1362e-05,3.1479e-05,3.3184e-05,3.2354e-05,3.3257e-05,3.3045e-05,3.0086e-05,3.1445e-05,3.2261e-05,3.2760e-05,3.2330e-05
40.2707,2.8954e-05,2.8437e-05,2.9666e-05,3.1788e-05,3.0670e-05,3.2081e-05,3.1300e-05,3.1139e-05,3.0820e-05,3.1641e-05,2.9967e-05,3.0458e-05,2.8406e-05,2.9560e-05,3.1004e-05,3.0632e-05,3.2409e-05,3.4573e-05,3.4441e-05,3.4656e-05,3.2382e-05,3.2491e-05,3.0224e-05,3.0926e-05,3.0946e-05,2.8735e-05,3.1417e-05,3.1530e-05,3.3177e-05,3.2375e-05,3.3249e-05,3.3043e-05,3.0184e-05,3.1498e-05,3.2287e-05,3.2769e-05,3.2353e-05
40.8325,2.9095e-05,2.8596e-05,2.9782e-05,3.1830e-05,3.0751e-05,3.2112e-05,3.1359e-05,3.1203e-05,3.0896e-05,3.1688e-05,3.0073e-05,3.0547e-05,2.8566e-05,2.9679e-05,3.1073e-05,3.0714e-05,3.2429e-05,3.4519e-05,3.4391e-05,3.4600e-05,3.2404e-05,3.2509e-05,3.0321e-05,3.0998e-05,3.1017e-05,2.8883e-05,3.1472e-05,3.1582e-05,3.3172e-05,3.2397e-05,3.3241e-05,3.3042e-05,3.0282e-05,3.1550e-05,3.2311e-05,3.2776e-05,3.2376e-05
41.402,2.9235e-05,2.8754e-05,2.9898e-05,3.1873e-05,3.0832e-05,3.2145e-05,3.1418e-05,3.1267e-05,3.0972e-05,3.1736e-05,3.0178e-05,3.0634e-05,2.8725e-05,2.9800e-05,3.1143e-05,3.0796e-05,3.2450e-05,3.4464e-05,3.4341e-05,3.4542e-05,3.2425e-05,3.2526e-05,3.0418e-05,3.1070e-05,3.1088e-05,2.9031e-05,3.1527e-05,3.1632e-05,3.3165e-05,3.2419e-05,3.3232e-05,3.3040e-05,3.0380e-05,3.1602e-05,3.2336e-05,3.2785e-05,3.2399e-05
41.9796,2.9375e-05,2.8913e-05,3.0014e-05,3.1915e-05,3.0913e-05,3.2177e-05,3.1477e-05,3.1333e-05,3.1047e-05,3.1783e-05,3.0284e-05,3.0723e-05,2.8885e-05,2.9919e-05,3.1212e-05,3.0878e-05,3.2470e-05,3.4410e-05,3.4290e-05,3.4485e-05,3.2447e-05,3.2544e-05,3.0514e-05,3.1141e-05,3.1160e-05,2.9179e-05,3.1582e-05,3.1683e-05,3.3159e-05,3.2440e-05,3.3223e-05,3.3039e-05,3.0478e-05,3.1654e-05,3.2361e-05,3.2793e-05,3.2421e-05
42.5651,2.9516e-05,2.9071e-05,3.0130e-05,3.1957e-05,3.0994e-05,3.2208e-05,3.1536e-05,3.1397e-05,3.1123e-05,3.1830e-05,3.0389e-05,3.0811e-05,2.9044e-05,3.0038e-05,3.1281e-05,3.0960e-05,3.2491e-05,3.4355e-05,3.4241e-05,3.4427e-05,3.2468e-05,3.2562e-05,3.0610e-05,3.1214e-05,3.1232e-05,2.9328e-05,3.1637e-05,3.1735e-05,3.3153e-05,3.2462e-05,3.3214e-05,3.3037e-05,3.0575e-05,3.1707e-05,3.2385e-05,3.2800e-05,3.2443e-05
43.1589,2.9657e-05,2.9230e-05,3.0245e-05,3.1998e-05,3.1074e-05,3.2240e-05,3.1595e-05,3.1462e-05,3.1198e-05,3.1877e-05,3.0494e-05,3.0900e-05,2.9205e-05,3.0158e-05,3.1351e-05,3.1043e-05,3.2511e-05,3.4301e-05,3.4190e-05,3.4369e-05,3.2489e-05,3.2580e-05,3.0707e-05,3.1286e-05,3.1303e-05,2.9476e-05,3.1692e-05,3.1786e-05,3.3146e-05,3.2483e-05,3.3206e-05,3.3035e-05,3.0673e-05,3.1759e-05,3.2411e-05,3.2809e-05,3.2466e-05
43.7609,2.9798e-05,2.9388e-05,3.0361e-05,3.2040e-05,3.1155e-05,3.2273e-05,3.1654e-05,3.1527e-05,3.1275e-05,3.1925e-05,3.0600e-05,3.0988e-05,2.9364e-05,3.0277e-05,3.1420e-05,3.1125e-05,3.2532e-05,3.4245e-05,3.4141e-05,3.4312e-05,3.2510e-05,3.2597e-05,3.0803e-05,3.1358e-05,3.1375e-05,2.9623e-05,3.1747e-05,3.1836e-05,3.3141e-05,3.2506e-05,3.3197e-05,3.3035e-05,3.0771e-05,3.1811e-05,3.2435e-05,3.2817e-05,3.2488e-05
44.3713,2.9938e-05,2.9547e-05,3.0477e-05,3.2082e-05,3.1237e-05,3.2304e-05,3.1713e-05,3.1591e-05,3.1350e-05,3.1971e-05,3.0705e-05,3.1076e-05,2.9524e-05,3.0396e-05,3.1490e-05,3.1208e-05,3.2552e-05,3.4191e-05,3.4090e-05,3.4254e-05,3.2532e-05,3.2615e-05,3.0900e-05,3.1431e-05,3.1445e-05,2.9772e-05,3.1802e-05,3.1888e-05,3.3134e-05,3.2527e-05,3.3188e-05,3.3033e-05,3.0869e-05,3.1863e-05,3.2460e-05,3.2825e-05,3.2510e-05
44.9903,3.0078e-05,2.9705e-05,3.0593e-05,3.2125e-05,3.1318e-05,3.2336e-05,3.1772e-05,3.1656e-05,3.1426e-05,3.2019e-05,3.0810e-05,3.1165e-05,2.9683e-05,3.0517e-05,3.1559e-05,3.1290e-05,3.2573e-05,3.4136e-05,3.4041e-05,3.4197e-05,3.2553e-05,3.2632e-05,3.0996e-05,3.1502e-05,3.1517e-05,2.9920e-05,3.1857e-05,3.1939e-05,3.3128e-05,3.2549e-05,3.3180e-05,3.3032e-05,3.0967e-05,3.1915e-05,3.2485e-05,3.2833e-05,3.2533e-05
45.6178,3.0219e-05,2.9864e-05,3.0709e-05,3.2167e-05,3.1399e-05,3.2368e-05,3.1832e-05,3.1721e-05,3.1501e-05,3.2067e-05,3.0916e-05,3.1252e-05,2.9842e-05,3.0636e-05,3.1628e-05,3.1372e-05,3.2594e-05,3.4082e-05,3.3990e-05,3.4139e-05,3.2575e-05,3.2650e-05,3.1092e-05,3.1574e-05,3.1588e-05,3.0068e-05,3.1912e-05,3.1990e-05,3.3122e-05,3.2571e-05,3.3172e-05,3.3030e-05,3.1065e-05,3.1968e-05,3.2509e-05,3.2841e-05,3.2555e-05
46.2542,3.0360e-05,3.0022e-05,3.0824e-05,3.2209e-05,3.1479e-05,3.2400e-05,3.1890e-05,3.1785e-05,3.1578e-05,3.2113e-05,3.1021e-05,3.1341e-05,3.0002e-05,3.0755e-05,3.1698e-05,3.1455e-05,3.2614e-05,3.4027e-05,3.3940e-05,3.4081e-05,3.2596e-05,3.2667e-05,3.1189e-05,3.1646e-05,3.1660e-05,3.0216e-05,3.1967e-05,3.2041e-05,3.3116e-05,3.2592e-05,3.3162e-05,3.3028e-05,3.1163e-05,3.2020e-05,3.2535e-05,3.2849e-05,3.2578e-05
46.8994,3.0500e-05,3.0181e-05,3.0940e-05,3.2251e-05,3.1560e-05,3.2432e-05,3.1949e-05,3.1850e-05,3.1653e-05,3.2161e-05,3.1127e-05,3.1430e-05,3.0161e-05,3.0875e-05,3.1767e-05,3.1537e-05,3.2635e-05,3.3973e-05,3.3890e-05,3.4024e-05,3.2618e-05,3.2685e-05,3.1286e-05,3.1719e-05,3.1731e-05,3.0365e-05,3.2022e-05,3.2092e-05,3.3110e-05,3.2614e-05,3.3154e-05,3.3027e-05,3.1260e-05,3.2072e-05,3.2559e-05,3.2857e-05,3.2601e-05
47.5536,3.0641e-05,3.0340e-05,3.1056e-05,3.2293e-05,3.1641e-05,3.2464e-05,3.2009e-05,3.1915e-05,3.1729e-05,3.2207e-05,3.1232e-05,3.1518e-05,3.0322e-05,3.0994e-05,3.1836e-05,3.1619e-05,3.2655e-05,3.3917e-05,3.3840e-05,3.3966e-05,3.2639e-05,3.2703e-05,3.1382e-05,3.1791e-05,3.1803e-05,3.0513e-05,3.2077e-05,3.2143e-05,3.3104e-05,3.2635e-05,3.3145e-05,3.3025e-05,3.1358e-05,3.2124e-05,3.2584e-05,3.2865e-05,3.2623e-05
48.2169,3.0782e-05,3.0498e-05,3.1172e-05,3.2335e-05,3.1722e-05,3.2496e-05,3.2067e-05,3.1979e-05,3.1805e-05,3.2255e-05,3.1337e-05,3.1606e-05,3.0481e-05,3.1114e-05,3.1906e-05,3.1701e-05,3.2676e-05,3.3863e-05,3.3790e-05,3.3909e-05,3.2661e-05,3.2721e-05,3.1478e-05,3.1862e-05,3.1874e-05,3.0661e-05,3.2132e-05,3.2194e-05,3.3097e-05,3.2658e-05,3.3136e-05,3.3023e-05,3.1456e-05,3.2177e-05,3.2608e-05,3.2873e-05,3.2646e-05
48.8895,3.0922e-05,3.0657e-05,3.1288e-05,3.2377e-05,3.1804e-05,3.2528e-05,3.2127e-05,3.2044e-05,3.1880e-05,3.2302e-05,3.1443e-05,3.1694e-05,3.0641e-05,3.1234e-05,3.1975e-05,3.1784e-05,3.2696e-05,3.3808e-05,3.3740e-05,3.3851e-05,3.2682e-05,3.2738e-05,3.1575e-05,3.1935e-05,3.1945e-05,3.0810e-05,3.2187e-05,3.2246e-05,3.3091e-05,3.2679e-05,3.3128e-05,3.3022e-05,3.1554e-05,3.2229e-05,3.2634e-05,3.2882e-05,3.2668e-05
49.5714,3.1062e-05,3.0815e-05,3.1404e-05,3.2420e-05,3.1885e-05,3.2560e-05,3.2186e-05,3.2109e-05,3.1957e-05,3.2349e-05,3.1548e-05,3.1783e-05,3.0800e-05,3.1353e-05,3.2044e-05,3.1866e-05,3.2717e-05,3.3754e-05,3.3690e-05,3.3793e-05,3.2704e-05,3.2756e-05,3.1671e-05,3.2007e-05,3.2016e-05,3.0958e-05,3.2242e-05,3.2296e-05,3.3085e-05,3.2701e-05,3.3119e-05,3.3021e-05,3.1652e-05,3.2281e-05,3.2659e-05,3.2889e-05,3.2690e-05
50.2629,3.1203e-05,3.0974e-05,3.1519e-05,3.2462e-05,3.1965e-05,3.2592e-05,3.2245e-05,3.2173e-05,3.2032e-05,3.2397e-05,3.1653e-05,3.1871e-05,3.0960e-05,3.1473e-05,3.2114e-05,3.1948e-05,3.2737e-05,3.3699e-05,3.3640e-05,3.3736e-05,3.2725e-05,3.2774e-05,3.1768e-05,3.2079e-05,3.2088e-05,3.1106e-05,3.2297e-05,3.2347e-05,3.3079e-05,3.2723e-05,3.3111e-05,3.3020e-05,3.1749e-05,3.2333e-05,3.2683e-05,3.2897e-05,3.2713e-05
50.964,3.1344e-05,3.1132e-05,3.1636e-05,3.2504e-05,3.2046e-05,3.2623e-05,3.2304e-05,3.2238e-05,3.2108e-05,3.2444e-05,3.1759e-05,3.1959e-05,3.1119e-05,3.1592e-05,3.2183e-05,3.2030e-05,3.2758e-05,3.3645e-05,3.3590e-05,3.3678e-05,3.2747e-05,3.2792e-05,3.1864e-05,3.2150e-05,3.2159e-05,3.1254e-05,3.2352e-05,3.2399e-05,3.3073e-05,3.2744e-05,3.3102e-05,3.3018e-05,3.1847e-05,3.2385e-05,3.2708e-05,3.2905e-05,3.2735e-05
51.6749,3.1485e-05,3.1291e-05,3.1751e-05,3.2546e-05,3.2127e-05,3.2656e-05,3.2363e-05,3.2302e-05,3.2183e-05,3.2491e-05,3.1864e-05,3.2048e-05,3.1280e-05,3.1711e-05,3.2252e-05,3.2113e-05,3.2779e-05,3.3590e-05,3.3540e-05,3.3621e-05,3.2768e-05,3.2809e-05,3.1960e-05,3.2223e-05,3.2231e-05,3.1403e-05,3.2407e-05,3.2450e-05,3.3066e-05,3.2766e-05,3.3093e-05,3.3016e-05,3.1945e-05,3.2438e-05,3.2732e-05,3.2913e-05,3.2758e-05
52.3957,3.1625e-05,3.1449e-05,3.1867e-05,3.2588e-05,3.2208e-05,3.2688e-05,3.2422e-05,3.2368e-05,3.2260e-05,3.2538e-05,3.1970e-05,3.2136e-05,3.1439e-05,3.1831e-05,3.2322e-05,3.2196e-05,3.2799e-05,3.3535e-05,3.3490e-05,3.3563e-05,3.2790e-05,3.2827e-05,3.2057e-05,3.2295e-05,3.2302e-05,3.1550e-05,3.2462e-05,3.2500e-05,3.3061e-05,3.2787e-05,3.3085e-05,3.3015e-05,3.2043e-05,3.2490e-05,3.2758e-05,3.2922e-05,3.2780e-05
53.1266,3.1765e-05,3.1608e-05,3.1983e-05,3.2630e-05,3.2289e-05,3.2719e-05,3.2482e-05,3.2432e-05,3.2335e-05,3.2585e-05,3.2075e-05,3.2224e-05,3.1598e-05,3.1950e-05,3.2391e-05,3.2278e-05,3.2820e-05,3.3480e-05,3.3440e-05,3.3505e-05,3.2811e-05,3.2845e-05,3.2154e-05,3.2367e-05,3.2373e-05,3.1698e-05,3.2517e-05,3.2551e-05,3.3054e-05,3.2810e-05,3.3076e-05,3.3013e-05,3.2141e-05,3.2542e-05,3.2783e-05,3.2929e-05,3.2802e-05
53.8677,3.1906e-05,3.1766e-05,3.2098e-05,3.2673e-05,3.2370e-05,3.2751e-05,3.2540e-05,3.2496e-05,3.2411e-05,3.2633e-05,3.2180e-05,3.2313e-05,3.1758e-05,3.2070e-05,3.2460e-05,3.2360e-05,3.2840e-05,3.3426e-05,3.3390e-05,3.3448e-05,3.2833e-05,3.2863e-05,3.2250e-05,3.2440e-05,3.2444e-05,3.1846e-05,3.2572e-05,3.2603e-05,3.3048e-05,3.2831e-05,3.3067e-05,3.3012e-05,3.2239e-05,3.2594e-05,3.2807e-05,3.2938e-05,3.2825e-05
54.6191,3.2047e-05,3.1925e-05,3.2215e-05,3.2715e-05,3.2451e-05,3.2784e-05,3.2599e-05,3.2562e-05,3.2486e-05,3.2680e-05,3.2286e-05,3.2401e-05,3.1917e-05,3.2190e-05,3.2530e-05,3.2442e-05,3.2861e-05,3.3371e-05,3.3340e-05,3.3391e-05,3.2854e-05,3.2880e-05,3.2346e-05,3.2511e-05,3.2516e-05,3.1995e-05,3.2627e-05,3.2654e-05,3.3042e-05,3.2853e-05,3.3059e-05,3.3010e-05,3.2336e-05,3.2647e-05,3.2832e-05,3.2946e-05,3.2848e-05
55.381,3.2187e-05,3.2083e-05,3.2330e-05,3.2757e-05,3.2532e-05,3.2815e-05,3.2659e-05,3.2626e-05,3.2562e-05,3.2727e-05,3.2391e-05,3.2489e-05,3.2077e-05,3.2309e-05,3.2599e-05,3.2524e-05,3.2881e-05,3.3317e-05,3.3290e-05,3.3334e-05,3.2876e-05,3.2898e-05,3.2442e-05,3.2583e-05,3.2588e-05,3.2143e-05,3.2682e-05,3.2704e-05,3.3035e-05,3.2874e-05,3.3050e-05,3.3008e-05,3.2434e-05,3.2698e-05,3.2856e-05,3.2953e-05,3.2870e-05
56.1535,3.2328e-05,3.2242e-05,3.2446e-05,3.2799e-05,3.2613e-05,3.2847e-05,3.2717e-05,3.2690e-05,3.2638e-05,3.2774e-05,3.2496e-05,3.2578e-05,3.2236e-05,3.2428e-05,3.2668e-05,3.2607e-05,3.2902e-05,3.3262e-05,3.3240e-05,3.3276e-05,3.2897e-05,3.2916e-05,3.2539e-05,3.2655e-05,3.2659e-05,3.2291e-05,3.2737e-05,3.2756e-05,3.3030e-05,3.2896e-05,3.3041e-05,3.3007e-05,3.2532e-05,3.2750e-05,3.2882e-05,3.2962e-05,3.2893e-05
56.9368,3.2468e-05,3.2400e-05,3.2562e-05,3.2841e-05,3.2694e-05,3.2879e-05,3.2776e-05,3.2756e-05,3.2714e-05,3.2822e-05,3.2602e-05,3.2666e-05,3.2397e-05,3.2548e-05,3.2738e-05,3.2689e-05,3.2922e-05,3.3207e-05,3.3190e-05,3.3218e-05,3.2919e-05,3.2934e-05,3.2636e-05,3.2728e-05,3.2731e-05,3.2440e-05,3.2792e-05,3.2807e-05,3.3023e-05,3.2918e-05,3.3033e-05,3.3006e-05,3.2630e-05,3.2802e-05,3.2906e-05,3.2969e-05,3.2915e-05
57.731,3.2609e-05,3.2559e-05,3.2677e-05,3.2883e-05,3.2774e-05,3.2911e-05,3.2836e-05,3.2820e-05,3.2789e-05,3.2869e-05,3.2707e-05,3.2755e-05,3.2556e-05,3.2667e-05,3.2807e-05,3.2771e-05,3.2943e-05,3.3152e-05,3.3139e-05,3.3161e-05,3.2940e-05,3.2951e-05,3.2732e-05,3.2800e-05,3.2801e-05,3.2588e-05,3.2847e-05,3.2858e-05,3.3017e-05,3.2939e-05,3.3024e-05,3.3005e-05,3.2728e-05,3.2855e-05,3.2931e-05,3.2978e-05,3.2938e-05
58.5363,3.2749e-05,3.2717e-05,3.2794e-05,3.2925e-05,3.2855e-05,3.2943e-05,3.2895e-05,3.2884e-05,3.2865e-05,3.2916e-05,3.2813e-05,3.2842e-05,3.2716e-05,3.2787e-05,3.2877e-05,3.2853e-05,3.2964e-05,3.3098e-05,3.3090e-05,3.3103e-05,3.2962e-05,3.2969e-05,3.2828e-05,3.2871e-05,3.2873e-05,3.2736e-05,3.2902e-05,3.2909e-05,3.3011e-05,3.2962e-05,3.3016e-05,3.3003e-05,3.2826e-05,3.2907e-05,3.2956e-05,3.2986e-05,3.2960e-05
59.3528,3.2890e-05,3.2876e-05,3.2910e-05,3.2967e-05,3.2937e-05,3.2975e-05,3.2953e-05,3.2950e-05,3.2940e-05,3.2963e-05,3.2918e-05,3.2931e-05,3.2875e-05,3.2907e-05,3.2946e-05,3.2936e-05,3.2984e-05,3.3043e-05,3.3039e-05,3.3046e-05,3.2983e-05,3.2987e-05,3.2925e-05,3.2944e-05,3.2944e-05,3.2884e-05,3.2957e-05,3.2960e-05,3.3005e-05,3.2983e-05,3.3007e-05,3.3001e-05,3.2924e-05,3.2959e-05,3.2980e-05,3.2993e-05,3.2982e-05
60.1807,3.3000e-05,3.3000e-05,3.3000e-05,3.3000e-05,3.3000e-05,3.3000e-05,3.3000e-05,3.3000e-05,3.3000e-05,3.3000e-05,3.3000e-05,3.3000e-05,3.3000e-05,3.3000e-05,3.3000e-05,3.3000e-05,3.3000e-05,3.3000e-05,3.3000e-05,3.3000e-05,3.3000e-05,3.3000e-05,3.3000e-05,3.3000e-05,3.3000e-05,3.3000e-05,3.3000e-05,3.3000e-05,3.3000e-05,3.3000e-05,3.3000e-05,3.3000e-05,3.3000e-05,3.3000e-05,3.3000e-05,3.3000e-05,3.3000e-05
61.0202,3.3000e-05,3.3000e-05,3.3000e-05,3.3000e-05,3.3000e-05,3.3000e-05,3.3000e-05,3.3000e-05,3.3000e-05,3.3000e-05,3.3000e-05,3.3000e-05,3.3000e-05,3.3000e-05,3.3000e-05,3.3000e-05,3.3000e-05,3.3000e-05,3.3000e-05,3.3000e-05,3.3000e-05,3.3000e-05,3.3000e-05,3.3000e-05,3.3000e-05,3.3000e-05,3.3000e-05,3.3000e-05,3.3000e-05,3.3000e-05,3.3000e-05,3.3000e-05,3.3000e-05,3.3000e-05,3.3000e-05,3.3000e-05,3.3000e-05
61.8714,3.3000e-05,3.3000e-05,3.3000e-05,3.3000e-05,3.3000e-05,3.3000e-05,3.3000e-05,3.3000e-05,3.3000e-05,3.3000e-05,3.3000e-05,3.3000e-05,3.3000e-05,3.3000e-05,3.3000e-05,3.3000e-05,3.3000e-05,3.3000e-05,3.3000e-05,3.3000e-05,3.3000e-05,3.3000e-05,3.3000e-05,3.3000e-05,3.3000e-05,3.3000e-05,3.3000e-05,3.3000e-05,3.3000e-05,3.3000e-05,3.3000e-05,3.3000e-05,3.3000e-05,3.3000e-05,3.3000e-05,3.3000e-05,3.3000e-05
62.7344,3.3000e-05,3.3000e-05,3.3000e-05,3.3000e-05,3.3000e-05,3.3000e-05,3.3000e-05,3.3000e-05,3.3000e-05,3.3000e-05,3.3000e-05,3.3000e-05,3.3000e-05,3.3000e-05,3.3000e-05,3.3000e-05,3.3000e-05,3.3000e-05,3.3000e-05,3.3000e-05,3.3000e-05,3.3000e-05,3.3000e-05,3.3000e-05,3.3000e-05,3.3000e-05,3.3000e-05,3.3000e-05,3.3000e-05,3.3000e-05,3.3000e-05,3.3000e-05,3.3000e-05,3.3000e-05,3.3000e-05,3.3000e-05,3.3000e-05
63.6095,3.3000e-05,3.3000e-05,3.3000e-05,3.3000e-05,3.3000e-05,3.3000e-05,3.3000e-05,3.3000e-05,3.3000e-05,3.3000e-05,3.3000e-05,3.3000e-05,3.3000e-05,3.3000e-05,3.3000e-05,3.3000e-05,3.3000e-05,3.3000e-05,3.3000e-05,3.3000e-05,3.3000e-05,3.3000e-05,3.3000e-05,3.3000e-05,3.3000e-05,3.3000e-05,3.3000e-05,3.3000e-05,3.3000e-05,3.3000e-05,3.3000e-05,3.3000e-05,3.3000e-05,3.3000e-05,3.3000e-05,3.3000e-05,3.3000e-05
64.4968,3.3000e-05,3.3000e-05,3.3000e-05,3.3000e-05,3.3000e-05,3.3000e-05,3.3000e-05,3.3000e-05,3.3000e-05,3.3000e-05,3.3000e-05,3.3000e-05,3.3000e-05,3.3000e-05,3.3000e-05,3.3000e-05,3.3000e-05,3.3000e-05,3.3000e-05,3.3000e-05,3.3000e-05,3.3000e-05,3.3000e-05,3.3000e-05,3.3000e-05,3.3000e-05,3.3000e-05,3.3000e-05,3.3000e-05,3.3000e-05,3.3000e-05,3.3000e-05,3.3000e-05,3.3000e-05,3.3000e-05,3.3000e-05,3.3000e-05
65.3965,3.3000e-05,3.3000e-05,3.3000e-05,3.3000e-05,3.3000e-05,3.3000e-05,3.3000e-05,3.3000e-05,3.3000e-05,3.3000e-05,3.3000e-05,3.3000e-05,3.3000e-05,3.3000e-05,3.3000e-05,3.3000e-05,3.3000e-05,3.3000e-05,3.3000e-05,3.3000e-05,3.3000e-05,3.3000e-05,3.3000e-05,3.3000e-05,3.3000e-05,3.3000e-05,3.3000e-05,3.3000e-05,3.3000e-05,3.3000e-05,3.3000e-05,3.3000e-05,3.3000e-05,3.3000e-05,3.3000e-05,3.3000e-05,3.3000e-05
66.3087,3.3000e-05,3.3000e-05,3.3000e-05,3.3000e-05,3.3000e-05,3.3000e-05,3.3000e-05,3.3000e-05,3.3000e-05,3.3000e-05,3.3000e-05,3.3000e-05,3.3000e-05,3.3000e-05,3.3000e-05,3.3000e-05,3.3000e-05,3.3000e-05,3.3000e-05,3.3000e-05,3.3000e-05,3.3000e-05,3.3000e-05,3.3000e-05,3.3000e-05,3.3000e-05,3.3000e-05,3.3000e-05,3.3000e-05,3.3000e-05,3.3000e-05,3.3000e-05,3.3000e-05,3.3000e-05,3.3000e-05,3.3000e-05,3.3000e-05
67.2336,3.3000e-05,3.3000e-05,3.3000e-05,3.3000e-05,3.3000e-05,3.3000e-05,3.3000e-05,3.3000e-05,3.3000e-05,3.3000e-05,3.3000e-05,3.3000e-05,3.3000e-05,3.3000e-05,3.3000e-05,3.3000e-05,3.3000e-05,3.3000e-05,3.3000e-05,3.3000e-05,3.3000e-05,3.3000e-05,3.3000e-05,3.3000e-05,3.3000e-05,3.3000e-05,3.3000e-05,3.3000e-05,3.3000e-05,3.3000e-05,3.3000e-05,3.3000e-05,3.3000e-05,3.3000e-05,3.3000e-05,3.3000e-05,3.3000e-05
68.1715,3.3000e-05,3.3000e-05,3.3000e-05,3.3000e-05,3.3000e-05,3.3000e-05,3.3000e-05,3.3000e-05,3.3000e-05,3.3000e-05,3.3000e-05,3.3000e-05,3.3000e-05,3.3000e-05,3.3000e-05,3.3000e-05,3.3000e-05,3.3000e-05,3.3000e-05,3.3000e-05,3.3000e-05,3.3000e-05,3.3000e-05,3.3000e-05,3.3000e-05,3.3000e-05,3.3000e-05,3.3000e-05,3.3000e-05,3.3000e-05,3.3000e-05,3.3000e-05,3.3000e-05,3.3000e-05,3.3000e-05,3.3000e-05,3.3000e-05
69.1224,3.3000e-05,3.3000e-05,3.3000e-05,3.3000e-05,3.3000e-05,3.3000e-05,3.3000e-05,3.3000e-05,3.3000e-05,3.3000e-05,3.3000e-05,3.3000e-05,3.3000e-05,3.3000e-05,3.3000e-05,3.3000e-05,3.3000e-05,3.3000e-05,3.3000e-05,3.3000e-05,3.3000e-05,3.3000e-05,3.3000e-05,3.3000e-05,3.3000e-05,3.3000e-05,3.3000e-05,3.3000e-05,3.3000e-05,3.3000e-05,3.3000e-05,3.3000e-05,3.3000e-05,3.3000e-05,3.3000e-05,3.3000e-05,3.3000e-05
70.0866,3.3000e-05,3.3000e-05,3.3000e-05,3.3000e-05,3.3000e-05,3.3000e-05,3.3000e-05,3.3000e-05,3.3000e-05,3.3000e-05,3.3000e-05,3.3000e-05,3.3000e-05,3.3000e-05,3.3000e-05,3.3000e-05,3.3000e-05,3.3000e-05,3.3000e-05,3.3000e-05,3.3000e-05,3.3000e-05,3.3000e-05,3.3000e-05,3.3000e-05,3.3000e-05,3.3000e-05,3.3000e-05,3.3000e-05,3.3000e-05,3.3000e-05,3.3000e-05,3.3000e-05,3.3000e-05,3.3000e-05,3.3000e-05,3.3000e-05
71.0642,3.3000e-05,3.3000e-05,3.3000e-05,3.3000e-05,3.3000e-05,3.3000e-05,3.3000e-05,3.3000e-05,3.3000e-05,3.3000e-05,3.3000e-05,3.3000e-05,3.3000e-05,3.3000e-05,3.3000e-05,3.3000e-05,3.3000e-05,3.3000e-05,3.3000e-05,3.3000e-05,3.3000e-05,3.3000e-05,3.3000e-05,3.3000e-05,3.3000e-05,3.3000e-05,3.3000e-05,3.3000e-05,3.3000e-05,3.3000e-05,3.3000e-05,3.3000e-05,3.3000e-05,3.3000e-05,3.3000e-05,3.3000e-05,3.3000e-05
72.0555,3.3000e-05,3.3000e-05,3.3000e-05,3.3000e-05,3.3000e-05,3.3000e-05,3.3000e-05,3.3000e-05,3.3000e-05,3.3000e-05,3.3000e-05,3.3000e-05,3.3000e-05,3.3000e-05,3.3000e-05,3.3000e-05,3.3000e-05,3.3000e-05,3.3000e-05,3.3000e-05,3.3000e-05,3.3000e-05,3.3000e-05,3.3000e-05,3.3000e-05,3.3000e-05,3.3000e-05,3.3000e-05,3.3000e-05,3.3000e-05,3.3000e-05,3.3000e-05,3.3000e-05,3.3000e-05,3.3000e-05,3.3000e-05,3.3000e-05
73.0606,3.3000e-05,3.3000e-05,3.3000e-05,3.3000e-05,3.3000e-05,3.3000e-05,3.3000e-05,3.3000e-05,3.3000e-05,3.3000e-05,3.3000e-05,3.3000e-05,3.3000e-05,3.3000e-05,3.3000e-05,3.3000e-05,3.3000e-05,3.3000e-05,3.3000e-05,3.3000e-05,3.3000e-05,3.3000e-05,3.3000e-05,3.3000e-05,3.3000e-05,3.3000e-05,3.3000e-05,3.3000e-05,3.3000e-05,3.3000e-05,3.3000e-05,3.3000e-05,3.3000e-05,3.3000e-05,3.3000e-05,3.3000e-05,3.3000e-05
74.0798,3.3000e-05,3.3000e-05,3.3000e-05,3.3000e-05,3.3000e-05,3.3000e-05,3.3000e-05,3.3000e-05,3.3000e-05,3.3000e-05,3.3000e-05,3.3000e-05,3.3000e-05,3.3000e-05,3.3000e-05,3.3000e-05,3.3000e-05,3.3000e-05,3.3000e-05,3.3000e-05,3.3000e-05,3.3000e-05,3.3000e-05,3.3000e-05,3.3000e-05,3.3000e-05,3.3000e-05,3.3000e-05,3.3000e-05,3.3000e-05,3.3000e-05,3.3000e-05,3.3000e-05,3.3000e-05,3.3000e-05,3.3000e-05,3.3000e-05
75.1131,3.3000e-05,3.3000e-05,3.3000e-05,3.3000e-05,3.3000e-05,3.3000e-05,3.3000e-05,3.3000e-05,3.3000e-05,3.3000e-05,3.3000e-05,3.3000e-05,3.3000e-05,3.3000e-05,3.3000e-05,3.3000e-05,3.3000e-05,3.3000e-05,3.3000e-05,3.3000e-05,3.3000e-05,3.3000e-05,3.3000e-05,3.3000e-05,3.3000e-05,3.3000e-05,3.3000e-05,3.3000e-05,3.3000e-05,3.3000e-05,3.3000e-05,3.3000e-05,3.3000e-05,3.3000e-05,3.3000e-05,3.3000e-05,3.3000e-05
76.1609,3.3000e-05,3.3000e-05,3.3000e-05,3.3000e-05,3.3000e-05,3.3000e-05,3.3000e-05,3.3000e-05,3.3000e-05,3.3000e-05,3.3000e-05,3.3000e-05,3.3000e-05,3.3000e-05,3.3000e-05,3.3000e-05,3.3000e-05,3.3000e-05,3.3000e-05,3.3000e-05,3.3000e-05,3.3000e-05,3.3000e-05,3.3000e-05,3.3000e-05,3.3000e-05,3.3000e-05,3.3000e-05,3.3000e-05,3.3000e-05,3.3000e-05,3.3000e-05,3.3000e-05,3.3000e-05,3.3000e-05,3.3000e-05,3.3000e-05
77.2232,3.3000e-05,3.3000e-05,3.3000e-05,3.3000e-05,3.3000e-05,3.3000e-05,3.3000e-05,3.3000e-05,3.3000e-05,3.3000e-05,3.3000e-05,3.3000e-05,3.3000e-05,3.3000e-05,3.3000e-05,3.3000e-05,3.3000e-05,3.3000e-05,3.3000e-05,3.3000e-05,3.3000e-05,3.3000e-05,3.3000e-05,3.3000e-05,3.3000e-05,3.3000e-05,3.3000e-05,3.3000e-05,3.3000e-05,3.3000e-05,3.3000e-05,3.3000e-05,3.3000e-05,3.3000e-05,3.3000e-05,3.3000e-05,3.3000e-05
78.3004,3.3000e-05,3.3000e-05,3.3000e-05,3.3000e-05,3.3000e-05,3.3000e-05,3.3000e-05,3.3000e-05,3.3000e-05,3.3000e-05,3.3000e-05,3.3000e-05,3.3000e-05,3.3000e-05,3.3000e-05,3.3000e-05,3.3000e-05,3.3000e-05,3.3000e-05,3.3000e-05,3.3000e-05,3.3000e-05,3.3000e-05,3.3000e-05,3.3000e-05,3.3000e-05,3.3000e-05,3.3000e-05,3.3000e-05,3.3000e-05,3.3000e-05,3.3000e-05,3.3000e-05,3.3000e-05,3.3000e-05,3.3000e-05,3.3000e-05
79.3926,3.3000e-05,3.3000e-05,3.3000e-05,3.3000e-05,3.3000e-05,3.3000e-05,3.3000e-05,3.3000e-05,3.3000e-05,3.3000e-05,3.3000e-05,3.3000e-05,3.3000e-05,3.3000e-05,3.3000e-05,3.3000e-05,3.3000e-05,3.3000e-05,3.3000e-05,3.3000e-05,3.3000e-05,3.3000e-05,3.3000e-05,3.3000e-05,3.3000e-05,3.3000e-05,3.3000e-05,3.3000e-05,3.3000e-05,3.3000e-05,3.3000e-05,3.3000e-05,3.3000e-05,3.3000e-05,3.3000e-05,3.3000e-05,3.3000e-05
80.5001,3.3000e-05,3.3000e-05,3.3000e-05,3.3000e-05,3.3000e-05,3.3000e-05,3.3000e-05,3.3000e-05,3.3000e-05,3.3000e-05,3.3000e-05,3.3000e-05,3.3000e-05,3.3000e-05,3.3000e-05,3.3000e-05,3.3000e-05,3.3000e-05,3.3000e-05,3.3000e-05,3.3000e-05,3.3000e-05,3.3000e-05,3.3000e-05,3.3000e-05,3.3000e-05,3.3000e-05,3.3000e-05,3.3000e-05,3.3000e-05,3.3000e-05,3.3000e-05,3.3000e-05,3.3000e-05,3.3000e-05,3.3000e-05,3.3000e-05
81.623,3.3000e-05,3.3000e-05,3.3000e-05,3.3000e-05,3.3000e-05,3.3000e-05,3.3000e-05,3.3000e-05,3.3000e-05,3.3000e-05,3.3000e-05,3.3000e-05,3.3000e-05,3.3000e-05,3.3000e-05,3.3000e-05,3.3000e-05,3.3000e-05,3.3000e-05,3.3000e-05,3.3000e-05,3.3000e-05,3.3000e-05,3.3000e-05,3.3000e-05,3.3000e-05,3.3000e-05,3.3000e-05,3.3000e-05,3.3000e-05,3.3000e-05,3.3000e-05,3.3000e-05,3.3000e-05,3.3000e-05,3.3000e-05,3.3000e-05
82.7616,3.3000e-05,3.3000e-05,3.3000e-05,3.3000e-05,3.3000e-05,3.3000e-05,3.3000e-05,3.3000e-05,3.3000e-05,3.3000e-05,3.3000e-05,3.3000e-05,3.3000e-05,3.3000e-05,3.3000e-05,3.3000e-05,3.3000e-05,3.3000e-05,3.3000e-05,3.3000e-05,3.3000e-05,3.3000e-05,3.3000e-05,3.3000e-05,3.3000e-05,3.3000e-05,3.3000e-05,3.3000e-05,3.3000e-05,3.3000e-05,3.3000e-05,3.3000e-05,3.3000e-05,3.3000e-05,3.3000e-05,3.3000e-05,3.3000e-05
83.916,3.3000e-05,3.3000e-05,3.3000e-05,3.3000e-05,3.3000e-05,3.3000e-05,3.3000e-05,3.3000e-05,3.3000e-05,3.3000e-05,3.3000e-05,3.3000e-05,3.3000e-05,3.3000e-05,3.3000e-05,3.3000e-05,3.3000e-05,3.3000e-05,3.3000e-05,3.3000e-05,3.3000e-05,3.3000e-05,3.3000e-05,3.3000e-05,3.3000e-05,3.3000e-05,3.3000e-05,3.3000e-05,3.3000e-05,3.3000e-05,3.3000e-05,3.3000e-05,3.3000e-05,3.3000e-05,3.3000e-05,3.3000e-05,3.3000e-05
85.0866,3.3000e-05,3.3000e-05,3.3000e-05,3.3000e-05,3.3000e-05,3.3000e-05,3.3000e-05,3.3000e-05,3.3000e-05,3.3000e-05,3.3000e-05,3.3000e-05,3.3000e-05,3.3000e-05,3.3000e-05,3.3000e-05,3.3000e-05,3.3000e-05,3.3000e-05,3.3000e-05,3.3000e-05,3.3000e-05,3.3000e-05,3.3000e-05,3.3000e-05,3.3000e-05,3.3000e-05,3.3000e-05,3.3000e-05,3.3000e-05,3.3000e-05,3.3000e-05,3.3000e-05,3.3000e-05,3.3000e-05,3.3000e-05,3.3000e-05
86.2734,3.3000e-05,3.3000e-05,3.3000e-05,3.3000e-05,3.3000e-05,3.3000e-05,3.3000e-05,3.3000e-05,3.3000e-05,3.3000e-05,3.3000e-05,3.3000e-05,3.3000e-05,3.3000e-05,3.3000e-05,3.3000e-05,3.3000e-05,3.3000e-05,3.3000e-05,3.3000e-05,3.3000e-05,3.3000e-05,3.3000e-05,3.3000e-05,3.3000e-05,3.3000e-05,3.3000e-05,3.3000e-05,3.3000e-05,3.3000e-05,3.3000e-05,3.3000e-05,3.3000e-05,3.3000e-05,3.3000e-05,3.3000e-05,3.3000e-05
87.4769,3.3000e-05,3.3000e-05,3.3000e-05,3.3000e-05,3.3000e-05,3.3000e-05,3.3000e-05,3.3000e-05,3.3000e-05,3.3000e-05,3.3000e-05,3.3000e-05,3.3000e-05,3.3000e-05,3.3000e-05,3.3000e-05,3.3000e-05,3.3000e-05,3.3000e-05,3.3000e-05,3.3000e-05,3.3000e-05,3.3000e-05,3.3000e-05,3.3000e-05,3.3000e-05,3.3000e-05,3.3000e-05,3.3000e-05,3.3000e-05,3.3000e-05,3.3000e-05,3.3000e-05,3.3000e-05,3.3000e-05,3.3000e-05,3.3000e-05
88.6971,3.3000e-05,3.3000e-05,3.3000e-05,3.3000e-05,3.3000e-05,3.3000e-05,3.3000e-05,3.3000e-05,3.3000e-05,3.3000e-05,3.3000e-05,3.3000e-05,3.3000e-05,3.3000e-05,3.3000e-05,3.3000e-05,3.3000e-05,3.3000e-05,3.3000e-05,3.3000e-05,3.3000e-05,3.3000e-05,3.3000e-05,3.3000e-05,3.3000e-05,3.3000e-05,3.3000e-05,3.3000e-05,3.3000e-05,3.3000e-05,3.3000e-05,3.3000e-05,3.3000e-05,3.3000e-05,3.3000e-05,3.3000e-05,3.3000e-05
89.9343,3.3000e-05,3.3000e-05,3.3000e-05,3.3000e-05,3.3000e-05,3.3000e-05,3.3000e-05,3.3000e-05,3.3000e-05,3.3000e-05,3.3000e-05,3.3000e-05,3.3000e-05,3.3000e-05,3.3000e-05,3.3000e-05,3.3000e-05,3.3000e-05,3.3000e-05,3.3000e-05,3.3000e-05,3.3000e-05,3.3000e-05,3.3000e-05,3.3000e-05,3.3000e-05,3.3000e-05,3.3000e-05,3.3000e-05,3.3000e-05,3.3000e-05,3.3000e-05,3.3000e-05,3.3000e-05,3.3000e-05,3.3000e-05,3.3000e-05
91.1888,3.3000e-05,3.3000e-05,3.3000e-05,3.3000e-05,3.3000e-05,3.3000e-05,3.3000e-05,3.3000e-05,3.3000e-05,3.3000e-05,3.3000e-05,3.3000e-05,3.3000e-05,3.3000e-05,3.3000e-05,3.3000e-05,3.3000e-05,3.3000e-05,3.3000e-05,3.3000e-05,3.3000e-05,3.3000e-05,3.3000e-05,3.3000e-05,3.3000e-05,3.3000e-05,3.3000e-05,3.3000e-05,3.3000e-05,3.3000e-05,3.3000e-05,3.3000e-05,3.3000e-05,3.3000e-05,3.3000e-05,3.3000e-05,3.3000e-05
92.4608,3.3000e-05,3.3000e-05,3.3000e-05,3.3000e-05,3.3000e-05,3.3000e-05,3.3000e-05,3.3000e-05,3.3000e-05,3.3000e-05,3.3000e-05,3.3000e-05,3.3000e-05,3.3000e-05,3.3000e-05,3.3000e-05,3.3000e-05,3.3000e-05,3.3000e-05,3.3000e-05,3.3000e-05,3.3000e-05,3.3000e-05,3.3000e-05,3.3000e-05,3.3000e-05,3.3000e-05,3.3000e-05,3.3000e-05,3.3000e-05,3.3000e-05,3.3000e-05,3.3000e-05,3.3000e-05,3.3000e-05,3.3000e-05,3.3000e-05
93.7506,3.3000e-05,3.3000e-05,3.3000e-05,3.3000e-05,3.3000e-05,3.3000e-05,3.3000e-05,3.3000e-05,3.3000e-05,3.3000e-05,3.3000e-05,3.3000e-05,3.3000e-05,3.3000e-05,3.3000e-05,3.3000e-05,3.3000e-05,3.3000e-05,3.3000e-05,3.3000e-05,3.3000e-05,3.3000e-05,3.3000e-05,3.3000e-05,3.3000e-05,3.3000e-05,3.3000e-05,3.3000e-05,3.3000e-05,3.3000e-05,3.3000e-05,3.3000e-05,3.3000e-05,3.3000e-05,3.3000e-05,3.3000e-05,3.3000e-05
95.0583,3.3000e-05,3.3000e-05,3.3000e-05,3.3000e-05,3.3000e-05,3.3000e-05,3.3000e-05,3.3000e-05,3.3000e-05,3.3000e-05,3.3000e-05,3.3000e-05,3.3000e-05,3.3000e-05,3.3000e-05,3.3000e-05,3.3000e-05,3.3000e-05,3.3000e-05,3.3000e-05,3.3000e-05,3.3000e-05,3.3000e-05,3.3000e-05,3.3000e-05,3.3000e-05,3.3000e-05,3.3000e-05,3.3000e-05,3.3000e-05,3.3000e-05,3.3000e-05,3.3000e-05,3.3000e-05,3.3000e-05,3.3000e-05,3.3000e-05
96.3843,3.3000e-05,3.3000e-05,3.3000e-05,3.3000e-05,3.3000e-05,3.3000e-05,3.3000e-05,3.3000e-05,3.3000e-05,3.3000e-05,3.3000e-05,3.3000e-05,3.3000e-05,3.3000e-05,3.3000e-05,3.3000e-05,3.3000e-05,3.3000e-05,3.3000e-05,3.3000e-05,3.3000e-05,3.3000e-05,3.3000e-05,3.3000e-05,3.3000e-05,3.3000e-05,3.3000e-05,3.3000e-05,3.3000e-05,3.3000e-05,3.3000e-05,3.3000e-05,3.3000e-05,3.3000e-05,3.3000e-05,3.3000e-05,3.3000e-05
97.7288,3.3000e-05,3.3000e-05,3.3000e-05,3.3000e-05,3.3000e-05,3.3000e-05,3.3000e-05,3.3000e-05,3.3000e-05,3.3000e-05,3.3000e-05,3.3000e-05,3.3000e-05,3.3000e-05,3.3000e-05,3.3000e-05,3.3000e-05,3.3000e-05,3.3000e-05,3.3000e-05,3.3000e-05,3.3000e-05,3.3000e-05,3.3000e-05,3.3000e-05,3.3000e-05,3.3000e-05,3.3000e-05,3.3000e-05,3.3000e-05,3.3000e-05,3.3000e-05,3.3000e-05,3.3000e-05,3.3000e-05,3.3000e-05,3.3000e-05
99.092,3.3000e-05,3.3000e-05,3.3000e-05,3.3000e-05,3.3000e-05,3.3000e-05,3.3000e-05,3.3000e-05,3.3000e-05,3.3000e-05,3.3000e-05,3.3000e-05,3.3000e-05,3.3000e-05,3.3000e-05,3.3000e-05,3.3000e-05,3.3000e-05,3.3000e-05,3.3000e-05,3.3000e-05,3.3000e-05,3.3000e-05,3.3000e-05,3.3000e-05,3.3000e-05,3.3000e-05,3.3000e-05,3.3000e-05,3.3000e-05,3.3000e-05,3.3000e-05,3.3000e-05,3.3000e-05,3.3000e-05,3.3000e-05,3.3000e-05
100.474,3.3000e-05,3.3000e-05,3.3000e-05,3.3000e-05,3.3000e-05,3.3000e-05,3.3000e-05,3.3000e-05,3.3000e-05,3.3000e-05,3.3000e-05,3.3000e-05,3.3000e-05,3.3000e-05,3.3000e-05,3.3000e-05,3.3000e-05,3.3000e-05,3.3000e-05,3.3000e-05,3.3000e-05,3.3000e-05,3.3000e-05,3.3000e-05,3.3000e-05,3.3000e-05,3.3000e-05,3.3000e-05,3.3000e-05,3.3000e-05,3.3000e-05,3.3000e-05,3.3000e-05,3.3000e-05,3.3000e-05,3.3000e-05,3.3000e-05
101.876,3.3000e-05,3.3000e-05,3.3000e-05,3.3000e-05,3.3000e-05,3.3000e-05,3.3000e-05,3.3000e-05,3.3000e-05,3.3000e-05,3.3000e-05,3.3000e-05,3.3000e-05,3.3000e-05,3.3000e-05,3.3000e-05,3.3000e-05,3.3000e-05,3.3000e-05,3.3000e-05,3.3000e-05,3.3000e-05,3.3000e-05,3.3000e-05,3.3000e-05,3.3000e-05,3.3000e-05,3.3000e-05,3.3000e-05,3.3000e-05,3.3000e-05,3.3000e-05,3.3000e-05,3.3000e-05,3.3000e-05,3.3000e-05,3.3000e-05
103.297,3.3000e-05,3.3000e-05,3.3000e-05,3.3000e-05,3.3000e-05,3.3000e-05,3.3000e-05,3.3000e-05,3.3000e-05,3.3000e-05,3.3000e-05,3.3000e-05,3.3000e-05,3.3000e-05,3.3000e-05,3.3000e-05,3.3000e-05,3.3000e-05,3.3000e-05,3.3000e-05,3.3000e-05,3.3000e-05,3.3000e-05,3.3000e-05,3.3000e-05,3.3000e-05,3.3000e-05,3.3000e-05,3.3000e-05,3.3000e-05,3.3000e-05,3.3000e-05,3.3000e-05,3.3000e-05,3.3000e-05,3.3000e-05,3.3000e-05
104.738,3.3000e-05,3.3000e-05,3.3000e-05,3.3000e-05,3.3000e-05,3.3000e-05,3.3000e-05,3.3000e-05,3.3000e-05,3.3000e-05,3.3000e-05,3.3000e-05,3.3000e-05,3.3000e-05,3.3000e-05,3.3000e-05,3.3000e-05,3.3000e-05,3.3000e-05,3.3000e-05,3.3000e-05,3.3000e-05,3.3000e-05,3.3000e-05,3.3000e-05,3.3000e-05,3.3000e-05,3.3000e-05,3.3000e-05,3.3000e-05,3.3000e-05,3.3000e-05,3.3000e-05,3.3000e-05,3.3000e-05,3.3000e-05,3.3000e-05
106.199,3.3000e-05,3.3000e-05,3.3000e-05,3.3000e-05,3.3000e-05,3.3000e-05,3.3000e-05,3.3000e-05,3.3000e-05,3.3000e-05,3.3000e-05,3.3000e-05,3.3000e-05,3.3000e-05,3.3000e-05,3.3000e-05,3.3000e-05,3.3000e-05,3.3000e-05,3.3000e-05,3.3000e-05,3.3000e-05,3.3000e-05,3.3000e-05,3.3000e-05,3.3000e-05,3.3000e-05,3.3000e-05,3.3000e-05,3.3000e-05,3.3000e-05,3.3000e-05,3.3000e-05,3.3000e-05,3.3000e-05,3.3000e-05,3.3000e-05
107.68,3.3000e-05,3.3000e-05,3.3000e-05,3.3000e-05,3.3000e-05,3.3000e-05,3.3000e-05,3.3000e-05,3.3000e-05,3.3000e-05,3.3000e-05,3.3000e-05,3.3000e-05,3.3000e-05,3.3000e-05,3.3000e-05,3.3000e-05,3.3000e-05,3.3000e-05,3.3000e-05,3.3000e-05,3.3000e-05,3.3000e-05,3.3000e-05,3.3000e-05,3.3000e-05,3.3000e-05,3.3000e-05,3.3000e-05,3.3000e-05,3.3000e-05,3.3000e-05,3.3000e-05,3.3000e-05,3.3000e-05,3.3000e-05,3.3000e-05
109.182,3.3000e-05,3.3000e-05,3.3000e-05,3.3000e-05,3.3000e-05,3.3000e-05,3.3000e-05,3.3000e-05,3.3000e-05,3.3000e-05,3.3000e-05,3.3000e-05,3.3000e-05,3.3000e-05,3.3000e-05,3.3000e-05,3.3000e-05,3.3000e-05,3.3000e-05,3.3000e-05,3.3000e-05,3.3000e-05,3.3000e-05,3.3000e-05,3.3000e-05,3.3000e-05,3.3000e-05,3.3000e-05,3.3000e-05,3.3000e-05,3.3000e-05,3.3000e-05,3.3000e-05,3.3000e-05,3.3000e-05,3.3000e-05,3.3000e-05
110.705,3.3000e-05,3.3000e-05,3.3000e-05,3.3000e-05,3.3000e-05,3.3000e-05,3.3000e-05,3.3000e-05,3.3000e-05,3.3000e-05,3.3000e-05,3.3000e-05,3.3000e-05,3.3000e-05,3.3000e-05,3.3000e-05,3.3000e-05,3.3000e-05,3.3000e-05,3.3000e-05,3.3000e-05,3.3000e-05,3.3000e-05,3.3000e-05,3.3000e-05,3.3000e-05,3.3000e-05,3.3000e-05,3.3000e-05,3.3000e-05,3.3000e-05,3.3000e-05,3.3000e-05,3.3000e-05,3.3000e-05,3.3000e-05,3.3000e-05
112.249,3.3000e-05,3.3000e-05,3.3000e-05,3.3000e-05,3.3000e-05,3.3000e-05,3.3000e-05,3.3000e-05,3.3000e-05,3.3000e-05,3.3000e-05,3.3000e-05,3.3000e-05,3.3000e-05,3.3000e-05,3.3000e-05,3.3000e-05,3.3000e-05,3.3000e-05,3.3000e-05,3.3000e-05,3.3000e-05,3.3000e-05,3.3000e-05,3.3000e-05,3.3000e-05,3.3000e-05,3.3000e-05,3.3000e-05,3.3000e-05,3.3000e-05,3.3000e-05,3.3000e-05,3.3000e-05,3.3000e-05,3.3000e-05,3.3000e-05
113.815,3.3000e-05,3.3000e-05,3.3000e-05,3.3000e-05,3.3000e-05,3.3000e-05,3.3000e-05,3.3000e-05,3.3000e-05,3.3000e-05,3.3000e-05,3.3000e-05,3.3000e-05,3.3000e-05,3.3000e-05,3.3000e-05,3.3000e-05,3.3000e-05,3.3000e-05,3.3000e-05,3.3000e-05,3.3000e-05,3.3000e-05,3.3000e-05,3.3000e-05,3.3000e-05,3.3000e-05,3.3000e-05,3.3000e-05,3.3000e-05,3.3000e-05,3.3000e-05,3.3000e-05,3.3000e-05,3.3000e-05,3.3000e-05,3.3000e-05
115.403,3.3000e-05,3.3000e-05,3.3000e-05,3.3000e-05,3.3000e-05,3.3000e-05,3.3000e-05,3.3000e-05,3.3000e-05,3.3000e-05,3.3000e-05,3.3000e-05,3.3000e-05,3.3000e-05,3.3000e-05,3.3000e-05,3.3000e-05,3.3000e-05,3.3000e-05,3.3000e-05,3.3000e-05,3.3000e-05,3.3000e-05,3.3000e-05,3.3000e-05,3.3000e-05,3.3000e-05,3.3000e-05,3.3000e-05,3.3000e-05,3.3000e-05,3.3000e-05,3.3000e-05,3.3000e-05,3.3000e-05,3.3000e-05,3.3000e-05
117.013,3.3000e-05,3.3000e-05,3.3000e-05,3.3000e-05,3.3000e-05,3.3000e-05,3.3000e-05,3.3000e-05,3.3000e-05,3.3000e-05,3.3000e-05,3.3000e-05,3.3000e-05,3.3000e-05,3.3000e-05,3.3000e-05,3.3000e-05,3.3000e-05,3.3000e-05,3.3000e-05,3.3000e-05,3.3000e-05,3.3000e-05,3.3000e-05,3.3000e-05,3.3000e-05,3.3000e-05,3.3000e-05,3.3000e-05,3.3000e-05,3.3000e-05,3.3000e-05,3.3000e-05,3.3000e-05,3.3000e-05,3.3000e-05,3.3000e-05
118.645,3.3000e-05,3.3000e-05,3.3000e-05,3.3000e-05,3.3000e-05,3.3000e-05,3.3000e-05,3.3000e-05,3.3000e-05,3.3000e-05,3.3000e-05,3.3000e-05,3.3000e-05,3.3000e-05,3.3000e-05,3.3000e-05,3.3000e-05,3.3000e-05,3.3000e-05,3.3000e-05,3.3000e-05,3.3000e-05,3.3000e-05,3.3000e-05,3.3000e-05,3.3000e-05,3.3000e-05,3.3000e-05,3.3000e-05,3.3000e-05,3.3000e-05,3.3000e-05,3.3000e-05,3.3000e-05,3.3000e-05,3.3000e-05,3.3000e-05
120.3,3.3000e-05,3.3000e-05,3.3000e-05,3.3000e-05,3.3000e-05,3.3000e-05,3.3000e-05,3.3000e-05,3.3000e-05,3.3000e-05,3.3000e-05,3.3000e-05,3.3000e-05,3.3000e-05,3.3000e-05,3.3000e-05,3.3000e-05,3.3000e-05,3.3000e-05,3.3000e-05,3.3000e-05,3.3000e-05,3.3000e-05,3.3000e-05,3.3000e-05,3.3000e-05,3.3000e-05,3.3000e-05,3.3000e-05,3.3000e-05,3.3000e-05,3.3000e-05,3.3000e-05,3.3000e-05,3.3000e-05,3.3000e-05,3.3000e-05
121.978,3.3000e-05,3.3000e-05,3.3000e-05,3.3000e-05,3.3000e-05,3.3000e-05,3.3000e-05,3.3000e-05,3.3000e-05,3.3000e-05,3.3000e-05,3.3000e-05,3.3000e-05,3.3000e-05,3.3000e-05,3.3000e-05,3.3000e-05,3.3000e-05,3.3000e-05,3.3000e-05,3.3000e-05,3.3000e-05,3.3000e-05,3.3000e-05,3.3000e-05,3.3000e-05,3.3000e-05,3.3000e-05,3.3000e-05,3.3000e-05,3.3000e-05,3.3000e-05,3.3000e-05,3.3000e-05,3.3000e-05,3.3000e-05,3.3000e-05
123.679,3.3000e-05,3.3000e-05,3.3000e-05,3.3000e-05,3.3000e-05,3.3000e-05,3.3000e-05,3.3000e-05,3.3000e-05,3.3000e-05,3.3000e-05,3.3000e-05,3.3000e-05,3.3000e-05,3.3000e-05,3.3000e-05,3.3000e-05,3.3000e-05,3.3000e-05,3.3000e-05,3.3000e-05,3.3000e-05,3.3000e-05,3.3000e-05,3.3000e-05,3.3000e-05,3.3000e-05,3.3000e-05,3.3000e-05,3.3000e-05,3.3000e-05,3.3000e-05,3.3000e-05,3.3000e-05,3.3000e-05,3.3000e-05,3.3000e-05
125.404,3.3000e-05,3.3000e-05,3.3000e-05,3.3000e-05,3.3000e-05,3.3000e-05,3.3000e-05,3.3000e-05,3.3000e-05,3.3000e-05,3.3000e-05,3.3000e-05,3.3000e-05,3.3000e-05,3.3000e-05,3.3000e-05,3.3000e-05,3.3000e-05,3.3000e-05,3.3000e-05,3.3000e-05,3.3000e-05,3.3000e-05,3.3000e-05,3.3000e-05,3.3000e-05,3.3000e-05,3.3000e-05,3.3000e-05,3.3000e-05,3.3000e-05,3.3000e-05,3.3000e-05,3.3000e-05,3.3000e-05,3.3000e-05,3.3000e-05
127.154,3.3000e-05,3.3000e-05,3.3000e-05,3.3000e-05,3.3000e-05,3.3000e-05,3.3000e-05,3.3000e-05,3.3000e-05,3.3000e-05,3.3000e-05,3.3000e-05,3.3000e-05,3.3000e-05,3.3000e-05,3.3000e-05,3.3000e-05,3.3000e-05,3.3000e-05,3.3000e-05,3.3000e-05,3.3000e-05,3.3000e-05,3.3000e-05,3.3000e-05,3.3000e-05,3.3000e-05,3.3000e-05,3.3000e-05,3.3000e-05,3.3000e-05,3.3000e-05,3.3000e-05,3.3000e-05,3.3000e-05,3.3000e-05,3.3000e-05
128.927,3.3000e-05,3.3000e-05,3.3000e-05,3.3000e-05,3.3000e-05,3.3000e-05,3.3000e-05,3.3000e-05,3.3000e-05,3.3000e-05,3.3000e-05,3.3000e-05,3.3000e-05,3.3000e-05,3.3000e-05,3.3000e-05,3.3000e-05,3.3000e-05,3.3000e-05,3.3000e-05,3.3000e-05,3.3000e-05,3.3000e-05,3.3000e-05,3.3000e-05,3.3000e-05,3.3000e-05,3.3000e-05,3.3000e-05,3.3000e-05,3.3000e-05,3.3000e-05,3.3000e-05,3.3000e-05,3.3000e-05,3.3000e-05,3.3000e-05
130.726,3.3000e-05,3.3000e-05,3.3000e-05,3.3000e-05,3.3000e-05,3.3000e-05,3.3000e-05,3.3000e-05,3.3000e-05,3.3000e-05,3.3000e-05,3.3000e-05,3.3000e-05,3.3000e-05,3.3000e-05,3.3000e-05,3.3000e-05,3.3000e-05,3.3000e-05,3.3000e-05,3.3000e-05,3.3000e-05,3.3000e-05,3.3000e-05,3.3000e-05,3.3000e-05,3.3000e-05,3.3000e-05,3.3000e-05,3.3000e-05,3.3000e-05,3.3000e-05,3.3000e-05,3.3000e-05,3.3000e-05,3.3000e-05,3.3000e-05
132.549,3.3000e-05,3.3000e-05,3.3000e-05,3.3000e-05,3.3000e-05,3.3000e-05,3.3000e-05,3.3000e-05,3.3000e-05,3.3000e-05,3.3000e-05,3.3000e-05,3.3000e-05,3.3000e-05,3.3000e-05,3.3000e-05,3.3000e-05,3.3000e-05,3.3000e-05,3.3000e-05,3.3000e-05,3.3000e-05,3.3000e-05,3.3000e-05,3.3000e-05,3.3000e-05,3.3000e-05,3.3000e-05,3.3000e-05,3.3000e-05,3.3000e-05,3.3000e-05,3.3000e-05,3.3000e-05,3.3000e-05,3.3000e-05,3.3000e-05
134.398,3.3000e-05,3.3000e-05,3.3000e-05,3.3000e-05,3.3000e-05,3.3000e-05,3.3000e-05,3.3000e-05,3.3000e-05,3.3000e-05,3.3000e-05,3.3000e-05,3.3000e-05,3.3000e-05,3.3000e-05,3.3000e-05,3.3000e-05,3.3000e-05,3.3000e-05,3.3000e-05,3.3000e-05,3.3000e-05,3.3000e-05,3.3000e-05,3.3000e-05,3.3000e-05,3.3000e-05,3.3000e-05,3.3000e-05,3.3000e-05,3.3000e-05,3.3000e-05,3.3000e-05,3.3000e-05,3.3000e-05,3.3000e-05,3.3000e-05
136.273,3.3000e-05,3.3000e-05,3.3000e-05,3.3000e-05,3.3000e-05,3.3000e-05,3.3000e-05,3.3000e-05,3.3000e-05,3.3000e-05,3.3000e-05,3.3000e-05,3.3000e-05,3.3000e-05,3.3000e-05,3.3000e-05,3.3000e-05,3.3000e-05,3.3000e-05,3.3000e-05,3.3000e-05,3.3000e-05,3.3000e-05,3.3000e-05,3.3000e-05,3.3000e-05,3.3000e-05,3.3000e-05,3.3000e-05,3.3000e-05,3.3000e-05,3.3000e-05,3.3000e-05,3.3000e-05,3.3000e-05,3.3000e-05,3.3000e-05
138.174,3.3000e-05,3.3000e-05,3.3000e-05,3.3000e-05,3.3000e-05,3.3000e-05,3.3000e-05,3.3000e-05,3.3000e-05,3.3000e-05,3.3000e-05,3.3000e-05,3.3000e-05,3.3000e-05,3.3000e-05,3.3000e-05,3.3000e-05,3.3000e-05,3.3000e-05,3.3000e-05,3.3000e-05,3.3000e-05,3.3000e-05,3.3000e-05,3.3000e-05,3.3000e-05,3.3000e-05,3.3000e-05,3.3000e-05,3.3000e-05,3.3000e-05,3.3000e-05,3.3000e-05,3.3000e-05,3.3000e-05,3.3000e-05,3.3000e-05
140.101,3.3000e-05,3.3000e-05,3.3000e-05,3.3000e-05,3.3000e-05,3.3000e-05,3.3000e-05,3.3000e-05,3.3000e-05,3.3000e-05,3.3000e-05,3.3000e-05,3.3000e-05,3.3000e-05,3.3000e-05,3.3000e-05,3.3000e-05,3.3000e-05,3.3000e-05,3.3000e-05,3.3000e-05,3.3000e-05,3.3000e-05,3.3000e-05,3.3000e-05,3.3000e-05,3.3000e-05,3.3000e-05,3.3000e-05,3.3000e-05,3.3000e-05,3.3000e-05,3.3000e-05,3.3000e-05,3.3000e-05,3.3000e-05,3.3000e-05
142.056,3.3000e-05,3.3000e-05,3.3000e-05,3.3000e-05,3.3000e-05,3.3000e-05,3.3000e-05,3.3000e-05,3.3000e-05,3.3000e-05,3.3000e-05,3.3000e-05,3.3000e-05,3.3000e-05,3.3000e-05,3.3000e-05,3.3000e-05,3.3000e-05,3.3000e-05,3.3000e-05,3.3000e-05,3.3000e-05,3.3000e-05,3.3000e-05,3.3000e-05,3.3000e-05,3.3000e-05,3.3000e-05,3.3000e-05,3.3000e-05,3.3000e-05,3.3000e-05,3.3000e-05,3.3000e-05,3.3000e-05,3.3000e-05,3.3000e-05
144.037,3.3000e-05,3.3000e-05,3.3000e-05,3.3000e-05,3.3000e-05,3.3000e-05,3.3000e-05,3.3000e-05,3.3000e-05,3.3000e-05,3.3000e-05,3.3000e-05,3.3000e-05,3.3000e-05,3.3000e-05,3.3000e-05,3.3000e-05,3.3000e-05,3.3000e-05,3.3000e-05,3.3000e-05,3.3000e-05,3.3000e-05,3.3000e-05,3.3000e-05,3.3000e-05,3.3000e-05,3.3000e-05,3.3000e-05,3.3000e-05,3.3000e-05,3.3000e-05,3.3000e-05,3.3000e-05,3.3000e-05,3.3000e-05,3.3000e-05
146.046,3.3000e-05,3.3000e-05,3.3000e-05,3.3000e-05,3.3000e-05,3.3000e-05,3.3000e-05,3.3000e-05,3.3000e-05,3.3000e-05,3.3000e-05,3.3000e-05,3.3000e-05,3.3000e-05,3.3000e-05,3.3000e-05,3.3000e-05,3.3000e-05,3.3000e-05,3.3000e-05,3.3000e-05,3.3000e-05,3.3000e-05,3.3000e-05,3.3000e-05,3.3000e-05,3.3000e-05,3.3000e-05,3.3000e-05,3.3000e-05,3.3000e-05,3.3000e-05,3.3000e-05,3.3000e-05,3.3000e-05,3.3000e-05,3.3000e-05
148.084,3.3000e-05,3.3000e-05,3.3000e-05,3.3000e-05,3.3000e-05,3.3000e-05,3.3000e-05,3.3000e-05,3.3000e-05,3.3000e-05,3.3000e-05,3.3000e-05,3.3000e-05,3.3000e-05,3.3000e-05,3.3000e-05,3.3000e-05,3.3000e-05,3.3000e-05,3.3000e-05,3.3000e-05,3.3000e-05,3.3000e-05,3.3000e-05,3.3000e-05,3.3000e-05,3.3000e-05,3.3000e-05,3.3000e-05,3.3000e-05,3.3000e-05,3.3000e-05,3.3000e-05,3.3000e-05,3.3000e-05,3.3000e-05,3.3000e-05
150.149,3.3000e-05,3.3000e-05,3.3000e-05,3.3000e-05,3.3000e-05,3.3000e-05,3.3000e-05,3.3000e-05,3.3000e-05,3.3000e-05,3.3000e-05,3.3000e-05,3.3000e-05,3.3000e-05,3.3000e-05,3.3000e-05,3.3000e-05,3.3000e-05,3.3000e-05,3.3000e-05,3.3000e-05,3.3000e-05,3.3000e-05,3.3000e-05,3.3000e-05,3.3000e-05,3.3000e-05,3.3000e-05,3.3000e-05,3.3000e-05,3.3000e-05,3.3000e-05,3.3000e-05,3.3000e-05,3.3000e-05,3.3000e-05,3.3000e-05
152.244,3.3000e-05,3.3000e-05,3.3000e-05,3.3000e-05,3.3000e-05,3.3000e-05,3.3000e-05,3.3000e-05,3.3000e-05,3.3000e-05,3.3000e-05,3.3000e-05,3.3000e-05,3.3000e-05,3.3000e-05,3.3000e-05,3.3000e-05,3.3000e-05,3.3000e-05,3.3000e-05,3.3000e-05,3.3000e-05,3.3000e-05,3.3000e-05,3.3000e-05,3.3000e-05,3.3000e-05,3.3000e-05,3.3000e-05,3.3000e-05,3.3000e-05,3.3000e-05,3.3000e-05,3.3000e-05,3.3000e-05,3.3000e-05,3.3000e-05
154.367,3.3000e-05,3.3000e-05,3.3000e-05,3.3000e-05,3.3000e-05,3.3000e-05,3.3000e-05,3.3000e-05,3.3000e-05,3.3000e-05,3.3000e-05,3.3000e-05,3.3000e-05,3.3000e-05,3.3000e-05,3.3000e-05,3.3000e-05,3.3000e-05,3.3000e-05,3.3000e-05,3.3000e-05,3.3000e-05,3.3000e-05,3.3000e-05,3.3000e-05,3.3000e-05,3.3000e-05,3.3000e-05,3.3000e-05,3.3000e-05,3.3000e-05,3.3000e-05,3.3000e-05,3.3000e-05,3.3000e-05,3.3000e-05,3.3000e-05
156.521,3.3000e-05,3.3000e-05,3.3000e-05,3.3000e-05,3.3000e-05,3.3000e-05,3.3000e-05,3.3000e-05,3.3000e-05,3.3000e-05,3.3000e-05,3.3000e-05,3.3000e-05,3.3000e-05,3.3000e-05,3.3000e-05,3.3000e-05,3.3000e-05,3.3000e-05,3.3000e-05,3.3000e-05,3.3000e-05,3.3000e-05,3.3000e-05,3.3000e-05,3.3000e-05,3.3000e-05,3.3000e-05,3.3000e-05,3.3000e-05,3.3000e-05,3.3000e-05,3.3000e-05,3.3000e-05,3.3000e-05,3.3000e-05,3.3000e-05
158.704,3.3000e-05,3.3000e-05,3.3000e-05,3.3000e-05,3.3000e-05,3.3000e-05,3.3000e-05,3.3000e-05,3.3000e-05,3.3000e-05,3.3000e-05,3.3000e-05,3.3000e-05,3.3000e-05,3.3000e-05,3.3000e-05,3.3000e-05,3.3000e-05,3.3000e-05,3.3000e-05,3.3000e-05,3.3000e-05,3.3000e-05,3.3000e-05,3.3000e-05,3.3000e-05,3.3000e-05,3.3000e-05,3.3000e-05,3.3000e-05,3.3000e-05,3.3000e-05,3.3000e-05,3.3000e-05,3.3000e-05,3.3000e-05,3.3000e-05
160.918,3.3000e-05,3.3000e-05,3.3000e-05,3.3000e-05,3.3000e-05,3.3000e-05,3.3000e-05,3.3000e-05,3.3000e-05,3.3000e-05,3.3000e-05,3.3000e-05,3.3000e-05,3.3000e-05,3.3000e-05,3.3000e-05,3.3000e-05,3.3000e-05,3.3000e-05,3.3000e-05,3.3000e-05,3.3000e-05,3.3000e-05,3.3000e-05,3.3000e-05,3.3000e-05,3.3000e-05,3.3000e-05,3.3000e-05,3.3000e-05,3.3000e-05,3.3000e-05,3.3000e-05,3.3000e-05,3.3000e-05,3.3000e-05,3.3000e-05
163.162,3.3000e-05,3.3000e-05,3.3000e-05,3.3000e-05,3.3000e-05,3.3000e-05,3.3000e-05,3.3000e-05,3.3000e-05,3.3000e-05,3.3000e-05,3.3000e-05,3.3000e-05,3.3000e-05,3.3000e-05,3.3000e-05,3.3000e-05,3.3000e-05,3.3000e-05,3.3000e-05,3.3000e-05,3.3000e-05,3.3000e-05,3.3000e-05,3.3000e-05,3.3000e-05,3.3000e-05,3.3000e-05,3.3000e-05,3.3000e-05,3.3000e-05,3.3000e-05,3.3000e-05,3.3000e-05,3.3000e-05,3.3000e-05,3.3000e-05
165.438,3.3000e-05,3.3000e-05,3.3000e-05,3.3000e-05,3.3000e-05,3.3000e-05,3.3000e-05,3.3000e-05,3.3000e-05,3.3000e-05,3.3000e-05,3.3000e-05,3.3000e-05,3.3000e-05,3.3000e-05,3.3000e-05,3.3000e-05,3.3000e-05,3.3000e-05,3.3000e-05,3.3000e-05,3.3000e-05,3.3000e-05,3.3000e-05,3.3000e-05,3.3000e-05,3.3000e-05,3.3000e-05,3.3000e-05,3.3000e-05,3.3000e-05,3.3000e-05,3.3000e-05,3.3000e-05,3.3000e-05,3.3000e-05,3.3000e-05
167.746,3.3000e-05,3.3000e-05,3.3000e-05,3.3000e-05,3.3000e-05,3.3000e-05,3.3000e-05,3.3000e-05,3.3000e-05,3.3000e-05,3.3000e-05,3.3000e-05,3.3000e-05,3.3000e-05,3.3000e-05,3.3000e-05,3.3000e-05,3.3000e-05,3.3000e-05,3.3000e-05,3.3000e-05,3.3000e-05,3.3000e-05,3.3000e-05,3.3000e-05,3.3000e-05,3.3000e-05,3.3000e-05,3.3000e-05,3.3000e-05,3.3000e-05,3.3000e-05,3.3000e-05,3.3000e-05,3.3000e-05,3.3000e-05,3.3000e-05
170.086,3.3000e-05,3.3000e-05,3.3000e-05,3.3000e-05,3.3000e-05,3.3000e-05,3.3000e-05,3.3000e-05,3.3000e-05,3.3000e-05,3.3000e-05,3.3000e-05,3.3000e-05,3.3000e-05,3.3000e-05,3.3000e-05,3.3000e-05,3.3000e-05,3.3000e-05,3.3000e-05,3.3000e-05,3.3000e-05,3.3000e-05,3.3000e-05,3.3000e-05,3.3000e-05,3.3000e-05,3.3000e-05,3.3000e-05,3.3000e-05,3.3000e-05,3.3000e-05,3.3000e-05,3.3000e-05,3.3000e-05,3.3000e-05,3.3000e-05
172.458,3.3000e-05,3.3000e-05,3.3000e-05,3.3000e-05,3.3000e-05,3.3000e-05,3.3000e-05,3.3000e-05,3.3000e-05,3.3000e-05,3.3000e-05,3.3000e-05,3.3000e-05,3.3000e-05,3.3000e-05,3.3000e-05,3.3000e-05,3.3000e-05,3.3000e-05,3.3000e-05,3.3000e-05,3.3000e-05,3.3000e-05,3.3000e-05,3.3000e-05,3.3000e-05,3.3000e-05,3.3000e-05,3.3000e-05,3.3000e-05,3.3000e-05,3.3000e-05,3.3000e-05,3.3000e-05,3.3000e-05,3.3000e-05,3.3000e-05
174.864,3.3000e-05,3.3000e-05,3.3000e-05,3.3000e-05,3.3000e-05,3.3000e-05,3.3000e-05,3.3000e-05,3.3000e-05,3.3000e-05,3.3000e-05,3.3000e-05,3.3000e-05,3.3000e-05,3.3000e-05,3.3000e-05,3.3000e-05,3.3000e-05,3.3000e-05,3.3000e-05,3.3000e-05,3.3000e-05,3.3000e-05,3.3000e-05,3.3000e-05,3.3000e-05,3.3000e-05,3.3000e-05,3.3000e-05,3.3000e-05,3.3000e-05,3.3000e-05,3.3000e-05,3.3000e-05,3.3000e-05,3.3000e-05,3.3000e-05
177.303,3.3000e-05,3.3000e-05,3.3000e-05,3.3000e-05,3.3000e-05,3.3000e-05,3.3000e-05,3.3000e-05,3.3000e-05,3.3000e-05,3.3000e-05,3.3000e-05,3.3000e-05,3.3000e-05,3.3000e-05,3.3000e-05,3.3000e-05,3.3000e-05,3.3000e-05,3.3000e-05,3.3000e-05,3.3000e-05,3.3000e-05,3.3000e-05,3.3000e-05,3.3000e-05,3.3000e-05,3.3000e-05,3.3000e-05,3.3000e-05,3.3000e-05,3.3000e-05,3.3000e-05,3.3000e-05,3.3000e-05,3.3000e-05,3.3000e-05
179.776,3.3000e-05,3.3000e-05,3.3000e-05,3.3000e-05,3.3000e-05,3.3000e-05,3.3000e-05,3.3000e-05,3.3000e-05,3.3000e-05,3.3000e-05,3.3000e-05,3.3000e-05,3.3000e-05,3.3000e-05,3.3000e-05,3.3000e-05,3.3000e-05,3.3000e-05,3.3000e-05,3.3000e-05,3.3000e-05,3.3000e-05,3.3000e-05,3.3000e-05,3.3000e-05,3.3000e-05,3.3000e-05,3.3000e-05,3.3000e-05,3.3000e-05,3.3000e-05,3.3000e-05,3.3000e-05,3.3000e-05,3.3000e-05,3.3000e-05
182.284,3.3000e-05,3.3000e-05,3.3000e-05,3.3000e-05,3.3000e-05,3.3000e-05,3.3000e-05,3.3000e-05,3.3000e-05,3.3000e-05,3.3000e-05,3.3000e-05,3.3000e-05,3.3000e-05,3.3000e-05,3.3000e-05,3.3000e-05,3.3000e-05,3.3000e-05,3.3000e-05,3.3000e-05,3.3000e-05,3.3000e-05,3.3000e-05,3.3000e-05,3.3000e-05,3.3000e-05,3.3000e-05,3.3000e-05,3.3000e-05,3.3000e-05,3.3000e-05,3.3000e-05,3.3000e-05,3.3000e-05,3.3000e-05,3.3000e-05
184.827,3.3000e-05,3.3000e-05,3.3000e-05,3.3000e-05,3.3000e-05,3.3000e-05,3.3000e-05,3.3000e-05,3.3000e-05,3.3000e-05,3.3000e-05,3.3000e-05,3.3000e-05,3.3000e-05,3.3000e-05,3.3000e-05,3.3000e-05,3.3000e-05,3.3000e-05,3.3000e-05,3.3000e-05,3.3000e-05,3.3000e-05,3.3000e-05,3.3000e-05,3.3000e-05,3.3000e-05,3.3000e-05,3.3000e-05,3.3000e-05,3.3000e-05,3.3000e-05,3.3000e-05,3.3000e-05,3.3000e-05,3.3000e-05,3.3000e-05
187.405,3.3000e-05,3.3000e-05,3.3000e-05,3.3000e-05,3.3000e-05,3.3000e-05,3.3000e-05,3.3000e-05,3.3000e-05,3.3000e-05,3.3000e-05,3.3000e-05,3.3000e-05,3.3000e-05,3.3000e-05,3.3000e-05,3.3000e-05,3.3000e-05,3.3000e-05,3.3000e-05,3.3000e-05,3.3000e-05,3.3000e-05,3.3000e-05,3.3000e-05,3.3000e-05,3.3000e-05,3.3000e-05,3.3000e-05,3.3000e-05,3.3000e-05,3.3000e-05,3.3000e-05,3.3000e-05,3.3000e-05,3.3000e-05,3.3000e-05
190.019,3.3000e-05,3.3000e-05,3.3000e-05,3.3000e-05,3.3000e-05,3.3000e-05,3.3000e-05,3.3000e-05,3.3000e-05,3.3000e-05,3.3000e-05,3.3000e-05,3.3000e-05,3.3000e-05,3.3000e-05,3.3000e-05,3.3000e-05,3.3000e-05,3.3000e-05,3.3000e-05,3.3000e-05,3.3000e-05,3.3000e-05,3.3000e-05,3.3000e-05,3.3000e-05,3.3000e-05,3.3000e-05,3.3000e-05,3.3000e-05,3.3000e-05,3.3000e-05,3.3000e-05,3.3000e-05,3.3000e-05,3.3000e-05,3.3000e-05
192.67,3.3000e-05,3.3000e-05,3.3000e-05,3.3000e-05,3.3000e-05,3.3000e-05,3.3000e-05,3.3000e-05,3.3000e-05,3.3000e-05,3.3000e-05,3.3000e-05,3.3000e-05,3.3000e-05,3.3000e-05,3.3000e-05,3.3000e-05,3.3000e-05,3.3000e-05,3.3000e-05,3.3000e-05,3.3000e-05,3.3000e-05,3.3000e-05,3.3000e-05,3.3000e-05,3.3000e-05,3.3000e-05,3.3000e-05,3.3000e-05,3.3000e-05,3.3000e-05,3.3000e-05,3.3000e-05,3.3000e-05,3.3000e-05,3.3000e-05
195.357,3.3000e-05,3.3000e-05,3.3000e-05,3.3000e-05,3.3000e-05,3.3000e-05,3.3000e-05,3.3000e-05,3.3000e-05,3.3000e-05,3.3000e-05,3.3000e-05,3.3000e-05,3.3000e-05,3.3000e-05,3.3000e-05,3.3000e-05,3.3000e-05,3.3000e-05,3.3000e-05,3.3000e-05,3.3000e-05,3.3000e-05,3.3000e-05,3.3000e-05,3.3000e-05,3.3000e-05,3.3000e-05,3.3000e-05,3.3000e-05,3.3000e-05,3.3000e-05,3.3000e-05,3.3000e-05,3.3000e-05,3.3000e-05,3.3000e-05
198.082,3.3000e-05,3.3000e-05,3.3000e-05,3.3000e-05,3.3000e-05,3.3000e-05,3.3000e-05,3.3000e-05,3.3000e-05,3.3000e-05,3.3000e-05,3.3000e-05,3.3000e-05,3.3000e-05,3.3000e-05,3.3000e-05,3.3000e-05,3.3000e-05,3.3000e-05,3.3000e-05,3.3000e-05,3.3000e-05,3.3000e-05,3.3000e-05,3.3000e-05,3.3000e-05,3.3000e-05,3.3000e-05,3.3000e-05,3.3000e-05,3.3000e-05,3.3000e-05,3.3000e-05,3.3000e-05,3.3000e-05,3.3000e-05,3.3000e-05
